baselineId,file,patternId,riskTier,originalText,normalizedTextHash,baselineLocator,baselineContextHash,sourceFileHash,scannerConfigHash,line,column
claim-f9bd33184ba45ab6e106,content/alternatives/clue-alternative-no-cloud.mdx,ftc,HIGH,It has no FTC enforcement history and no documented enforcement for direct data-selling violations.,401e0326887ad1cf209008db2c90f01bcc4413056f42167b9b402ddb01d290a4,body:root.children[1].sentence[1],ba7f4afd80a912da2852aa1cb84faa4bd16f812f3df581716c99f8d4277d288d,59f88e35d9458ed00584298eebed715f28f770e8945962dae4f1b15d0b7ab94a,e8cd847fd14f4d9854ae328352ad1f93f72e83217586df8bc295879bc055c99c,4,68
claim-c79eefcaede867395729,content/alternatives/clue-alternative-no-cloud.mdx,named-case,HIGH,This is especially relevant given [post-Dobbs prosecutions](/resources/guides/reproductive-data-prosecutions-after-dobbs/) that have sought similar data.,5c1dbb0fc0656baf26ca00009bb8f7f84a3799cac320931433e7e37d080f5701,body:root.children[10].sentence[2],9df847f9f1fd42ba40c12087dcd31f0c69f0e00c4ca3b0d90ff9e5c41458500a,59f88e35d9458ed00584298eebed715f28f770e8945962dae4f1b15d0b7ab94a,e8cd847fd14f4d9854ae328352ad1f93f72e83217586df8bc295879bc055c99c,22,403
claim-b0be7af30316bb415cc6,content/alternatives/clue-alternative-no-cloud.mdx,dollar,HIGH,"In May 2022, Vice/Motherboard reporters purchased data from data broker Narrative for approximately $100 that identified Android devices with Clue installed.",9f4ec20f6479e17e93c4e30b281948edfbdbb40aacb83c99a25fb69d16ded11c,body:root.children[5].sentence[0],9dce7b4912a59cc9a4a01ca81d6925fb4f20f2076886019ae59af39299ea332e,59f88e35d9458ed00584298eebed715f28f770e8945962dae4f1b15d0b7ab94a,e8cd847fd14f4d9854ae328352ad1f93f72e83217586df8bc295879bc055c99c,12,101
claim-7ad219527bd75bed315e,content/alternatives/clue-alternative-no-cloud.mdx,ftc,HIGH,"Unlike Flo, which obtained dual ISO 27001 and ISO 27701 certifications after its FTC settlement, Clue has no documented independent third-party privacy certification.",89ca93bfea339887c7269c996fe40b232020987d33ad6032c580b2ad8fc1b174,body:root.children[7].sentence[3],e70db9f6394f0c777689b52af17e76f75beff2a3849513f78ff19acbf45889f6,59f88e35d9458ed00584298eebed715f28f770e8945962dae4f1b15d0b7ab94a,e8cd847fd14f4d9854ae328352ad1f93f72e83217586df8bc295879bc055c99c,16,404
claim-50f8da59673a09c99d20,content/alternatives/cycles-app-alternative.mdx,named-case,HIGH,"In a [post-Dobbs environment](/resources/guides/reproductive-data-prosecutions-after-dobbs/), reproductive health data stored on company servers is legally accessible through subpoena.",09c4e0acfc56b7afafb7364cfbdb3ea3a9244682a5cddd2432596958ebea3427,body:root.children[9].sentence[0],b3d3cf777d36856aefdd650c0cba6dc0167d4f12602c72f669249a4bd59c6a4c,7d5b12ca1debfbb41ea36885c2bb1df6aecc3257ac2064e5fb268e827703b73e,e8cd847fd14f4d9854ae328352ad1f93f72e83217586df8bc295879bc055c99c,23,12
claim-98fdd68a70e22955ab95,content/alternatives/eve-app-alternative.mdx,dollar,HIGH,"If Glow's $250,000 settlement, 25-million-user data exposure, and Mozilla's assessment of its privacy claims concern you, those concerns apply equally to Eve.",54d0909ab8b61010ed72293f40c1b2d083901722a16b281b8858bb2d1047a68c,body:root.children[18].sentence[2],be44a8f165b044358704b034dfb3e33b373e7791494d6828b19747ea3fcd89dd,80907e3cd74c9b7d5635974a142b0142f4882192bf705966e09aeef9a0681ccc,e8cd847fd14f4d9854ae328352ad1f93f72e83217586df8bc295879bc055c99c,42,97
claim-a1a9435b1e62d8d891c1,content/alternatives/eve-app-alternative.mdx,dollar,HIGH,"In September 2020, Glow settled with the California Attorney General for $250,000.",7425a8db9fb53704fde5392d3d06763d168f86712ea350a1741e7370e005b510,body:root.children[2].sentence[0],895ca3426c25f2f6a1011a00afd1f4cc7293487daa6e83e525986a99deb5d789,80907e3cd74c9b7d5635974a142b0142f4882192bf705966e09aeef9a0681ccc,e8cd847fd14f4d9854ae328352ad1f93f72e83217586df8bc295879bc055c99c,6,74
claim-0a2727244b827b3a17eb,content/alternatives/femometer-app-alternative.mdx,named-case,HIGH,"US state health data privacy laws, including those passed specifically to protect reproductive health information after Dobbs, do not apply to data stored on servers in China.",b985b860a9efb6cdcf403675326898ca9ebb2dc115c407780a82fa765961beb7,body:root.children[2].sentence[2],214038b7cce34a7e10cc42dbdc0fe8ab7ff7c5493da9b3e243262d5a6b6fa8d2,908d6f1518e3fa99409a2880811519237746a3969141a2658a5a3cfc9e224c67,e8cd847fd14f4d9854ae328352ad1f93f72e83217586df8bc295879bc055c99c,6,309
claim-9e4693b595ecd50ae5d5,content/alternatives/femometer-app-alternative.mdx,named-case,HIGH,"In a [post-Dobbs environment](/resources/guides/reproductive-data-prosecutions-after-dobbs/), reproductive health data has become legally sensitive in multiple US states.",c47bcb766a24b3639c75facf525e30443245ad3b235738c518d0a240428c298f,body:root.children[9].sentence[1],afa8709ba033c05c7cfb2560e17f541452aeac780e46ddd1fd86df7eb3cdec83,908d6f1518e3fa99409a2880811519237746a3969141a2658a5a3cfc9e224c67,e8cd847fd14f4d9854ae328352ad1f93f72e83217586df8bc295879bc055c99c,20,93
claim-e2a9e9f63184a3f7da45,content/alternatives/flo-app-alternative.mdx,ftc,HIGH,The FTC took enforcement action against Flo Health in January 2021.,ef7abe09c2d1a24523b60ac94711045a753ac52befbd8020aad07a406df07ab3,body:root.children[1].sentence[0],25109c383e5fecf017b819aa056cc5b8b10d90f57b05f69a2910640c7f6ce4d5,832e5d97125cc64bc34af49727380f9025d9ab240117164189884c0e3b45057e,e8cd847fd14f4d9854ae328352ad1f93f72e83217586df8bc295879bc055c99c,4,5
claim-4b00f92b05ac0136a3e8,content/alternatives/flo-app-alternative.mdx,dollar,HIGH,"In September 2025, a combined [$59.5M class action settlement](/resources/guides/flo-period-tracker-lawsuit-settlement/) resolved claims by millions of Flo users.",83227372c76e00669a439aac3f811a9b765d4f3332d38310af33c88ed6dab356,body:root.children[2].sentence[0],b5c63c6b173573b063c0049cbf812ed87beb738292ddd7a17266b12bbcc1f1e2,832e5d97125cc64bc34af49727380f9025d9ab240117164189884c0e3b45057e,e8cd847fd14f4d9854ae328352ad1f93f72e83217586df8bc295879bc055c99c,6,32
claim-e9fe8c1bfe781e34b460,content/alternatives/flo-app-alternative.mdx,ftc,HIGH,"It is a documented, FTC-sanctioned, jury-confirmed pattern of sharing intimate health data with advertising infrastructure.",7ba37ae7193c1b25e0459ef013231baf78306cf6f08d0d6e1dc37e762d855c6a,body:root.children[3].sentence[1],a2e3a22dbf80d303b9923d9c7006cbf10ff29da223c026120181d467d7d9035d,832e5d97125cc64bc34af49727380f9025d9ab240117164189884c0e3b45057e,e8cd847fd14f4d9854ae328352ad1f93f72e83217586df8bc295879bc055c99c,8,51
claim-14bc0554bc3ff1c800b8,content/alternatives/flo-app-alternative.mdx,ftc,HIGH,"Flo's Anonymous Mode, launched after the FTC enforcement action, puts privacy behind a paywall.",e78e0d2b5a2116ea20636243baabfae27392a86c9dc111c53f166af4d982fd9c,body:root.children[5].sentence[0],01adc004c8e83feb645f5b8a0deb03383f246cf4c815eb14c935c0c3c2b7ddb3,832e5d97125cc64bc34af49727380f9025d9ab240117164189884c0e3b45057e,e8cd847fd14f4d9854ae328352ad1f93f72e83217586df8bc295879bc055c99c,12,42
claim-1429bbf77781bab639d5,content/alternatives/flo-app-alternative.mdx,named-case,HIGH,That is a real risk in [post-Dobbs](/resources/guides/reproductive-data-prosecutions-after-dobbs/) states.,f8fefb59934deaca9d54beeef0734652681b69fc6ea79f0292dc2f899e50081b,body:root.children[5].sentence[4],01adc004c8e83feb645f5b8a0deb03383f246cf4c815eb14c935c0c3c2b7ddb3,832e5d97125cc64bc34af49727380f9025d9ab240117164189884c0e3b45057e,e8cd847fd14f4d9854ae328352ad1f93f72e83217586df8bc295879bc055c99c,12,323
claim-570fec0dd20efe1a690d,content/alternatives/glow-app-alternative.mdx,since-date,HIGH,Glow is a period and fertility tracker that has been available since 2013.,0cf87127cdcabb4fee41c231895e8ef5492edeaeecdb5f2e1f4dc2f08975f11a,body:root.children[1].sentence[0],9a6d1285eb20b0adb979a6e056c0d7b4422e37f225bf4ff026708fdc83647bae,14c50fffabf42d939dfe4b5561adb0a254697d7d0104c963199fda8b3bb6596c,e8cd847fd14f4d9854ae328352ad1f93f72e83217586df8bc295879bc055c99c,4,64
claim-0ff0742f4f7bc75d8742,content/alternatives/glow-app-alternative.mdx,dollar,HIGH,"In September 2020, Glow settled with the California Attorney General for $250,000.",7425a8db9fb53704fde5392d3d06763d168f86712ea350a1741e7370e005b510,body:root.children[4].sentence[1],ed4d8126405161eecca002e96800d8413d542e6a97789e48390d8feb0b7a9f03,14c50fffabf42d939dfe4b5561adb0a254697d7d0104c963199fda8b3bb6596c,e8cd847fd14f4d9854ae328352ad1f93f72e83217586df8bc295879bc055c99c,10,126
claim-9626f166bcf457cede08,content/alternatives/how-to-switch-from-glow.mdx,ftc,HIGH,No FTC enforcement action has been confirmed against Glow.,370a6cfd72d5b5146ef001a121606c150d9afacea40f55f1f7ab789cc6301cbd,body:root.children[2].sentence[0],0c49521e6fd0ccf13b132dc04fea4fa2fa0ff0fe4047c2dc78f136bcb13571e7,dcdefbdc31429fe5b63a97dfaedd61c11e5bbdf274090836914e61eb0ef889c1,e8cd847fd14f4d9854ae328352ad1f93f72e83217586df8bc295879bc055c99c,6,4
claim-65bb5a23a451f09972c9,content/alternatives/how-to-switch-from-glow.mdx,dollar,HIGH,"For users who have been watching what happened with Flo's $59.5M settlement and are reconsidering every period app that stores data in the cloud, Glow is an obvious next question.",024b38df6457c58f48b1c7090bdf82d74a999ef0927e93154340ec0de49e9c32,body:root.children[3].sentence[0],2056429f34c4a7acc9f0ada76acca3e004acffca19bb46b7be3606a5783de784,dcdefbdc31429fe5b63a97dfaedd61c11e5bbdf274090836914e61eb0ef889c1,e8cd847fd14f4d9854ae328352ad1f93f72e83217586df8bc295879bc055c99c,8,59
claim-650f932f5bab1fe2a824,content/alternatives/how-to-switch-from-ovia.mdx,ftc,HIGH,No FTC enforcement action has been confirmed against Ovia or Labcorp related to this data.,91a22792e61d013e92932d49e9752c9bf2f1ccecc42278428253e95e5aea4f4b,body:root.children[4].sentence[0],299c22cd64c6bf36e38088fb1e42c95aa50542c8e224c359f51e2817937a1ad9,5e2837339114adad9244cdfd4b8e43f7258bca2323c30549cfb0f866a10f627d,e8cd847fd14f4d9854ae328352ad1f93f72e83217586df8bc295879bc055c99c,10,4
claim-72db04f878a0500a08c9,content/alternatives/how-to-switch-from-period-calendar.mdx,ftc,HIGH,No FTC enforcement action has been confirmed against either developer.,8deb62a39b0accee8d40248aae4953c15b41b2f25c6af34b80e4844cc663e250,body:root.children[3].sentence[0],f06ccb01bdca056c4b3a45f92ebfd44dec187443027f90e1d7cfbba1367ab81f,99b7d1be8e1ce076d65ebbc2877c60d7e4599f0454cc17e6fe543068f50b44b2,e8cd847fd14f4d9854ae328352ad1f93f72e83217586df8bc295879bc055c99c,8,4
claim-827a64505487d35fa233,content/alternatives/how-to-switch-from-period-calendar.mdx,ftc,HIGH,"If you have been using either of these apps and are reconsidering after following the Flo settlement or the Premom FTC action, this guide covers the exit cleanly.",1361075a5bf372ed977bd07a684f8fe154c8ca5181a494058e05417801c56c71,body:root.children[4].sentence[0],598d19a3be195f6888424ec3b3b45981bc85c120ffbd1d4942bdec2095456585,99b7d1be8e1ce076d65ebbc2877c60d7e4599f0454cc17e6fe543068f50b44b2,e8cd847fd14f4d9854ae328352ad1f93f72e83217586df8bc295879bc055c99c,10,116
claim-c5a1c640f745e5ee103b,content/alternatives/how-to-switch-from-premom.mdx,ftc,HIGH,"In May 2023, the FTC took enforcement action against Easy Healthcare Corporation, the company behind Premom.",f60dbcc4e436e192f3ec95e68b994805a4c4668f99e1ac214b3c3046d3837a4b,body:root.children[1].sentence[0],9a9137f60e135ef6a6f5111f4da0ad42265bec347d38f5ea12e93765545d216f,be0ce238a825251f396cbc708d9bb5c3732fda208b14e00bf0944106f9f49c27,e8cd847fd14f4d9854ae328352ad1f93f72e83217586df8bc295879bc055c99c,4,18
claim-d54b0648db2aa51a26e1,content/alternatives/how-to-switch-from-premom.mdx,ftc,HIGH,"The FTC's complaint documented that Easy Healthcare shared users' precise geolocation and reproductive health data with third-party analytics firms, including AppsFlyer and Google Analytics, and with firms based in China, without disclosing this to users or obtaining meaningful consent.",6af8413c2c910420f38437966f2e275f6954c4d6a2c4c81fd14fd852868f90c7,body:root.children[1].sentence[1],9a9137f60e135ef6a6f5111f4da0ad42265bec347d38f5ea12e93765545d216f,be0ce238a825251f396cbc708d9bb5c3732fda208b14e00bf0944106f9f49c27,e8cd847fd14f4d9854ae328352ad1f93f72e83217586df8bc295879bc055c99c,4,114
claim-cda8649490b39f6687da,content/alternatives/how-to-switch-from-premom.mdx,ftc,HIGH,"Email privacy@premom.com with the subject ""FTC Data Deletion Request.",dfb3d89252b700f40678d1c6999139a498eaf82ca2dd8bcdbc3cb6aae6024e4e,body:root.children[12].sentence[0],16d2e1bf52649bcf5500a90b653792036569354430ddb534a80611aee8f47df4,be0ce238a825251f396cbc708d9bb5c3732fda208b14e00bf0944106f9f49c27,e8cd847fd14f4d9854ae328352ad1f93f72e83217586df8bc295879bc055c99c,26,44
claim-221f7433d0906f8c22f8,content/alternatives/how-to-switch-from-premom.mdx,ftc,HIGH,"To the extent possible under the FTC settlement order, deletion of any data already shared with third parties",d491e8609b7aff45ef7a40951ad2cd15ddb278e8b0c74555fced3a243f665198,body:root.children[14].children[2].children[0].sentence[0],d5bcba2cdcdd5d05c308e71491a70ac96ea417e4c7fffee6810f76c3d80275fb,be0ce238a825251f396cbc708d9bb5c3732fda208b14e00bf0944106f9f49c27,e8cd847fd14f4d9854ae328352ad1f93f72e83217586df8bc295879bc055c99c,31,36
claim-281a19609fa30a5753ec,content/alternatives/how-to-switch-from-premom.mdx,ftc,HIGH,The reason to be specific here is the FTC settlement context: the data sharing that was documented included data sent to third parties.,5e79083706b10b8b334b8df1c6a7c6f84ef47b8a537f48bd0eecc0da90dd692c,body:root.children[16].sentence[0],8a7a01b2691c1393efe8310b9875f395c58ad3d6c6e197c20f0ee686e2381b5d,be0ce238a825251f396cbc708d9bb5c3732fda208b14e00bf0944106f9f49c27,e8cd847fd14f4d9854ae328352ad1f93f72e83217586df8bc295879bc055c99c,35,39
claim-310c67b2051fe2cd2acb,content/alternatives/how-to-switch-from-premom.mdx,ftc,HIGH,"It was documented FTC enforcement: a complaint, a settlement order, and a prohibition on certain data sharing going forward.",a927b20241d2420f6d1d0ff2a90f707aa5a301d2edb941ccc09601c23f63c317,body:root.children[2].sentence[1],18b81efa6bcf0a8ed53d3eadab6885e35ff456604b5940a3bec12e90ccbdfc97,be0ce238a825251f396cbc708d9bb5c3732fda208b14e00bf0944106f9f49c27,e8cd847fd14f4d9854ae328352ad1f93f72e83217586df8bc295879bc055c99c,6,73
claim-feb6d55f8b3ab386ce54,content/alternatives/how-to-switch-from-premom.mdx,ftc,HIGH,You can read the case details on the [FTC's Premom enforcement page](/resources/guides/premom-data-sharing-ftc).,5e2cf2e63a094b0f272fd664bb914bfd0a7e3929d5eeec529d0cb2ba2fb53476,body:root.children[2].sentence[2],18b81efa6bcf0a8ed53d3eadab6885e35ff456604b5940a3bec12e90ccbdfc97,be0ce238a825251f396cbc708d9bb5c3732fda208b14e00bf0944106f9f49c27,e8cd847fd14f4d9854ae328352ad1f93f72e83217586df8bc295879bc055c99c,6,218
claim-41f4f24c3ba863deaf06,content/alternatives/how-to-switch-from-stardust.mdx,named-case,HIGH,Stardust launched in 2022 with an explicit appeal to users worried about period data privacy after the Dobbs decision.,59aee466d5dcf039e24a64435bd610fe7deb75bd08dca7a8c37f64c12cf40534,body:root.children[1].sentence[0],98833b6d60d1d5a90155aafb0c231a6329fb5f0d210baf170861f27e4b2cd352,e1739d571e0a7dbed2823c112a90f199a21f7fa8c24325f84e16f41ed20c316f,e8cd847fd14f4d9854ae328352ad1f93f72e83217586df8bc295879bc055c99c,4,104
claim-327be890bdd54bcac716,content/alternatives/kindara-app-alternative.mdx,named-case,HIGH,"In a [post-Dobbs environment](/resources/guides/reproductive-data-prosecutions-after-dobbs/), this creates additional risk.",a6c3e8dd597e71142696cc78e4137a29fe97a5fd6b945252e5d9403a522863a9,body:root.children[9].sentence[1],9c1cefebe4362963f5ceff1f1d780246f6b2372a3eec812e32327bb911c076dc,d6f897b0b45b0b07a24aaaa7ac6736c139a0d2c3287bd19c1a56c54d6d399499,e8cd847fd14f4d9854ae328352ad1f93f72e83217586df8bc295879bc055c99c,20,132
claim-6f76d2fb8a59f1117e9e,content/alternatives/magicgirl-app-alternative.mdx,named-case,HIGH,"A [post-Dobbs environment](/resources/guides/reproductive-data-prosecutions-after-dobbs/) makes cloud-stored cycle data from any user, especially a minor, a potential liability.",3cd763fcdb2713ee44ffe20532f1cd0a372d65fc3482a57b1c72e31d86786bdf,body:root.children[13].sentence[1],e590f35d0446902ac9216fd227107656b39b15573d203e0ed01f7974695c0577,66fb6cc1bdcbd28ca5b341f481c4bde2d6f1cc01097542714f1b671c57bbc916,e8cd847fd14f4d9854ae328352ad1f93f72e83217586df8bc295879bc055c99c,32,99
claim-96c9a2d851a672398ba0,content/alternatives/natural-cycles-alternative-privacy.mdx,dollar,HIGH,Natural Cycles costs $12.99/mo with server-side storage and a mandatory subscription.,ceb6de70faf5f73c3a2cff2abe080aed1a5502d5a0f17f8db559294b0751b0cc,body:root.children[17].sentence[1],c58237c76e6dcc69348deca8699a7abe61d5838bc3a927a4e6579eadb94308b3,6197ab6226017b1449809550e75f7b3cd9901f2982a549271cd73c075d3ae70c,e8cd847fd14f4d9854ae328352ad1f93f72e83217586df8bc295879bc055c99c,36,112
claim-dd3dc4412cdffded7376,content/alternatives/natural-cycles-alternative-privacy.mdx,dollar,HIGH,The complaint argues these data flows occurred despite the app charging $12.99/month (up to $16.99 for some plans) and marketing itself as privacy-protective.,97401796eafc661289afd5fa1c5e33fdcbdf3824874f335b4db77d5be6bd67ef,body:root.children[5].sentence[4].occurrence[0],642c308b71c3aa2f4264691eb66effbae420e2a9058896915f2d99edb8d2a7a3,6197ab6226017b1449809550e75f7b3cd9901f2982a549271cd73c075d3ae70c,e8cd847fd14f4d9854ae328352ad1f93f72e83217586df8bc295879bc055c99c,12,401
claim-4dde0062259a401d7dab,content/alternatives/natural-cycles-alternative-privacy.mdx,dollar,HIGH,The complaint argues these data flows occurred despite the app charging $12.99/month (up to $16.99 for some plans) and marketing itself as privacy-protective.,97401796eafc661289afd5fa1c5e33fdcbdf3824874f335b4db77d5be6bd67ef,body:root.children[5].sentence[4].occurrence[1],642c308b71c3aa2f4264691eb66effbae420e2a9058896915f2d99edb8d2a7a3,6197ab6226017b1449809550e75f7b3cd9901f2982a549271cd73c075d3ae70c,e8cd847fd14f4d9854ae328352ad1f93f72e83217586df8bc295879bc055c99c,12,421
claim-ea5ab2311e1cba9297f3,content/alternatives/natural-cycles-alternative-privacy.mdx,as-of-date,HIGH,The litigation is ongoing as of April 2026.,68306492dbcea4d82c94cbef5521aae8df04952d5dd435c7fe35921406236c26,body:root.children[7].sentence[3],316fe257a603b76b4fff77d2571dd9739f6d3bd522f68d3a73714dcc15aa0781,6197ab6226017b1449809550e75f7b3cd9901f2982a549271cd73c075d3ae70c,e8cd847fd14f4d9854ae328352ad1f93f72e83217586df8bc295879bc055c99c,16,425
claim-b9363345c9b75a67b93e,content/alternatives/natural-cycles-alternative-privacy.mdx,dollar,HIGH,"At $12.99/mo (as of original publication; check current rates at naturalcycles.com), Natural Cycles is the most expensive mainstream period tracker.",0a8cd1d68c1b5aaa619b41bfa255074ed146763f39e9d4e176586da337ad7576,body:root.children[9].sentence[0],85320a417cd87effdd172e0379570b4607041a3ad26b2a2acc8428ba6b6873b6,6197ab6226017b1449809550e75f7b3cd9901f2982a549271cd73c075d3ae70c,e8cd847fd14f4d9854ae328352ad1f93f72e83217586df8bc295879bc055c99c,20,4
claim-19f047e2aa19ef3d6190,content/alternatives/natural-cycles-alternative-privacy.mdx,ftc,HIGH,"For users leaving Flo after the FTC settlement who are evaluating alternatives, the cost difference is notable: Natural Cycles is priced well above most subscription period trackers, and still stores data server-side.",8c42cd83c1455cda07405b785baace4757a7a31b3c5ad26579dcb6834daf0bf9,body:root.children[9].sentence[3],85320a417cd87effdd172e0379570b4607041a3ad26b2a2acc8428ba6b6873b6,6197ab6226017b1449809550e75f7b3cd9901f2982a549271cd73c075d3ae70c,e8cd847fd14f4d9854ae328352ad1f93f72e83217586df8bc295879bc055c99c,20,227
claim-1f3ae3da013685c8f8ec,content/alternatives/natural-cycles-cancel-delete-data.mdx,dollar,HIGH,"It's a subscription product ($12.99/month or $99.99/year as of original publication; check current rates at naturalcycles.com, with hardware bundles available).",e327d116776594d5a327c51abaef64a783e79093e107ada085e9f63b558a09e8,body:root.children[1].sentence[1].occurrence[0],ed99a6eae6983948308d1fe8e5cfcf98c33f94a0afbfe3f1bbee5dc2ac5de75a,66baf2cadfeba8673b1ec911ad803cd8931574558d93d670b79d55a70f7532e8,e8cd847fd14f4d9854ae328352ad1f93f72e83217586df8bc295879bc055c99c,4,95
claim-96152552bace7a38b4f7,content/alternatives/natural-cycles-cancel-delete-data.mdx,dollar,HIGH,"It's a subscription product ($12.99/month or $99.99/year as of original publication; check current rates at naturalcycles.com, with hardware bundles available).",e327d116776594d5a327c51abaef64a783e79093e107ada085e9f63b558a09e8,body:root.children[1].sentence[1].occurrence[1],ed99a6eae6983948308d1fe8e5cfcf98c33f94a0afbfe3f1bbee5dc2ac5de75a,66baf2cadfeba8673b1ec911ad803cd8931574558d93d670b79d55a70f7532e8,e8cd847fd14f4d9854ae328352ad1f93f72e83217586df8bc295879bc055c99c,4,111
claim-597c71fa650d8253da27,content/alternatives/period-app-privacy-audit.mdx,ftc,HIGH,"When the FTC took enforcement action in 2021, Flo's marketing still described the app as safe and private.",84b2c291a2352576831bb98a5b24630c23b217d59d8d19362619f6adb5a902ce,body:root.children[1].sentence[1],38f1b9fedddafa13c9958ace5769a0209e638ae92814fc92750d1733f4f58f21,7518b356205940512f569f63fbbfe4e1f3584275362cbbe307a433d58cbec246,e8cd847fd14f4d9854ae328352ad1f93f72e83217586df8bc295879bc055c99c,4,119
claim-e4eefc080b405494a6d5,content/alternatives/period-app-privacy-audit.mdx,ftc,HIGH,These phrases cover the data-sharing practices that landed Flo in FTC proceedings.,bf4edd5b0bae8cec8a1e6e8d3fb72c2bea65973349718c732acdadf8f9e56003,body:root.children[13].sentence[2],35f519ec99b335fe244cdfb3cbfca796478f77d0bb5ed2685261b85810a5a219,7518b356205940512f569f63fbbfe4e1f3584275362cbbe307a433d58cbec246,e8cd847fd14f4d9854ae328352ad1f93f72e83217586df8bc295879bc055c99c,34,170
claim-734b76d885c1f55256ba,content/alternatives/period-app-privacy-audit.mdx,ftc,HIGH,Search the FTC's case database at ftc.gov/cases-proceedings for the app name and company name.,6cee55e6dd91f4bd25e7c5b7f23bd02868459508e065c8b6bb87c4f245a6251b,body:root.children[18].sentence[0],780a2102307af9fcd33d1434fb1b80de1fa56758a8a5ae7a6ff9d966747ced80,7518b356205940512f569f63fbbfe4e1f3584275362cbbe307a433d58cbec246,e8cd847fd14f4d9854ae328352ad1f93f72e83217586df8bc295879bc055c99c,46,12
claim-7090b37186eeaae7d2a8,content/alternatives/period-app-privacy-audit.mdx,ftc,HIGH,The FTC has published enforcement actions against Flo Health (2021) and Easy Healthcare/Premom (2023) for sharing reproductive health data without consent.,dfb1d50ec67ac6670c3f2615b8f1de7efa6381b2e11dd0ca0a53d23355dada3f,body:root.children[18].sentence[1],780a2102307af9fcd33d1434fb1b80de1fa56758a8a5ae7a6ff9d966747ced80,7518b356205940512f569f63fbbfe4e1f3584275362cbbe307a433d58cbec246,e8cd847fd14f4d9854ae328352ad1f93f72e83217586df8bc295879bc055c99c,46,100
claim-b72c5e16b44777e703db,content/alternatives/period-app-privacy-audit.mdx,ftc,HIGH,For documented cases: [Flo's data sharing history](/resources/guides/does-flo-sell-your-data) and [Premom's FTC action](/resources/guides/premom-data-sharing-ftc).,b82d5f96f5e181c7700d4251591bdf88901fff144d54e13d01c0de2cc1402452,body:root.children[23].sentence[0],05bbc5e567679ec811f2d13216453da85fd5f7fa685a32492bd6f4620af5c750,7518b356205940512f569f63fbbfe4e1f3584275362cbbe307a433d58cbec246,e8cd847fd14f4d9854ae328352ad1f93f72e83217586df8bc295879bc055c99c,56,109
claim-122d3e1a90b6cfd59608,content/alternatives/premom-app-alternative.mdx,ftc,HIGH,"On May 17, 2023, the FTC filed its second-ever Health Breach Notification Rule enforcement action against Easy Healthcare Corporation, the company behind the Premom ovulation tracking app (Case 1:23-cv-03107, N.D.",4866af2690f961b83c20f91d5be2c5182212b90919d8f9ce89c19b7b5de65111,body:root.children[1].sentence[0],44c2377e3b1cd2f3b784a7b7d09b6e7032bebbbd3cd0c8bdde1e74f4d97cd232,4f4568324212d3f6e969529ea1ff574e479d757dd805c35348199bc908066972,e8cd847fd14f4d9854ae328352ad1f93f72e83217586df8bc295879bc055c99c,4,22
claim-b41e0a95240f9ae9017e,content/alternatives/premom-app-alternative.mdx,ftc,HIGH,"For users who found Premom's fertility features valuable but were concerned by the FTC enforcement action, Floriva offers cycle and ovulation tracking without the Premom ad-tech data path.",ffbcdddd3202e3e798389be4b722f888e41622f508e830b99aa201ee9c4bb5bc,body:root.children[10].sentence[3],ac94a88a3c6814d4991060d6689f1e29807541fdecc208b8cce72e68afc9dbf6,4f4568324212d3f6e969529ea1ff574e479d757dd805c35348199bc908066972,e8cd847fd14f4d9854ae328352ad1f93f72e83217586df8bc295879bc055c99c,22,343
claim-a18489881fed4fa6b556,content/alternatives/premom-app-alternative.mdx,dollar,HIGH,"The settlement imposed a $100,000 federal civil penalty and an additional $100,000 to state attorneys general in Connecticut, Oregon, and D.C.",f4d9e544ff37727d272aa591d66bacc64e88ffdd2ac2f2c5733bee6db5b0cbb0,body:root.children[3].sentence[0].occurrence[0],d308a20b253b0dbc0bfc87ab147d40e0b10fdbdbbcd4f2d53a1a3269115aa194,4f4568324212d3f6e969529ea1ff574e479d757dd805c35348199bc908066972,e8cd847fd14f4d9854ae328352ad1f93f72e83217586df8bc295879bc055c99c,8,26
claim-1701b4940e121b0fedad,content/alternatives/premom-app-alternative.mdx,dollar,HIGH,"The settlement imposed a $100,000 federal civil penalty and an additional $100,000 to state attorneys general in Connecticut, Oregon, and D.C.",f4d9e544ff37727d272aa591d66bacc64e88ffdd2ac2f2c5733bee6db5b0cbb0,body:root.children[3].sentence[0].occurrence[1],d308a20b253b0dbc0bfc87ab147d40e0b10fdbdbbcd4f2d53a1a3269115aa194,4f4568324212d3f6e969529ea1ff574e479d757dd805c35348199bc908066972,e8cd847fd14f4d9854ae328352ad1f93f72e83217586df8bc295879bc055c99c,8,75
claim-0f5373fc7af08b0a9d2c,content/alternatives/premom-app-alternative.mdx,ftc,HIGH,The FTC action was not about the features.,334bb39577f24bba71881dada188732f2a9b55afd03e5df36d6acd84a46c2035,body:root.children[4].sentence[2],e287510ea1dc4c63254cf8cbe8fde4dcbd24cfab0b7df032f7eff22e0b1097fb,4f4568324212d3f6e969529ea1ff574e479d757dd805c35348199bc908066972,e8cd847fd14f4d9854ae328352ad1f93f72e83217586df8bc295879bc055c99c,10,208
claim-db6c3cf28c5e590c5c91,content/alternatives/premom-app-alternative.mdx,ftc,HIGH,The mechanism behind the FTC complaint was analytics SDK integration.,b44ef5130697874d1f398dae27c1032592c7289ae6c6b046d199bc949c3706ff,body:root.children[6].sentence[0],dabe24c4501e433a0ff13115534d54428f0401d58f191d923ed5059f2fc948a1,4f4568324212d3f6e969529ea1ff574e479d757dd805c35348199bc908066972,e8cd847fd14f4d9854ae328352ad1f93f72e83217586df8bc295879bc055c99c,14,26
claim-edc2e6069846594c779c,content/alternatives/premom-app-alternative.mdx,ftc,HIGH,This is the same category of problem the FTC identified with Flo: embedding analytics software that sends health data to third parties as a side effect of standard app instrumentation.,f4b704909ca917223d5ca145ef0d1308a13021591aef194e8023fb9c38ec1278,body:root.children[6].sentence[2],dabe24c4501e433a0ff13115534d54428f0401d58f191d923ed5059f2fc948a1,4f4568324212d3f6e969529ea1ff574e479d757dd805c35348199bc908066972,e8cd847fd14f4d9854ae328352ad1f93f72e83217586df8bc295879bc055c99c,14,206
claim-315126fbef5562001a9c,content/alternatives/stardust-alternative-local-storage.mdx,ftc,HIGH,"After the Supreme Court's 2022 Dobbs decision eliminated federal abortion protections and Flo's FTC enforcement history became more widely discussed, a number of users began actively looking for period trackers with stronger privacy postures.",8beb1b44371a6fbf5a3d1bea46a6b2602a622d7e00feb7c421dc403d3eccff4e,body:root.children[1].sentence[0],3da95f978b841500b644f3c38ed7b1d5d3a7b1744151a974e899d24cd8e25408,f84a07a6e2fe2b8494c1dcc0eb5547e4df4bcfbf7ac06a1fb35368a162dc9bca,e8cd847fd14f4d9854ae328352ad1f93f72e83217586df8bc295879bc055c99c,4,97
claim-41be18ac1eff2f259606,content/alternatives/stardust-alternative-local-storage.mdx,named-case,HIGH,"After the Supreme Court's 2022 Dobbs decision eliminated federal abortion protections and Flo's FTC enforcement history became more widely discussed, a number of users began actively looking for period trackers with stronger privacy postures.",8beb1b44371a6fbf5a3d1bea46a6b2602a622d7e00feb7c421dc403d3eccff4e,body:root.children[1].sentence[0],3da95f978b841500b644f3c38ed7b1d5d3a7b1744151a974e899d24cd8e25408,f84a07a6e2fe2b8494c1dcc0eb5547e4df4bcfbf7ac06a1fb35368a162dc9bca,e8cd847fd14f4d9854ae328352ad1f93f72e83217586df8bc295879bc055c99c,4,32
claim-e62fef1202d63bd8fe63,content/alternatives/stardust-alternative-local-storage.mdx,ftc,HIGH,The FTC found that Flo's SDK data sharing contradicted its privacy policy.,fe9f66f2966a689ed99dd154fccc50f87129ef168e2c296bc76c1e4bed0afb00,body:root.children[15].sentence[0],029342ddc2bf001a29497b67c2074494389ed705a575bc19476cde18ae3461b9,f84a07a6e2fe2b8494c1dcc0eb5547e4df4bcfbf7ac06a1fb35368a162dc9bca,e8cd847fd14f4d9854ae328352ad1f93f72e83217586df8bc295879bc055c99c,32,5
claim-b9259a83ff9b87e45c0d,content/alternatives/stardust-alternative-local-storage.mdx,named-case,HIGH,"On June 24, 2022, the day Dobbs was decided, CEO Rachel Moranis posted a TikTok claiming Stardust was ""the first period tracker to implement end-to-end encryption.""",d6d36682279111907571731f0eda548583ace15c4e737bb3d51e655d1974eb03,body:root.children[4].sentence[0],4b3d9cbe695ab26b42536558d6a288629e75e97e9b6c4a161a03d0b75a724017,f84a07a6e2fe2b8494c1dcc0eb5547e4df4bcfbf7ac06a1fb35368a162dc9bca,e8cd847fd14f4d9854ae328352ad1f93f72e83217586df8bc295879bc055c99c,10,27
claim-eebe849f87c6575df772,content/alternatives/stardust-alternative-local-storage.mdx,percent,HIGH,"Sensor Tower reported 82% of Stardust's total 400,000+ lifetime installs came in just two days.",9af323966a16252b4863e774c4ad1f66f6408863ca0052dedbe07b94e98f4de7,body:root.children[4].sentence[2],4b3d9cbe695ab26b42536558d6a288629e75e97e9b6c4a161a03d0b75a724017,f84a07a6e2fe2b8494c1dcc0eb5547e4df4bcfbf7ac06a1fb35368a162dc9bca,e8cd847fd14f4d9854ae328352ad1f93f72e83217586df8bc295879bc055c99c,10,251
claim-baae6a63e60a6f60b862,content/alternatives/stardust-alternative-local-storage.mdx,ftc,HIGH,No FTC enforcement action has been taken.,5a05d813b79abbb488bb4d1b49eba228c1457c703e050b2e310375437bb63d2b,body:root.children[8].sentence[2],571377359a3695e6a2b71bbd4859cdd0a6999f98fc793722c4081f187385ff53,f84a07a6e2fe2b8494c1dcc0eb5547e4df4bcfbf7ac06a1fb35368a162dc9bca,e8cd847fd14f4d9854ae328352ad1f93f72e83217586df8bc295879bc055c99c,18,226
claim-422426ca102cb079cc1d,content/alternatives/what-data-does-flo-have-on-you.mdx,ftc,HIGH,Here's what the app records and what the FTC documented was shared:,9bf9018ae9098fa7654fbd993fc2afa128bfa3ceb4ea87d0859f5f089caeb541,body:root.children[1].sentence[1],5462f596151d41867d666bdf686e035c03f7927a7988cb911c1cb54cbd8b9656,202fb463863610f1b1dade24d06f660ae6b5aeccb8b2279b23d743fb761bf626,e8cd847fd14f4d9854ae328352ad1f93f72e83217586df8bc295879bc055c99c,4,83
claim-758fb321236162fbae0b,content/alternatives/what-data-does-flo-have-on-you.mdx,ftc,HIGH,**What the FTC documented was shared**,71cea0fbf4d108a854469a1a1318863e174e14a91f7ed47be00b1fe43a6c631c,body:root.children[10].sentence[0],536c42f777fc0975566d4c0007172b558068f99d79dac67a5f6d9cbaa8a3d9d6,202fb463863610f1b1dade24d06f660ae6b5aeccb8b2279b23d743fb761bf626,e8cd847fd14f4d9854ae328352ad1f93f72e83217586df8bc295879bc055c99c,31,12
claim-6ad8073bd6e129b530eb,content/alternatives/what-data-does-flo-have-on-you.mdx,ftc,HIGH,"The FTC's 2021 enforcement action found that Flo shared health data, specifically data about pregnancy, menstrual cycles, and related health conditions, with Facebook and Google through embedded SDKs, and with Flurry (an analytics company).",4cbd2037e2548c2fe285f9a96f91bbe3c00c6d710ab08faf2e68168e43cf2778,body:root.children[10].sentence[1],536c42f777fc0975566d4c0007172b558068f99d79dac67a5f6d9cbaa8a3d9d6,202fb463863610f1b1dade24d06f660ae6b5aeccb8b2279b23d743fb761bf626,e8cd847fd14f4d9854ae328352ad1f93f72e83217586df8bc295879bc055c99c,32,5
claim-fcb4f679d06ad2e0eee6,content/alternatives/what-data-does-flo-have-on-you.mdx,dollar,HIGH,The $59.5M class action settlement reached in September 2025 covered these claims.,d509990ebaa9e3d8f59d4b086f28276c538398f745ada950bdd38b9e3522e723,body:root.children[10].sentence[3],536c42f777fc0975566d4c0007172b558068f99d79dac67a5f6d9cbaa8a3d9d6,202fb463863610f1b1dade24d06f660ae6b5aeccb8b2279b23d743fb761bf626,e8cd847fd14f4d9854ae328352ad1f93f72e83217586df8bc295879bc055c99c,32,333
claim-af772c627788aa509223,content/alternatives/what-data-does-flo-have-on-you.mdx,ftc,HIGH,The FTC case is documented at ftc.gov/cases-proceedings/192-3133-flo-health-inc.,0b692845b69875ed76a0b8653304e9a21794f8a66a7cb68cbd733627fbe4b96d,body:root.children[10].sentence[4],536c42f777fc0975566d4c0007172b558068f99d79dac67a5f6d9cbaa8a3d9d6,202fb463863610f1b1dade24d06f660ae6b5aeccb8b2279b23d743fb761bf626,e8cd847fd14f4d9854ae328352ad1f93f72e83217586df8bc295879bc055c99c,32,416
claim-3bfaf8ba097c475db060,content/alternatives/what-data-does-flo-have-on-you.mdx,ftc,HIGH,"This means Flo's privacy practices were governed by FTC regulations and their own privacy policy, not HIPAA.",5a1956cbbc4d399c6e24e233af07d2de7b8c714c608ddf971556b949a1825c3c,body:root.children[14].sentence[0],3a984e6fd6ff91477cc564d2e73e53fce0b649746c89b5f60115000cbe07a242,202fb463863610f1b1dade24d06f660ae6b5aeccb8b2279b23d743fb761bf626,e8cd847fd14f4d9854ae328352ad1f93f72e83217586df8bc295879bc055c99c,40,53
claim-f86a80b017b7ffa79e67,content/alternatives/what-data-does-flo-have-on-you.mdx,ftc,HIGH,"The FTC action addressed deceptive trade practices, not HIPAA violations.",6835e3bcbe93e17bbd1e863a6bbeda7db6e089c3145b662857b4ac660d4f5b15,body:root.children[14].sentence[1],3a984e6fd6ff91477cc564d2e73e53fce0b649746c89b5f60115000cbe07a242,202fb463863610f1b1dade24d06f660ae6b5aeccb8b2279b23d743fb761bf626,e8cd847fd14f4d9854ae328352ad1f93f72e83217586df8bc295879bc055c99c,40,114
claim-b0b043492d6f8fc382f3,content/alternatives/what-data-does-flo-have-on-you.mdx,ftc,HIGH,"The data Flo shared with Facebook, Google, and Flurry before the FTC enforcement action is outside Flo's control now.",123ae21d7e040f0fdae3b7f9ae4238e74b5fbca7d96e92684e07ca6e7c78b11d,body:root.children[37].sentence[0],112eccb78a34a69937e0638b3af4cef892c92f8695ddb84a82ef1c75d6892dd6,202fb463863610f1b1dade24d06f660ae6b5aeccb8b2279b23d743fb761bf626,e8cd847fd14f4d9854ae328352ad1f93f72e83217586df8bc295879bc055c99c,91,66
claim-fa88a4cee1c23dd6b741,content/alternatives/what-data-does-flo-have-on-you.mdx,ftc,HIGH,The FTC settlement order prohibits Flo from sharing certain data going forward and required changes to Flo's data practices.,d1d2a78e7bd395455c80d420497bbc1bc966807dd2d08e78caef94b52247ab90,body:root.children[38].sentence[0],702d7efd1d17f7de0b5a93fc0ec5494a7e1e225fb7db411787dbea544c5ecc93,202fb463863610f1b1dade24d06f660ae6b5aeccb8b2279b23d743fb761bf626,e8cd847fd14f4d9854ae328352ad1f93f72e83217586df8bc295879bc055c99c,93,5
claim-433b03071b0acc640ef3,content/app-guides/floriva-anonymous-tracking-setup.mdx,ftc,LOW,Flo's 2021 FTC enforcement action documented data sharing with Facebook and Google.,ab16e60e2432a08363c9eaa94c81524a90146d1dfad90afbf7d4103d8f276f1e,body:root.children[8].sentence[3],f97e08919b105311ddb591792b9d824691f96ff7173eacf255cd674ec86856f2,ec987dab858798956c6f056886567a89f21c1f4a05640fee8bed7c9f90680f2b,e8cd847fd14f4d9854ae328352ad1f93f72e83217586df8bc295879bc055c99c,20,259
claim-89d649fdf459a142a633,content/app-guides/floriva-basal-body-temperature-tracking.mdx,dollar,LOW,Basal thermometers are available at pharmacies and online for approximately $10-20.,3070fd0351540d57f31a7a3223da8ae390558667525677c49850621a94282ba2,body:root.children[7].sentence[0],ac411a17173fd3c9504362927022d50fe1611518d59a55a150b2b5949b6a1dca,7b3078467bbcbffad2fc7d2028e5ba22ca1cd686bef697d584175619476b0620,e8cd847fd14f4d9854ae328352ad1f93f72e83217586df8bc295879bc055c99c,18,77
claim-0f438dcbdb0af654c64d,content/app-guides/floriva-data-deletion-guide.mdx,dollar,LOW,"In 2025, Flo settled a class action for $59.5M over claims it shared period tracking data with Facebook, Google, and Flurry.",c8d7e16d8ff0e84d55a6dc3a352a5aba9936aaeb376473382dca33d5a3d056b7,body:root.children[11].sentence[0],c8e908fbda36a733fb0103317e3ec85b9a4c253fba31fa4d845397d2562015f1,1178112ef9764c02484b3b1b0923dd003c8a896d1f79272fc673e369362942a7,e8cd847fd14f4d9854ae328352ad1f93f72e83217586df8bc295879bc055c99c,24,41
claim-b055aa958d6466d1ed92,content/app-guides/floriva-data-deletion-guide.mdx,ftc,LOW,That followed a 2021 FTC enforcement action documenting the same behavior.,360a3112b152f52fa3fb093793ad7dc0b4b76a428b1e5b967d41a3c267d30777,body:root.children[11].sentence[1],c8e908fbda36a733fb0103317e3ec85b9a4c253fba31fa4d845397d2562015f1,1178112ef9764c02484b3b1b0923dd003c8a896d1f79272fc673e369362942a7,e8cd847fd14f4d9854ae328352ad1f93f72e83217586df8bc295879bc055c99c,24,147
claim-5dfdc936fb012e282999,content/app-guides/floriva-data-deletion-guide.mdx,ftc,LOW,Accept that data already shared with third parties before the FTC action cannot be recalled,af01862478375a73562ceb9f9a69fdbb2582b57087f90e95d00858bbd9283c2c,body:root.children[13].children[5].children[0].sentence[0],cd4e47657be9ed73a496b980146457a81a88e24f3e72b792d7b8602f085b3bb2,1178112ef9764c02484b3b1b0923dd003c8a896d1f79272fc673e369362942a7,e8cd847fd14f4d9854ae328352ad1f93f72e83217586df8bc295879bc055c99c,33,66
claim-2ae72d0994ee56c20982,content/app-guides/floriva-features-endometriosis.mdx,ftc,LOW,The FTC's 2021 enforcement action against Flo documented that period tracking data was shared with Facebook and Google through embedded SDKs.,be25cf08fb7d1ff64bb1cf2268a3dfd6270039f1f62612f75fa96ecf72881c78,body:root.children[18].sentence[0],a2403b09ddcea4b088e19dab4a4ed419ed22d8c82c1860b0d61f33ea6ad0a494,61cf300b2dfa41c936ff912333aca3c15b2cbedec822802e341a4a20d45c3c5f,e8cd847fd14f4d9854ae328352ad1f93f72e83217586df8bc295879bc055c99c,38,5
claim-41d3220f9a3c361469f9,content/app-guides/floriva-features-endometriosis.mdx,dollar,LOW,A class action settled for $59.5M in 2025.,5950c0eb2558c91ca944cb7d3ba917bec35b32f336de263779177e6aac290a6c,body:root.children[18].sentence[1],a2403b09ddcea4b088e19dab4a4ed419ed22d8c82c1860b0d61f33ea6ad0a494,61cf300b2dfa41c936ff912333aca3c15b2cbedec822802e341a4a20d45c3c5f,e8cd847fd14f4d9854ae328352ad1f93f72e83217586df8bc295879bc055c99c,38,170
claim-ce04eacb4d2892b7c066,content/app-guides/floriva-fertility-awareness-method-setup.mdx,named-case,LOW,"Your fertility sign observations, the kind of detailed health data that can be sensitive in a post-Dobbs legal environment, are not on any server.",e6923fd6d211e8868765ce903b64482770871c0fa80e08f7dd2526666dcf48c9,body:root.children[38].sentence[1],91c37922ffb2a3fbe08f8434b77ffeeb56194c3d12ea5e7eeb527e4df9364425,72c75f9f9663479010cb5791375433bef58ec4073b2a3d219c016aee638a1a22,e8cd847fd14f4d9854ae328352ad1f93f72e83217586df8bc295879bc055c99c,92,134
claim-ba831fc5c3a91bbc5680,content/app-guides/floriva-for-fertility-tracking.mdx,ftc,LOW,The FTC took action against [Flo](/compare/alternatives/flo-app-alternative/) in 2021 and found that the company shared reproductive health data with Facebook and Google.,9a22e795278209a629d47242728bbc294ae755a71afc960ffa62ebfc0bd00940,body:root.children[8].sentence[0],3a9d8e897b2583abcbaa0bcf9914e12e3ce5acc89f4ce017bd1fd21c9f8f9351,dc96573de0042444ffb64e9fadc111a061d3b81e0912439ae8ef73c7150293dc,e8cd847fd14f4d9854ae328352ad1f93f72e83217586df8bc295879bc055c99c,18,5
claim-e6478674e805e98bbc84,content/app-guides/floriva-for-iud-tracking.mdx,named-case,LOW,"Since the Dobbs decision, data about contraceptive use and reproductive choices has drawn attention from legal observers who track how period app data could be used in enforcement contexts.",1e6b574c84ac2ee5f30edfcea9c46a121e9cb0f9878a397be9c68c4492d5c567,body:root.children[21].sentence[2],4e38d60aede04286226912a9c72c76c0c6d8bb2afa11d9c22194f87d7c2245d9,4392a42220068b2d7016f846d3db77763a668ca9e82afee73d0b586f930e8aed,e8cd847fd14f4d9854ae328352ad1f93f72e83217586df8bc295879bc055c99c,49,228
claim-a1950bd8fb751cf8a50c,content/app-guides/floriva-for-iud-tracking.mdx,ftc,LOW,Flo's 2021 FTC enforcement action and the 2025 class action settlement documented concretely that app-stored reproductive health data can reach parties the user never anticipated.,2f826589c639529de755a617d10a773ad962627a09a98f1268edbce9c27cc4d8,body:root.children[22].sentence[2],a178eec188d708f9abae3c36d5e3a22d3f22bda57fe89f171c54476817b29ace,4392a42220068b2d7016f846d3db77763a668ca9e82afee73d0b586f930e8aed,e8cd847fd14f4d9854ae328352ad1f93f72e83217586df8bc295879bc055c99c,51,270
claim-c4d560c7a66f5f32cf31,content/app-guides/floriva-for-iud-tracking.mdx,ftc,LOW,Flo's 2021 FTC enforcement action documented that period tracking data was shared with Facebook and Google via embedded SDKs.,c1a390a1ae05a7fc785b681ec3a44437727eaaf416c079e8825db4b44678b186,body:root.children[3].sentence[4],9d1fe3e3d4cbff453838b70fabeed4ab8c241f25013e9215c8cead237445ba84,4392a42220068b2d7016f846d3db77763a668ca9e82afee73d0b586f930e8aed,e8cd847fd14f4d9854ae328352ad1f93f72e83217586df8bc295879bc055c99c,8,457
claim-0c10dd6216fa28e5b0fa,content/app-guides/floriva-for-pcos-tracking.mdx,ftc,LOW,The FTC found in 2021 that Flo shared reproductive health data with Facebook and Google.,13507fec193ce4db72964f5889ba167a00b390d8438712676d3bbdacd91b88fe,body:root.children[2].sentence[1],ede980197ec183f9b78be6fae4da0585d4be8f008d0bffd113992eafcf480fb9,2f058f7292fa6261dddbd486639af175e42b2a8a05e35b241d93eaf2d630f0c9,e8cd847fd14f4d9854ae328352ad1f93f72e83217586df8bc295879bc055c99c,6,108
claim-4622cdbc28ff208dc2e8,content/app-guides/floriva-for-perimenopause.mdx,dollar,LOW,"Flo's 2021 FTC enforcement action, followed by a 2025 class action that settled for $59.5M, showed concretely what that risk looks like: detailed reproductive health data transmitted to advertising platforms through embedded SDKs.",212a4931960186d59914b372111c2309ed8d4321fbc7e204e94d5c85134872a7,body:root.children[21].sentence[1],fc35aed4938ef011f177fbd503f5be32f226c9a9d2846e34f903ae4932f9ad23,215dfe10815ae383775017414278873d7a50ae011004e14bd4ce14130e144202,e8cd847fd14f4d9854ae328352ad1f93f72e83217586df8bc295879bc055c99c,44,196
claim-16b0e5677076e3e1bfd5,content/app-guides/floriva-for-perimenopause.mdx,ftc,LOW,"Flo's 2021 FTC enforcement action, followed by a 2025 class action that settled for $59.5M, showed concretely what that risk looks like: detailed reproductive health data transmitted to advertising platforms through embedded SDKs.",212a4931960186d59914b372111c2309ed8d4321fbc7e204e94d5c85134872a7,body:root.children[21].sentence[1],fc35aed4938ef011f177fbd503f5be32f226c9a9d2846e34f903ae4932f9ad23,215dfe10815ae383775017414278873d7a50ae011004e14bd4ce14130e144202,e8cd847fd14f4d9854ae328352ad1f93f72e83217586df8bc295879bc055c99c,44,123
claim-4c753c7181c434d2b744,content/app-guides/floriva-for-postpartum-recovery.mdx,dollar,LOW,"The FTC's 2021 action against Flo, which settled in a 2025 class action for $59.5M, documented the transmission of reproductive health data to advertising platforms.",007c0cf764fa7242c45fb7dd909d20fcd709fc268969c726b6b971b54030a4c4,body:root.children[20].sentence[2],3769455fa92a0d041d620b9812a455069d4eff244a09583007bd2daeeadccadd,7281d7505be66bfe192b1c3cd1587ce1f23c4882eb88e774512f3b53cb30eba5,e8cd847fd14f4d9854ae328352ad1f93f72e83217586df8bc295879bc055c99c,44,304
claim-204a05e67542d1fdf6e9,content/app-guides/floriva-for-postpartum-recovery.mdx,ftc,LOW,"The FTC's 2021 action against Flo, which settled in a 2025 class action for $59.5M, documented the transmission of reproductive health data to advertising platforms.",007c0cf764fa7242c45fb7dd909d20fcd709fc268969c726b6b971b54030a4c4,body:root.children[20].sentence[2],3769455fa92a0d041d620b9812a455069d4eff244a09583007bd2daeeadccadd,7281d7505be66bfe192b1c3cd1587ce1f23c4882eb88e774512f3b53cb30eba5,e8cd847fd14f4d9854ae328352ad1f93f72e83217586df8bc295879bc055c99c,44,232
claim-5913a658d822a54c0818,content/app-guides/floriva-offline-mode-explained.mdx,ftc,LOW,The FTC found in 2021 that Flo Health sent detailed period and fertility data to Facebook and Google.,6fbe19d242518dc22af4ae13d617b45fb6903e85a658ff8e082aa0fd54ae9a5e,body:root.children[28].sentence[1],aab796b4d1c5dde4ab5a3b8334a67fff2949afd8c22ff2b236ac189e4aad9a67,b8ceea82ee44c1c11aea85eca9b4463e71a0f14237ca23e0bcaf6c314281abad,e8cd847fd14f4d9854ae328352ad1f93f72e83217586df8bc295879bc055c99c,74,52
claim-8afc5b487fc46f2b2dab,content/app-guides/floriva-vs-health-apps-insurer-data.mdx,ftc,LOW,The FTC has taken action against companies that overclaimed the protection of anonymized health data.,4a240dba71cf8469f02646857f2e6eba237dedc10b6543052e212bbffcc89134,body:root.children[10].sentence[3],0cfbd79e2f78d29a14fa71a90682ae5ff3af484633ec6b7de00ef69a0cc89abd,5f592c80e833b25c9ed3d551f7481bac787f39bef02b492717094deecc61568b,e8cd847fd14f4d9854ae328352ad1f93f72e83217586df8bc295879bc055c99c,22,366
claim-612015134eeeaf4d58db,content/app-guides/floriva-vs-health-apps-insurer-data.mdx,ftc,LOW,"Flo's 2021 FTC enforcement action documented that Flo shared menstruation and pregnancy-related data with Facebook, Google, and Flurry through embedded SDKs.",1e06eddb8049e02746cb90e22638ce30942c1979570f2f09236a7c161356a0d2,body:root.children[14].sentence[0],8136d509707f36456c562ea0f587e5216aebf03dd42e728dbd5633547ec6eb21,5f592c80e833b25c9ed3d551f7481bac787f39bef02b492717094deecc61568b,e8cd847fd14f4d9854ae328352ad1f93f72e83217586df8bc295879bc055c99c,30,12
claim-5d44e0f60fbaf6f4aa3f,content/app-guides/floriva-vs-health-apps-insurer-data.mdx,dollar,LOW,A class action settled in 2025 for $59.5M over claims arising from that conduct.,b6d47d9e8d7ae7d749cb16d1e1e8e3a37ac538e2412cb0f44ddc1e2997b51ec0,body:root.children[14].sentence[2],8136d509707f36456c562ea0f587e5216aebf03dd42e728dbd5633547ec6eb21,5f592c80e833b25c9ed3d551f7481bac787f39bef02b492717094deecc61568b,e8cd847fd14f4d9854ae328352ad1f93f72e83217586df8bc295879bc055c99c,30,262
claim-cdf5c4578a7e433c87d7,content/app-guides/floriva-vs-paper-tracking.mdx,ftc,LOW,"And as the [FTC action against Flo established](/compare/alternatives/flo-app-alternative/), it can be shared with advertising platforms.",1a4518aca4b29ac7b711fe07786d364b186932fe2ed2ff37287f72ffd9ba68a9,body:root.children[8].sentence[5],a54cc5965cbe33d1f03648d4da03b1f607fcb40d0335505516cb021bf46d711a,a7d3dc29e838d47dda35bdb6f0dd5f8372d0e8ac024de617538e2ab6d3b5f3a4,e8cd847fd14f4d9854ae328352ad1f93f72e83217586df8bc295879bc055c99c,18,359
claim-9c5f70507be2b483190d,content/app-guides/floriva-vs-paper-tracking.mdx,ftc,LOW,"The FTC enforcement was under FTC Act Section 5, deceptive practices, not a health privacy framework.",1d55bbef1b88eee777215f5256d33ef96c139da7908b5a6d6fec00ac680dee5f,body:root.children[9].sentence[2].occurrence[0],c463e7489eb6f991da50831e70c9fa1b153170c7077ab7c75464de504ae65b78,a7d3dc29e838d47dda35bdb6f0dd5f8372d0e8ac024de617538e2ab6d3b5f3a4,e8cd847fd14f4d9854ae328352ad1f93f72e83217586df8bc295879bc055c99c,20,185
claim-038d5d56c83163e5c5ac,content/app-guides/floriva-vs-paper-tracking.mdx,ftc,LOW,"The FTC enforcement was under FTC Act Section 5, deceptive practices, not a health privacy framework.",1d55bbef1b88eee777215f5256d33ef96c139da7908b5a6d6fec00ac680dee5f,body:root.children[9].sentence[2].occurrence[1],c463e7489eb6f991da50831e70c9fa1b153170c7077ab7c75464de504ae65b78,a7d3dc29e838d47dda35bdb6f0dd5f8372d0e8ac024de617538e2ab6d3b5f3a4,e8cd847fd14f4d9854ae328352ad1f93f72e83217586df8bc295879bc055c99c,20,211
claim-cdfca5c533f0d144cd5c,content/app-guides/floriva-vs-spreadsheet-tracking.mdx,dollar,LOW,"The people who have landed on spreadsheet tracking after reading about [how period tracker apps collect data](/resources/guides/how-period-tracker-apps-collect-data), or after Flo's 2021 FTC enforcement action and 2025 $59.5M settlement, often have good reasons for their choice.",8e760c1d6bde53537602633c317b8208b286939b147f664a976423050137851f,body:root.children[2].sentence[1],046d35e9a3fd795533b3a9550cab887c5eec8d5011daae21d06151f10b2e0856,75d67d94e27caab557466b2245afdb229706a8f27595bc12bce35131f55594db,e8cd847fd14f4d9854ae328352ad1f93f72e83217586df8bc295879bc055c99c,6,241
claim-fc8d5c1f0b1ff9619636,content/app-guides/floriva-vs-spreadsheet-tracking.mdx,ftc,LOW,"The people who have landed on spreadsheet tracking after reading about [how period tracker apps collect data](/resources/guides/how-period-tracker-apps-collect-data), or after Flo's 2021 FTC enforcement action and 2025 $59.5M settlement, often have good reasons for their choice.",8e760c1d6bde53537602633c317b8208b286939b147f664a976423050137851f,body:root.children[2].sentence[1],046d35e9a3fd795533b3a9550cab887c5eec8d5011daae21d06151f10b2e0856,75d67d94e27caab557466b2245afdb229706a8f27595bc12bce35131f55594db,e8cd847fd14f4d9854ae328352ad1f93f72e83217586df8bc295879bc055c99c,6,209
claim-54259aaa68aba68397b7,content/comparisons/best-period-tracker-after-flo-settlement.mdx,ftc,HIGH,The FTC confirmed it in 2021.,7a43e270f6b2f5efb5251d4edf4161f389cc709f1d75f3541c239824272383e3,body:root.children[0].sentence[1],8b8d422ed4e6e7758b0bfa07ece1a40171e157ef59a0961737488ad5aebd790f,e9acff6c69a44fda1c3814840db3cd571c853206b2b1e2a78c5f6f852b9f92bf,e8cd847fd14f4d9854ae328352ad1f93f72e83217586df8bc295879bc055c99c,2,59
claim-f8f36ccf19cff66ce0f7,content/comparisons/best-period-tracker-after-flo-settlement.mdx,dollar,HIGH,A $59.5M combined settlement resolved the class action in September 2025.,01ae6f396c654f5b81d996cb9a7af2c5da91ecceec0a78b98f3fce321d218b08,body:root.children[0].sentence[2],8b8d422ed4e6e7758b0bfa07ece1a40171e157ef59a0961737488ad5aebd790f,e9acff6c69a44fda1c3814840db3cd571c853206b2b1e2a78c5f6f852b9f92bf,e8cd847fd14f4d9854ae328352ad1f93f72e83217586df8bc295879bc055c99c,2,87
claim-a18b9ed53a0f68b1dc50,content/comparisons/best-period-tracker-after-flo-settlement.mdx,ftc,HIGH,No FTC enforcement history.,a3cc32878a396229a2459fb0542eb16fc96d32e9e61b4f1ef311864b71280858,body:root.children[20].sentence[2],960e788e6aa82f9a6d9d881763dd8215a454e9e6c3e0ff7b3d53829bd9612e40,e9acff6c69a44fda1c3814840db3cd571c853206b2b1e2a78c5f6f852b9f92bf,e8cd847fd14f4d9854ae328352ad1f93f72e83217586df8bc295879bc055c99c,42,195
claim-c215a2c5688466923755,content/comparisons/best-period-tracker-after-flo-settlement.mdx,ftc,HIGH,"The FTC found that Flo shared sensitive health data (period dates, pregnancy status, symptom information) with Facebook, Google, and third-party analytics firms through embedded SDKs.",eb3120642242785014df39209d2108a12bb059235fca4dd08cdab8e5ad301825,body:root.children[3].sentence[0],d411eabc78b552ba4f8b2a8928c6dd576df0c68e7e6a9ac493ae5ba2c2a0564f,e9acff6c69a44fda1c3814840db3cd571c853206b2b1e2a78c5f6f852b9f92bf,e8cd847fd14f4d9854ae328352ad1f93f72e83217586df8bc295879bc055c99c,8,5
claim-4b53926a9a8716cab8d8,content/comparisons/best-period-tracker-after-flo-settlement.mdx,ftc,HIGH,The FTC intervened.,1ae50e991e65d459b44b9f01f07b13dbee7a519a80ab523ecd9b684661b1f785,body:root.children[30].sentence[2],6d0ee4fd81e4b2651e446cb34b465c61e9a046c6f7288b6a75064bae9d5e7a90,e9acff6c69a44fda1c3814840db3cd571c853206b2b1e2a78c5f6f852b9f92bf,e8cd847fd14f4d9854ae328352ad1f93f72e83217586df8bc295879bc055c99c,62,165
claim-2f2ac2b77631940a0598,content/comparisons/best-period-tracker-after-flo-settlement.mdx,dollar,HIGH,A $59.5M settlement was reached.,50c1c01abd330bb864f5c57ba7dd7deb33051e875d4f3afe08abc2f2d7213abb,body:root.children[30].sentence[3],6d0ee4fd81e4b2651e446cb34b465c61e9a046c6f7288b6a75064bae9d5e7a90,e9acff6c69a44fda1c3814840db3cd571c853206b2b1e2a78c5f6f852b9f92bf,e8cd847fd14f4d9854ae328352ad1f93f72e83217586df8bc295879bc055c99c,62,183
claim-ffe7d3ce9179610dda23,content/comparisons/best-period-tracker-pcos-comparison.mdx,percent,HIGH,"PCOS is the most common cause of irregular periods, affecting an estimated 8-13% of people with ovaries.",5b08cd97567e1043b3045976f066e89b6a57f95406dd7a02670a234d66b98763,body:root.children[0].sentence[0],8e2d7bf347f5c676e20ff8af0e175638be0889000631a9179b1876b87a40d608,c11a26b1b23a8fa9bcf9715b0315f531ae2e32b3c384125da6bc99eed323c0d4,e8cd847fd14f4d9854ae328352ad1f93f72e83217586df8bc295879bc055c99c,2,78
claim-6d09124601eec44f648a,content/comparisons/best-period-tracker-pcos-comparison.mdx,ftc,HIGH,Prior history of SDK data sharing (addressed post-FTC but historical).,a7c90d93eb89259a8aeae11dd8c3d8862116ea786ecd94ae419876341cd07158,body:root.children[14].sentence[1],6dbe04317077cbfbeeb24d7eea28e56639b2052e5e82ca31124efad037984937,c11a26b1b23a8fa9bcf9715b0315f531ae2e32b3c384125da6bc99eed323c0d4,e8cd847fd14f4d9854ae328352ad1f93f72e83217586df8bc295879bc055c99c,30,146
claim-4f7d5250b1f3795ce941,content/comparisons/cloud-vs-local-period-trackers.mdx,named-case,HIGH,"After the Dobbs decision overturned federal abortion protections, period tracker data became legally relevant evidence.",1daf4ce5004c1e6e9f6245309ed7fc427562e01492393e3904696e8d9c434127,body:root.children[10].sentence[0],117d828d4f0f4bbf649a6a1125a94cf0e44d9e0bc4328d16ebf7302236ead497,fbd7af68d3712cd42ee0c80c52cbdc23cc019ea87948cedc69a635440d1b864a,e8cd847fd14f4d9854ae328352ad1f93f72e83217586df8bc295879bc055c99c,22,11
claim-29b4872b111e6fc622a7,content/comparisons/cloud-vs-local-period-trackers.mdx,ftc,HIGH,FTC enforcement action 2021 for data sharing.,434ce6e69cdfbf2c2523203eef8acb0376228d699230987fcd17a5b80c4a8535,body:root.children[22].sentence[1],fc94c6f25bc8336e6469f411c0f4114cce9495ab420fa11828eebdfaf8796eee,fbd7af68d3712cd42ee0c80c52cbdc23cc019ea87948cedc69a635440d1b864a,e8cd847fd14f4d9854ae328352ad1f93f72e83217586df8bc295879bc055c99c,46,23
claim-8e19e51ad0ee9bb19e36,content/comparisons/cloud-vs-local-period-trackers.mdx,dollar,HIGH,$59.5M class action settlement 2025.,62c733156a77ef2089f1f0f95dcbadd3b16cbfdc67a94358773526a475ad69ef,body:root.children[22].sentence[2],fc94c6f25bc8336e6469f411c0f4114cce9495ab420fa11828eebdfaf8796eee,fbd7af68d3712cd42ee0c80c52cbdc23cc019ea87948cedc69a635440d1b864a,e8cd847fd14f4d9854ae328352ad1f93f72e83217586df8bc295879bc055c99c,46,69
claim-dc0c53f4b1c003d98b33,content/comparisons/cloud-vs-local-period-trackers.mdx,ftc,HIGH,"Flo promised privacy and shared data with Facebook, the FTC took enforcement action.",79fbe19a6484c0a38eeb505f03bb283dfaaa13375731092cee5410b63c61fc2c,body:root.children[6].sentence[1],04ded08362e60100596d0f3eb8cd4e1b7636e0036fefc22311dab3c0d791e242,fbd7af68d3712cd42ee0c80c52cbdc23cc019ea87948cedc69a635440d1b864a,e8cd847fd14f4d9854ae328352ad1f93f72e83217586df8bc295879bc055c99c,14,96
claim-a7038d92cc7e2b5ac7f4,content/comparisons/cloud-vs-local-period-trackers.mdx,ftc,HIGH,"Premom promised privacy and shared data with third parties, the FTC took enforcement action again.",ac6f63dea6784624d9acaa4bd09a931dce19e10e1f40b8fe66f50e79a134bf2f,body:root.children[6].sentence[2],04ded08362e60100596d0f3eb8cd4e1b7636e0036fefc22311dab3c0d791e242,fbd7af68d3712cd42ee0c80c52cbdc23cc019ea87948cedc69a635440d1b864a,e8cd847fd14f4d9854ae328352ad1f93f72e83217586df8bc295879bc055c99c,14,189
claim-832700bf528ebf85d42d,content/comparisons/clue-vs-flo-vs-glow.mdx,ftc,HIGH,"The FTC found in 2021 that Flo shared users' health data (period dates, pregnancy status, health symptoms) with Facebook, Google, and Flurry without user consent.",2238a07fd5ac5efa2d19f8dc25d8924efce4dc4457e6c17e4bb7bc1a8ad9c6b5,body:root.children[2].sentence[1],d23821d18f9ad6924faf4d325594accaa78b1be56a4982a5628b4bd12071c44e,90bf3d478851852e471bc0f3ebd3346eb8edf771e003932a87d50baf23d7d153,e8cd847fd14f4d9854ae328352ad1f93f72e83217586df8bc295879bc055c99c,6,126
claim-91d4ae061d4bedd58d05,content/comparisons/clue-vs-flo-vs-glow.mdx,dollar,HIGH,A class action over the same conduct settled for [$59.5M](/resources/guides/flo-period-tracker-lawsuit-settlement/) in September 2025 (Reuters 2025-09-25).,46115ed3257b259c79734e81d619821ed4c3c3840aafb4481380c7cf661781ca,body:root.children[2].sentence[2],d23821d18f9ad6924faf4d325594accaa78b1be56a4982a5628b4bd12071c44e,90bf3d478851852e471bc0f3ebd3346eb8edf771e003932a87d50baf23d7d153,e8cd847fd14f4d9854ae328352ad1f93f72e83217586df8bc295879bc055c99c,6,335
claim-9812953ad3e9ac7523fe,content/comparisons/clue-vs-flo-vs-glow.mdx,ftc,HIGH,No documented FTC enforcement.,f07b65388a1fe2510c5f9bc5b7174a52e54717ac8f73d7892d2c9749f78b44e6,body:root.children[4].sentence[1],3c3818fba09b898b4c25c335f521c6ab92d3c890e99f9662be7b1e1331600b02,90bf3d478851852e471bc0f3ebd3346eb8edf771e003932a87d50baf23d7d153,e8cd847fd14f4d9854ae328352ad1f93f72e83217586df8bc295879bc055c99c,10,180
claim-dfe07b90f9b2348c9763,content/comparisons/clue-vs-flo-vs-glow.mdx,dollar,HIGH,Clue: Free / $9.99/mo.,a317f03b14a5cdff353f4efc7c97fa393e4d901b2f8669ec79cf764d382bc69d,body:root.children[9].sentence[0],9333047bc60a11265f3a6f27d0a45eacc62034263f1687e9fcc1ca136ab724fc,90bf3d478851852e471bc0f3ebd3346eb8edf771e003932a87d50baf23d7d153,e8cd847fd14f4d9854ae328352ad1f93f72e83217586df8bc295879bc055c99c,20,14
claim-28a7cd7c845f7361a61e,content/comparisons/clue-vs-flo-vs-glow.mdx,dollar,HIGH,Flo: Free / $4.99/mo.,1a987f2dfab485b79e800f4c0c820d3fd72c6dac5c5c2d844183a6d18292939b,body:root.children[9].sentence[1],9333047bc60a11265f3a6f27d0a45eacc62034263f1687e9fcc1ca136ab724fc,90bf3d478851852e471bc0f3ebd3346eb8edf771e003932a87d50baf23d7d153,e8cd847fd14f4d9854ae328352ad1f93f72e83217586df8bc295879bc055c99c,20,36
claim-2dec7d38f32367113b1e,content/comparisons/clue-vs-flo-vs-glow.mdx,dollar,HIGH,Glow: Free / $79.99/yr.,1bbc2223489b4fec094409ace2138372bb289243a8f10502230698f023a7da16,body:root.children[9].sentence[2],9333047bc60a11265f3a6f27d0a45eacc62034263f1687e9fcc1ca136ab724fc,90bf3d478851852e471bc0f3ebd3346eb8edf771e003932a87d50baf23d7d153,e8cd847fd14f4d9854ae328352ad1f93f72e83217586df8bc295879bc055c99c,20,59
claim-f183be3a8fc6711a2e7f,content/comparisons/cycle-syncing-apps-compared.mdx,ftc,HIGH,Improved post-2021 FTC action.,906b971c306b811be54e044c64dc4fcb0f5a0e40e4accdf4baf0acc45344cb3f,body:root.children[19].sentence[1],c78db662710abf9829afd2a7d08a0f217f4b5c43261c0aab87510edd59b0aaac,53067f564e22f71ada39482a84400405837aa4ff00522c5dbffba3136da52f12,e8cd847fd14f4d9854ae328352ad1f93f72e83217586df8bc295879bc055c99c,40,43
claim-b0a3217668d1bcbd24c3,content/comparisons/euki-vs-drip-privacy-trackers.mdx,dollar,HIGH,"When [Flo](/compare/alternatives/flo-app-alternative/) claimed it did not share data with Facebook and Google, that was a policy promise that turned out to be contradicted by the behavior of embedded SDKs, the conduct that led to the [$59.5M settlement](/resources/guides/flo-period-tracker-lawsuit-settlement/).",47d3b571010f3edf96e5b3270adb0ed7f3fb003a124a5ddbd5ed33b19936b6f4,body:root.children[4].sentence[2],fafc731029c6fdc953ca6af3680de83d6822e38a2851d509a75b1257a284c016,cc5783d86c4e7ea17d1b329df54985e80264982a5fea499a627a79b230941cd2,e8cd847fd14f4d9854ae328352ad1f93f72e83217586df8bc295879bc055c99c,10,417
claim-004558db1be34593a85d,content/comparisons/fertility-awareness-method-apps-ranked.mdx,percent,HIGH,"**Effectiveness:** 98% perfect use, 93% typical use.",aa8d941f68aecee9a5123519c555f1aaf2c19d4465871435994820e60ede07ff,body:root.children[9].sentence[0].occurrence[0],aa203785a351c814d8387fddc2e6f5c55af733d3ab69ab19ea925ed2685fd628,276a5b0af2a4bdbc7312d80a1262b1aca191d81dc29eb69c47f38867bf059d25,e8cd847fd14f4d9854ae328352ad1f93f72e83217586df8bc295879bc055c99c,25,20
claim-d605abdbabcca523d1de,content/comparisons/fertility-awareness-method-apps-ranked.mdx,percent,HIGH,"**Effectiveness:** 98% perfect use, 93% typical use.",aa8d941f68aecee9a5123519c555f1aaf2c19d4465871435994820e60ede07ff,body:root.children[9].sentence[0].occurrence[1],aa203785a351c814d8387fddc2e6f5c55af733d3ab69ab19ea925ed2685fd628,276a5b0af2a4bdbc7312d80a1262b1aca191d81dc29eb69c47f38867bf059d25,e8cd847fd14f4d9854ae328352ad1f93f72e83217586df8bc295879bc055c99c,25,37
claim-117f042894c4e9d5f501,content/comparisons/fertility-tracking-features-compared.mdx,ftc,HIGH,The FTC investigated Easy Healthcare for sharing user fertility data with third parties.,ac7aa48e5b262c7abdce04ec89b147f7ee2f0131b9041b67776e45185fb85b52,body:root.children[16].sentence[1],cddd4704282af644d96d5e619a6a1e0b3cb859b725b39ed1364e1f0ad7d6bb12,15d99fa31b6e7db43fa9bb714e240f75a4e7408de878e24ae810e5538209a83d,e8cd847fd14f4d9854ae328352ad1f93f72e83217586df8bc295879bc055c99c,34,46
claim-1cfc238bb86712cfcbac,content/comparisons/flo-vs-clue-privacy-comparison.mdx,dollar,HIGH,[Flo](/compare/alternatives/flo-app-alternative/) carries the FTC enforcement action from 2021 and the later [$59.5M settlement history](/resources/guides/flo-period-tracker-lawsuit-settlement/) tied to reproductive-health data sharing.,9ede589e33768c2f47e43f55b4f0942fee12536fe9b7805ecf30b243c6e80043,body:root.children[1].sentence[1],87dfa2d438c067e07af733146b9bbfed5c0c492c6882489262ef448de469b24a,1cea193a33b1d1e26a26c448dce06a688f7929fac51351a6731a02b49c87e6fd,e8cd847fd14f4d9854ae328352ad1f93f72e83217586df8bc295879bc055c99c,4,233
claim-3cf6f419eaad22af049c,content/comparisons/flo-vs-clue-privacy-comparison.mdx,ftc,HIGH,[Flo](/compare/alternatives/flo-app-alternative/) carries the FTC enforcement action from 2021 and the later [$59.5M settlement history](/resources/guides/flo-period-tracker-lawsuit-settlement/) tied to reproductive-health data sharing.,9ede589e33768c2f47e43f55b4f0942fee12536fe9b7805ecf30b243c6e80043,body:root.children[1].sentence[1],87dfa2d438c067e07af733146b9bbfed5c0c492c6882489262ef448de469b24a,1cea193a33b1d1e26a26c448dce06a688f7929fac51351a6731a02b49c87e6fd,e8cd847fd14f4d9854ae328352ad1f93f72e83217586df8bc295879bc055c99c,4,185
claim-4d844bee019e0ef051b1,content/comparisons/flo-vs-clue-privacy-comparison.mdx,dollar,HIGH,Premium is $4.99/mo or $39.99/yr.,8d6a9e37ddcc86a4f2459596c0d490646d2f7b739da657ce48b09f8eb34357a0,body:root.children[11].sentence[1].occurrence[0],15784caf144be5572471e2ddcd6e74e32cc8d446114358505114741cf92a650c,1cea193a33b1d1e26a26c448dce06a688f7929fac51351a6731a02b49c87e6fd,e8cd847fd14f4d9854ae328352ad1f93f72e83217586df8bc295879bc055c99c,24,45
claim-d86501d620f97eded901,content/comparisons/flo-vs-clue-privacy-comparison.mdx,dollar,HIGH,Premium is $4.99/mo or $39.99/yr.,8d6a9e37ddcc86a4f2459596c0d490646d2f7b739da657ce48b09f8eb34357a0,body:root.children[11].sentence[1].occurrence[1],15784caf144be5572471e2ddcd6e74e32cc8d446114358505114741cf92a650c,1cea193a33b1d1e26a26c448dce06a688f7929fac51351a6731a02b49c87e6fd,e8cd847fd14f4d9854ae328352ad1f93f72e83217586df8bc295879bc055c99c,24,57
claim-b7e60b23d013b63ec8f2,content/comparisons/flo-vs-clue-privacy-comparison.mdx,dollar,HIGH,Plus is $9.99/mo or $59.99/yr.,5eb28e61f931497c4e45eef315c46bbd73dcf5c59823228b39fa5d8077bcd37e,body:root.children[11].sentence[4].occurrence[0],15784caf144be5572471e2ddcd6e74e32cc8d446114358505114741cf92a650c,1cea193a33b1d1e26a26c448dce06a688f7929fac51351a6731a02b49c87e6fd,e8cd847fd14f4d9854ae328352ad1f93f72e83217586df8bc295879bc055c99c,24,164
claim-d9b70bf182285f7b5637,content/comparisons/flo-vs-clue-privacy-comparison.mdx,dollar,HIGH,Plus is $9.99/mo or $59.99/yr.,5eb28e61f931497c4e45eef315c46bbd73dcf5c59823228b39fa5d8077bcd37e,body:root.children[11].sentence[4].occurrence[1],15784caf144be5572471e2ddcd6e74e32cc8d446114358505114741cf92a650c,1cea193a33b1d1e26a26c448dce06a688f7929fac51351a6731a02b49c87e6fd,e8cd847fd14f4d9854ae328352ad1f93f72e83217586df8bc295879bc055c99c,24,176
claim-b3db2eb19f310d11f069,content/comparisons/flo-vs-clue-privacy-comparison.mdx,ftc,HIGH,Flo introduced Anonymous Mode after the FTC enforcement action.,a5e5e322555f03bc867e99c3061cbcdf7a2ba086455a39579acaeb7b3b42bdf6,body:root.children[7].sentence[0],c2025e71cfcc76ac4f8537c1e5cc11352438b78891b724fdf17a7fb15250ade8,1cea193a33b1d1e26a26c448dce06a688f7929fac51351a6731a02b49c87e6fd,e8cd847fd14f4d9854ae328352ad1f93f72e83217586df8bc295879bc055c99c,16,41
claim-981de41632dccc5a6d26,content/comparisons/flo-vs-euki.mdx,ftc,HIGH,"The FTC also took enforcement action against Flo in 2021 for sharing users' reproductive health data with Facebook, Google, and Flurry without consent.",74dd541ae2036290d84fcbd941b66b9cb02f9d1e257f4c607e2bc96a15cd7b83,body:root.children[2].sentence[0],013f7bb73a362c9fbc5b318833fbb9cc8d4bf8d3327b071a7509524216f91d14,f925423dc66b3d42283bc2a946c07b4d008dee75681aa32073ca1012bf7412d5,e8cd847fd14f4d9854ae328352ad1f93f72e83217586df8bc295879bc055c99c,6,5
claim-9fad6f3a8224680439fb,content/comparisons/flo-vs-euki.mdx,dollar,HIGH,A class action over the same conduct settled for $59.5M in September 2025 (Reuters 2025-09-25).,3d2de2011ea81b61ae7736ab3f89d5c5b10c8ce21ab2b4c22ede96d41944a968,body:root.children[2].sentence[1],013f7bb73a362c9fbc5b318833fbb9cc8d4bf8d3327b071a7509524216f91d14,f925423dc66b3d42283bc2a946c07b4d008dee75681aa32073ca1012bf7412d5,e8cd847fd14f4d9854ae328352ad1f93f72e83217586df8bc295879bc055c99c,6,202
claim-d0887231334abccd51c8,content/comparisons/flo-vs-floriva-data-comparison.mdx,ftc,HIGH,"The FTC found that Flo had shared sensitive user health data, including menstrual cycle dates, pregnancy status, and health symptoms, with Facebook, Google, and Flurry through embedded analytics SDKs.",3647e3791e9e124d10bf5a86e6607ae71115ec5eeed506e57da121387da587a4,body:root.children[1].sentence[1],d6518ca0cc347263cc56a2ca37690132ec7192e6d3fd7966616b30eb6746e2f4,2fe2c492274342f54c686590a25627952d4929e2d5a1adde2a6e10a26f53e89d,e8cd847fd14f4d9854ae328352ad1f93f72e83217586df8bc295879bc055c99c,4,95
claim-5a8bf5e0af137addb947,content/comparisons/flo-vs-floriva-data-comparison.mdx,ftc,HIGH,"The FTC's enforcement action required Flo to get user consent before sharing data, notify affected users, and implement a privacy review program.",404c4e1a179091b9ec8eb88db357daeb86f0687d756a72f10136fcbc8b485206,body:root.children[2].sentence[0],8efe24cd1abde7a96148faa376f5ec2db58b4e69e643405304e72bc3efb4e957,2fe2c492274342f54c686590a25627952d4929e2d5a1adde2a6e10a26f53e89d,e8cd847fd14f4d9854ae328352ad1f93f72e83217586df8bc295879bc055c99c,6,5
claim-d01f39e1ade943e54b15,content/comparisons/flo-vs-floriva-data-comparison.mdx,dollar,HIGH,"In September 2025, a combined $59.5M class action settlement resolved claims from users affected by the data sharing.",cda9c7450854ae1a99b9d3a57742dda3e0062877865436f350ca10cc1367dd9f,body:root.children[3].sentence[0],5d512107c55a621b485dff049a7b21c3fdeffc887173c5b461bc44e401f8fd8e,2fe2c492274342f54c686590a25627952d4929e2d5a1adde2a6e10a26f53e89d,e8cd847fd14f4d9854ae328352ad1f93f72e83217586df8bc295879bc055c99c,8,31
claim-2325c2aa53ffcd5d6f76,content/comparisons/flo-vs-natural-cycles.mdx,dollar,HIGH,The trade-off is cost ($12.99/mo) and daily commitment: you take your basal body temperature every morning before getting up.,18d0826c3dbf33a08efdad3e0f2b60f30eb3a7c5b03e0def0c4b3b96266b6a9b,body:root.children[2].sentence[2],a8849bf8cfad183da62d81cb4c78d7a614a398fcb5534816d42be7ac47f17a42,387f5c29c91eb0df74badbbc7866c2584075a2295ce1eb9fb8b0a0db099abbb1,e8cd847fd14f4d9854ae328352ad1f93f72e83217586df8bc295879bc055c99c,6,280
claim-84a832c12e8191d8ebb0,content/comparisons/flo-vs-natural-cycles.mdx,ftc,HIGH,"The FTC found in 2021 that Flo shared health data with Facebook, Google, and Flurry without user consent.",1bb64767406d1a869f3962352307015f82e37cfbcf26862d9ec63cf87d344103,body:root.children[3].sentence[2],0ce9f6ce02215bd93497b19ccdbdf299bbe766d7e123e8255037d35be3c4daaf,387f5c29c91eb0df74badbbc7866c2584075a2295ce1eb9fb8b0a0db099abbb1,e8cd847fd14f4d9854ae328352ad1f93f72e83217586df8bc295879bc055c99c,8,151
claim-04165a4c63211ae36bfe,content/comparisons/flo-vs-natural-cycles.mdx,dollar,HIGH,A [class action over the same conduct](/resources/guides/flo-period-tracker-lawsuit-settlement/) settled for $59.5M in September 2025 (Reuters 2025-09-25).,77bbeb49fe94c36fbb7feb0bb835aa607900e2b0ac022d649c6b2c79c06e09b9,body:root.children[3].sentence[3],0ce9f6ce02215bd93497b19ccdbdf299bbe766d7e123e8255037d35be3c4daaf,387f5c29c91eb0df74badbbc7866c2584075a2295ce1eb9fb8b0a0db099abbb1,e8cd847fd14f4d9854ae328352ad1f93f72e83217586df8bc295879bc055c99c,8,362
claim-1f5fb67ad288dd5da893,content/comparisons/flo-vs-natural-cycles.mdx,dollar,HIGH,Natural Cycles is the most expensive option in the space at $12.99/mo or $99.99/yr (as of original publication; check current rates at naturalcycles.com).,a50542025fb443a1c7e6bcab5bc2f7cc848305e10a16d623718175da85930239,body:root.children[9].sentence[0].occurrence[0],d894b8869df9eeed43b07e56d6005c78afa0f027b042e813fe5160b000a220e3,387f5c29c91eb0df74badbbc7866c2584075a2295ce1eb9fb8b0a0db099abbb1,e8cd847fd14f4d9854ae328352ad1f93f72e83217586df8bc295879bc055c99c,20,61
claim-f29f0b81d67ee443f7f2,content/comparisons/flo-vs-natural-cycles.mdx,dollar,HIGH,Natural Cycles is the most expensive option in the space at $12.99/mo or $99.99/yr (as of original publication; check current rates at naturalcycles.com).,a50542025fb443a1c7e6bcab5bc2f7cc848305e10a16d623718175da85930239,body:root.children[9].sentence[0].occurrence[1],d894b8869df9eeed43b07e56d6005c78afa0f027b042e813fe5160b000a220e3,387f5c29c91eb0df74badbbc7866c2584075a2295ce1eb9fb8b0a0db099abbb1,e8cd847fd14f4d9854ae328352ad1f93f72e83217586df8bc295879bc055c99c,20,74
claim-5e966f9c25d7254c81eb,content/comparisons/flo-vs-natural-cycles.mdx,dollar,HIGH,Flo Premium is $4.99/mo or $39.99/yr.,9bc44f27a67a7788a10db29ec186d44adca74849beafa507d82029894c9d07b3,body:root.children[9].sentence[1].occurrence[0],d894b8869df9eeed43b07e56d6005c78afa0f027b042e813fe5160b000a220e3,387f5c29c91eb0df74badbbc7866c2584075a2295ce1eb9fb8b0a0db099abbb1,e8cd847fd14f4d9854ae328352ad1f93f72e83217586df8bc295879bc055c99c,20,171
claim-060e6666477712289ebd,content/comparisons/flo-vs-natural-cycles.mdx,dollar,HIGH,Flo Premium is $4.99/mo or $39.99/yr.,9bc44f27a67a7788a10db29ec186d44adca74849beafa507d82029894c9d07b3,body:root.children[9].sentence[1].occurrence[1],d894b8869df9eeed43b07e56d6005c78afa0f027b042e813fe5160b000a220e3,387f5c29c91eb0df74badbbc7866c2584075a2295ce1eb9fb8b0a0db099abbb1,e8cd847fd14f4d9854ae328352ad1f93f72e83217586df8bc295879bc055c99c,20,183
claim-d8156a86f74f66338066,content/comparisons/flo-vs-stardust.mdx,case-citation,HIGH,"When Roe v. Wade was overturned, Stardust saw significant downloads from users looking for a safer alternative to [Flo](/compare/alternatives/flo-app-alternative/).",0b0cfcb84046be4c6ae0bcde1b4873057493729f053a0c108bf79ed1a099fd58,body:root.children[1].sentence[1],6f4478edd03bad3948e40a5ffa3cd38b1c4749f176e2ed8671d11c8b8be02f95,870aee5597986bf1500078b190aa5f43d072623fcf4972c249cbc582e0a4b962,e8cd847fd14f4d9854ae328352ad1f93f72e83217586df8bc295879bc055c99c,4,124
claim-db27a4f7eb843e4d6efb,content/comparisons/flo-vs-stardust.mdx,named-case,HIGH,"When Roe v. Wade was overturned, Stardust saw significant downloads from users looking for a safer alternative to [Flo](/compare/alternatives/flo-app-alternative/).",0b0cfcb84046be4c6ae0bcde1b4873057493729f053a0c108bf79ed1a099fd58,body:root.children[1].sentence[1],6f4478edd03bad3948e40a5ffa3cd38b1c4749f176e2ed8671d11c8b8be02f95,870aee5597986bf1500078b190aa5f43d072623fcf4972c249cbc582e0a4b962,e8cd847fd14f4d9854ae328352ad1f93f72e83217586df8bc295879bc055c99c,4,124
claim-6da0a343b0a3d63e56f2,content/comparisons/flo-vs-stardust.mdx,dollar,HIGH,Flo Premium is $4.99/mo.,def17c996792e6a0260220174133432e9411799ca7e99e42e15a8517139890e0,body:root.children[10].sentence[1],4af5929eb984c2ef46acbd900e44751d2b1aedd7c3fc5d90fdcb71b23fee5912,870aee5597986bf1500078b190aa5f43d072623fcf4972c249cbc582e0a4b962,e8cd847fd14f4d9854ae328352ad1f93f72e83217586df8bc295879bc055c99c,22,40
claim-1c577eb270f0e887e18d,content/comparisons/flo-vs-stardust.mdx,dollar,HIGH,Stardust Free tier is available and Premium is $7.99/mo.,2e6ab333984ded0948dcf0eecf8dc1bbc40954d4042c2626245d0e2ce60345eb,body:root.children[10].sentence[2],4af5929eb984c2ef46acbd900e44751d2b1aedd7c3fc5d90fdcb71b23fee5912,870aee5597986bf1500078b190aa5f43d072623fcf4972c249cbc582e0a4b962,e8cd847fd14f4d9854ae328352ad1f93f72e83217586df8bc295879bc055c99c,22,97
claim-540bc8f5861dc01fa702,content/comparisons/flo-vs-stardust.mdx,ftc,HIGH,No documented FTC enforcement.,f07b65388a1fe2510c5f9bc5b7174a52e54717ac8f73d7892d2c9749f78b44e6,body:root.children[2].sentence[1],595e6c9a96605dcc0a0dd425e80105693cc29ceabc262e61b854d7d11565a973,870aee5597986bf1500078b190aa5f43d072623fcf4972c249cbc582e0a4b962,e8cd847fd14f4d9854ae328352ad1f93f72e83217586df8bc295879bc055c99c,6,53
claim-6f644339b8be422e8f1b,content/comparisons/flo-vs-stardust.mdx,ftc,HIGH,"The FTC found in 2021 that Flo shared users' reproductive health data with Facebook, Google, and Flurry despite explicit privacy promises.",af47d049ff9cc1539f88f4f70f5b866e684c6c79f788eabb3cd7c4104a91f72e,body:root.children[4].sentence[1],24315cb61d321f2cffa0c9ced32a896c66a3c1e961394d014af4d8a92f00ee0e,870aee5597986bf1500078b190aa5f43d072623fcf4972c249cbc582e0a4b962,e8cd847fd14f4d9854ae328352ad1f93f72e83217586df8bc295879bc055c99c,10,114
claim-b1b884178a58faec182c,content/comparisons/flo-vs-stardust.mdx,dollar,HIGH,A [$59.5M class action settlement](/resources/guides/flo-period-tracker-lawsuit-settlement/) followed in September 2025 (Reuters 2025-09-25).,a69397492d355adbd117e7d8131c97ace9a4313aa5e0aa9fa496af68f7c2c949,body:root.children[4].sentence[2],24315cb61d321f2cffa0c9ced32a896c66a3c1e961394d014af4d8a92f00ee0e,870aee5597986bf1500078b190aa5f43d072623fcf4972c249cbc582e0a4b962,e8cd847fd14f4d9854ae328352ad1f93f72e83217586df8bc295879bc055c99c,10,252
claim-95e9041f78ddc9600b16,content/comparisons/floriva-vs-clue-privacy.mdx,dollar,HIGH,Clue Plus ~$59.99/year,906fb949d511f62d64e29d2cfb3fb9b9e2798ce3369af8fef6753a97fcc85ead,body:root.children[16].children[9].children[1],739efe8d5d1e07129688a6e8bfb11d25e0bb806f3864453d8808f5d7f5370a35,aa6df38e0353873b1bd4a2607d2c4c3ffdf2d6c3cc4e2139e6b643e753600368,e8cd847fd14f4d9854ae328352ad1f93f72e83217586df8bc295879bc055c99c,49,35
claim-86990f284effa8c44331,content/comparisons/floriva-vs-clue-privacy.mdx,named-case,HIGH,Has stated it would contest law enforcement requests for user data in abortion-related investigations (post-Dobbs statement),bd53a9b390079ec9085375288454129fc8d0f0d3a191639627261e06cad279df,body:root.children[6].children[2].children[0].sentence[0],cfe586e4066ae459d482796fbfdc97971f3aa19ad75486e34ceb81e22b483b56,aa6df38e0353873b1bd4a2607d2c4c3ffdf2d6c3cc4e2139e6b643e753600368,e8cd847fd14f4d9854ae328352ad1f93f72e83217586df8bc295879bc055c99c,15,111
claim-545d4d8822cca88b9888,content/comparisons/floriva-vs-glow.mdx,dollar,HIGH,"Those servers have had two documented security incidents: a 2016 vulnerability found by Consumer Reports that led to a $250,000 California AG settlement in 2020, and a separate 2024 API bug that exposed data of about 25 million users.",0c4bbe0fdf8e41a741b9751402917a876603556affb80b4ab133c32bb71b8a0f,body:root.children[0].sentence[3],a28e9cdb371e0daefb04756ec6e326cba372971fea1bc3a038d4447c75eef7e7,764fbbdce9ccadd93a2c3fda77fd159e4de31377e6bfe69f989b620dfaf446c4,e8cd847fd14f4d9854ae328352ad1f93f72e83217586df8bc295879bc055c99c,2,326
claim-2adf8ef106b0b88ba678,content/comparisons/floriva-vs-glow.mdx,dollar,HIGH,"The California AG settled with Glow in September 2020 for $250,000 over this vulnerability.",308c580d4803fd1b727e8f86662dc5944a7d6f2467fb54eccfc8e60c1659dad0,body:root.children[8].sentence[2],9947b1d04b623e87401748e14bafd73bc5c3b7a4af9fd424b48863f26d99f6e6,764fbbdce9ccadd93a2c3fda77fd159e4de31377e6bfe69f989b620dfaf446c4,e8cd847fd14f4d9854ae328352ad1f93f72e83217586df8bc295879bc055c99c,18,208
claim-5b6232e3dccf2b5e5f3b,content/comparisons/floriva-vs-natural-cycles.mdx,percent,HIGH,Violations carry potential fines of up to 4% of global revenue,9e35fa01bef1aa828ed009466c5f5651f48af122d4d98a588da83c08df339f0d,body:root.children[12].children[3].children[0].sentence[0],31ee982918d0efa7e768cfda86db18b9f29c9f1223f2bfb80c7b6dcc5179d9ea,647c1f17625a991dc83802c1a185f7e7e3fbc5b6e90ab27acb931f804c292227,e8cd847fd14f4d9854ae328352ad1f93f72e83217586df8bc295879bc055c99c,41,45
claim-846ae8a5fc2a230850d8,content/comparisons/floriva-vs-natural-cycles.mdx,percent,HIGH,**Typical use failure rate:** 7% per year (1 in 14 users will become pregnant per year with typical use),3be980a8695b1153bf6a212dc26cdfa00df1b80bcd897eda017eadd826d4280e,body:root.children[6].children[0].children[0].sentence[0],8dccade8480606af9d0cb931034b17e473cda99372f1f831b1999e079151db3f,647c1f17625a991dc83802c1a185f7e7e3fbc5b6e90ab27acb931f804c292227,e8cd847fd14f4d9854ae328352ad1f93f72e83217586df8bc295879bc055c99c,13,33
claim-cd9311296688f851fc54,content/comparisons/floriva-vs-natural-cycles.mdx,percent,HIGH,**Perfect use failure rate:** 2% per year (1 in 50 with perfect use),cdd5c2246dbd087ca4915b86ac43f6bce77be97ed1ea05995ddea715303ce6aa,body:root.children[6].children[1].children[0].sentence[0],8dccade8480606af9d0cb931034b17e473cda99372f1f831b1999e079151db3f,647c1f17625a991dc83802c1a185f7e7e3fbc5b6e90ab27acb931f804c292227,e8cd847fd14f4d9854ae328352ad1f93f72e83217586df8bc295879bc055c99c,14,33
claim-41630b8ee93fcd3c8c43,content/comparisons/floriva-vs-natural-cycles.mdx,percent,HIGH,For comparison: the copper IUD has about 0.8% typical use failure rate; the hormonal IUD is below 0.1%.,584b66bf102d6a60f3c5d8cf541fdb0b45da40714e24db7fdce7f946066893bf,body:root.children[7].sentence[0].occurrence[0],4b410ec17cc1aba4022ca5dedd792fbe8d3ef2b4b387f6bf9f0d57a4c4bf9409,647c1f17625a991dc83802c1a185f7e7e3fbc5b6e90ab27acb931f804c292227,e8cd847fd14f4d9854ae328352ad1f93f72e83217586df8bc295879bc055c99c,18,42
claim-9fd2622014a50fb9bb32,content/comparisons/floriva-vs-natural-cycles.mdx,percent,HIGH,For comparison: the copper IUD has about 0.8% typical use failure rate; the hormonal IUD is below 0.1%.,584b66bf102d6a60f3c5d8cf541fdb0b45da40714e24db7fdce7f946066893bf,body:root.children[7].sentence[0].occurrence[1],4b410ec17cc1aba4022ca5dedd792fbe8d3ef2b4b387f6bf9f0d57a4c4bf9409,647c1f17625a991dc83802c1a185f7e7e3fbc5b6e90ab27acb931f804c292227,e8cd847fd14f4d9854ae328352ad1f93f72e83217586df8bc295879bc055c99c,18,99
claim-e4d8656f4756cbd50836,content/comparisons/floriva-vs-natural-cycles.mdx,dollar,HIGH,$12.99/mo or $99.99/yr (as of original publication; check current rates at naturalcycles.com),431a620fec6a3bd8654480d1ea460c291f8b4455f654070f4981599981cd9b1e,body:root.children[9].children[7].children[1].occurrence[0],da46ac09572d1ede10ca87421e05de0e90efce03ec56beb8cc893a3a60722eed,647c1f17625a991dc83802c1a185f7e7e3fbc5b6e90ab27acb931f804c292227,e8cd847fd14f4d9854ae328352ad1f93f72e83217586df8bc295879bc055c99c,30,22
claim-8ac74faad922cfcac219,content/comparisons/floriva-vs-natural-cycles.mdx,dollar,HIGH,$12.99/mo or $99.99/yr (as of original publication; check current rates at naturalcycles.com),431a620fec6a3bd8654480d1ea460c291f8b4455f654070f4981599981cd9b1e,body:root.children[9].children[7].children[1].occurrence[1],da46ac09572d1ede10ca87421e05de0e90efce03ec56beb8cc893a3a60722eed,647c1f17625a991dc83802c1a185f7e7e3fbc5b6e90ab27acb931f804c292227,e8cd847fd14f4d9854ae328352ad1f93f72e83217586df8bc295879bc055c99c,30,35
claim-c4cb20c5b3c923e1e672,content/comparisons/floriva-vs-premom.mdx,ftc,HIGH,"In 2023, the FTC found that Premom shared users' fertility and pregnancy data with third-party companies, including AppsFlyer and Google, without adequate consent.",cf8edf9684266817251ee4ac68d64ffd9400614453c651238ea0da185edbf8f2,body:root.children[0].sentence[0],b21ca61ee3603cd573a7b7d8cc95d55781369d06696e4e116c8d369b86f5e1f8,96d88a14931917df90cb3e150c927a690dce1bd1f9437ecc5e4d66caa6622b2f,e8cd847fd14f4d9854ae328352ad1f93f72e83217586df8bc295879bc055c99c,2,14
claim-f466ae4ce53feacd7996,content/comparisons/floriva-vs-premom.mdx,ftc,HIGH,"There is no readable central cycle database to share from, no third-party SDK receiving your cycle data, and no comparable health-event sharing practice to discover through an FTC investigation.",70245bda33d66f2045cfd1332e54a63c9fabfe7971267876ac6b5e6bbc45497a,body:root.children[1].sentence[1],9e42a07292eaec5aa660da423cf0114170293f775182f8217944262e8d24bf3d,96d88a14931917df90cb3e150c927a690dce1bd1f9437ecc5e4d66caa6622b2f,e8cd847fd14f4d9854ae328352ad1f93f72e83217586df8bc295879bc055c99c,4,220
claim-fa389fe518ea5ba4ae33,content/comparisons/floriva-vs-premom.mdx,ftc,HIGH,The free tier's economics should be understood in light of the FTC enforcement.,9bc1fe02a704bbb07b91fabcab0ea46f9738654af44eee5dcc3f8dfc0ad3e4b8,body:root.children[14].sentence[1],6a609683af9029b901bea2843e8c3f3fc7f7cfaa632bdd59cf6adc13b7bc5697,96d88a14931917df90cb3e150c927a690dce1bd1f9437ecc5e4d66caa6622b2f,e8cd847fd14f4d9854ae328352ad1f93f72e83217586df8bc295879bc055c99c,30,113
claim-b45781b1529984a93e97,content/comparisons/floriva-vs-premom.mdx,ftc,HIGH,The FTC confirmed that pattern with Premom.,b4308a35b3277a01f51f6f556c0ebb4559da0ee1825823f86879786028920ba6,body:root.children[15].sentence[4],d39e4eb90cf48655013f9ef2b072d837f4919be9e166c23376e8c06c088abf35,96d88a14931917df90cb3e150c927a690dce1bd1f9437ecc5e4d66caa6622b2f,e8cd847fd14f4d9854ae328352ad1f93f72e83217586df8bc295879bc055c99c,32,189
claim-adbe7ef153bde571de4f,content/comparisons/floriva-vs-premom.mdx,ftc,HIGH,**Choose Premom if:** connected ovulation test reading is essential to your fertility tracking and you are comfortable with cloud-based storage after the FTC enforcement.,9cc8e398ef31cdbc85260bf4d50d70d27685a7218d8e3e712ea8c6316c311585,body:root.children[17].sentence[0],43bbcc44aef1d6570886fc19c1d3db20cf32732bc0621f78169e096f681b9e50,96d88a14931917df90cb3e150c927a690dce1bd1f9437ecc5e4d66caa6622b2f,e8cd847fd14f4d9854ae328352ad1f93f72e83217586df8bc295879bc055c99c,36,155
claim-b7e743c713c8615e9420,content/comparisons/floriva-vs-premom.mdx,ftc,HIGH,"**Choose Floriva if:** the FTC enforcement against Premom concerns you, you want architectural privacy rather than policy-based privacy, or you do not need connected hardware.",8eace7288342ed74b18a109a2a040f293b2c93c1dcc89f6cb457b7ed2b24f7aa,body:root.children[18].sentence[0],d6b5af408f0ab5f7ad4ad919aa415a14d54f8617424a5cae1d4b5b3db66d0503,96d88a14931917df90cb3e150c927a690dce1bd1f9437ecc5e4d66caa6622b2f,e8cd847fd14f4d9854ae328352ad1f93f72e83217586df8bc295879bc055c99c,38,28
claim-a8a7b39a1c90f3d8870c,content/comparisons/floriva-vs-premom.mdx,ftc,HIGH,The FTC had to intervene because users had no way to know and no way to stop it.,e8ba501f579dfca2c42aefdf6f35b1c60b48374df57a4426e4f3bed515a2d758,body:root.children[20].sentence[1],b59190bd9471361516f0b486aaaeb2feff57671cad3752c900a784a00235f536,96d88a14931917df90cb3e150c927a690dce1bd1f9437ecc5e4d66caa6622b2f,e8cd847fd14f4d9854ae328352ad1f93f72e83217586df8bc295879bc055c99c,42,96
claim-92499420013c88f84406,content/comparisons/floriva-vs-premom.mdx,ftc,HIGH,The FTC found that Premom's incentives won.,31446b34028b16a1e86e3ef1644d8c5e23030117640933e1a389f065c89f2729,body:root.children[3].sentence[4],54ae5f02472e87d9ceb9f8601c0f5d1b16cb12b149de51849643c5fc4e09ce1f,96d88a14931917df90cb3e150c927a690dce1bd1f9437ecc5e4d66caa6622b2f,e8cd847fd14f4d9854ae328352ad1f93f72e83217586df8bc295879bc055c99c,8,267
claim-9a1b132efc759d61b6b5,content/comparisons/floriva-vs-premom.mdx,ftc,HIGH,The FTC enforcement action revealed that the app included third-party SDKs that received user health data.,4670dbeb7b602511dce27a5237c32603c349cf802cbe8a34e42730e39e0043ad,body:root.children[6].sentence[1],36e9f7f54c1598b164e0df918aebfc3c4c2ec4b26e6a440500f26fa3b40c12ab,96d88a14931917df90cb3e150c927a690dce1bd1f9437ecc5e4d66caa6622b2f,e8cd847fd14f4d9854ae328352ad1f93f72e83217586df8bc295879bc055c99c,14,70
claim-17144a9d16dd31876971,content/comparisons/floriva-vs-stardust-comparison.mdx,named-case,HIGH,"Stardust became one of the most downloaded apps in the App Store in the days after the Dobbs decision in June 2022, driven by its positioning as a privacy-first period tracker at exactly the moment reproductive privacy concerns peaked.",ac09c264e0a10f30b1fb8640721cb612db29744a794d02ab575fce99a4f456c6,body:root.children[0].sentence[0],053591ef40a6a2e529bc0565630235974e20c6cf811e320b0e31017863d8431b,a108be26f66c25dd55a90480bdd58d7b328166ade03294e4b62541f4c1ebca56,e8cd847fd14f4d9854ae328352ad1f93f72e83217586df8bc295879bc055c99c,2,88
claim-ffe3414613f08c106d07,content/comparisons/glow-vs-natural-cycles.mdx,dollar,HIGH,Natural Cycles is listed at $12.99/mo or $99.99/yr (as of original publication; check current rates at naturalcycles.com).,bed2825fb5c2043e189a2f5400f795959ff68ad3c3bf9de628db8e5e4abd1bc0,body:root.children[15].sentence[0].occurrence[0],cc558ebe0dbfce6b9836df0ee6d35558b90d8a87c020afae76708b3ed88605d3,f1a650d6f16b3b70a905f2938c882e9294b816558662a065b44b8115d22ce745,e8cd847fd14f4d9854ae328352ad1f93f72e83217586df8bc295879bc055c99c,32,29
claim-ac1a0b06c5daf1703045,content/comparisons/glow-vs-natural-cycles.mdx,dollar,HIGH,Natural Cycles is listed at $12.99/mo or $99.99/yr (as of original publication; check current rates at naturalcycles.com).,bed2825fb5c2043e189a2f5400f795959ff68ad3c3bf9de628db8e5e4abd1bc0,body:root.children[15].sentence[0].occurrence[1],cc558ebe0dbfce6b9836df0ee6d35558b90d8a87c020afae76708b3ed88605d3,f1a650d6f16b3b70a905f2938c882e9294b816558662a065b44b8115d22ce745,e8cd847fd14f4d9854ae328352ad1f93f72e83217586df8bc295879bc055c99c,32,42
claim-5806216eee080b0bd053,content/comparisons/glow-vs-natural-cycles.mdx,dollar,HIGH,Glow has a free tier and a premium at $59.99/yr.,d928661b3854095289f62f07d8bca0d09e043c526a314605f7f134235c3e49f1,body:root.children[15].sentence[1],cc558ebe0dbfce6b9836df0ee6d35558b90d8a87c020afae76708b3ed88605d3,f1a650d6f16b3b70a905f2938c882e9294b816558662a065b44b8115d22ce745,e8cd847fd14f4d9854ae328352ad1f93f72e83217586df8bc295879bc055c99c,32,162
claim-71ec538e36ad551bed9a,content/comparisons/natural-cycles-vs-clue-data-privacy.mdx,dollar,HIGH,Natural Cycles costs $12.99/mo with no free tier (as of original publication; check current rates at naturalcycles.com).,c781b2e493d0c79e80ae55caf3713a21d2a7331b70ae8775082d081145e170d5,body:root.children[16].sentence[1],301342c65762769cdc462670bd553a473ba7496453bdafb6c602de3d7b2e6539,80ddb933753ba0fd667d96b41558c7b94589b5c0e43d46dc3b529e7edc297dfe,e8cd847fd14f4d9854ae328352ad1f93f72e83217586df8bc295879bc055c99c,34,108
claim-cbbf2ac66f390caaf3a3,content/comparisons/natural-cycles-vs-clue-data-privacy.mdx,dollar,HIGH,Clue offers a functional free tier with core tracking features and costs $9.99/mo for the full feature set.,3576a952088ad3e96ba3381863999b6c508febfb773386f2f513505436586723,body:root.children[16].sentence[3],301342c65762769cdc462670bd553a473ba7496453bdafb6c602de3d7b2e6539,80ddb933753ba0fd667d96b41558c7b94589b5c0e43d46dc3b529e7edc297dfe,e8cd847fd14f4d9854ae328352ad1f93f72e83217586df8bc295879bc055c99c,34,361
claim-7bdb4dd634996282e3bd,content/comparisons/natural-cycles-vs-clue-data-privacy.mdx,percent,HIGH,"Typical-use effectiveness is 93%, functional as a method, but lower than hormonal contraception.",ef3b56e222da524b5f773b0b3bfb6c6c86e78a647dfea04767edcf22b089d181,body:root.children[3].sentence[3],6c4ca9e2aa3f111e9ce4b41a17e2108093fc36e72fa2d07f84e2c4188ff4d81b,80ddb933753ba0fd667d96b41558c7b94589b5c0e43d46dc3b529e7edc297dfe,e8cd847fd14f4d9854ae328352ad1f93f72e83217586df8bc295879bc055c99c,8,267
claim-c749b457fa588c81316a,content/comparisons/natural-cycles-vs-clue-data-privacy.mdx,ftc,HIGH,Users evaluating period trackers after the Flo FTC settlement often land on Natural Cycles or Clue as the next tier of consideration.,c677f3858f6d5765c7af9fe0d87656d11e98cdc14285fbe12540c587521fbf8c,body:root.children[6].sentence[0],67a900de7ad6c5b6ef0676bdf1d8a0ce901cbd0f6ef2dd8ac37106b3985bef70,80ddb933753ba0fd667d96b41558c7b94589b5c0e43d46dc3b529e7edc297dfe,e8cd847fd14f4d9854ae328352ad1f93f72e83217586df8bc295879bc055c99c,14,48
claim-d6ab08bc95ed342d0aa2,content/comparisons/natural-cycles-vs-stardust-data.mdx,named-case,HIGH,"Natural Cycles and Stardust approached each other on the competitive map post-Dobbs, both positioned as alternatives to surveillance-heavy mainstream apps.",fa9959fe348797735d95c296fb91191d097eccc4b6fdfda05fd3939d7855b478,body:root.children[0].sentence[0],0c512c8464e7ea11cafa19ca46d6b5fb36d00e31dc317ae19257aa3f1c70c4bc,89bf11bf2ae4065d932f5066ddc6fedd099d293f12191daf20498e2f2d31c3a2,e8cd847fd14f4d9854ae328352ad1f93f72e83217586df8bc295879bc055c99c,2,79
claim-4b01fb651904ba9d5160,content/comparisons/natural-cycles-vs-stardust-data.mdx,named-case,HIGH,Dobbs → privacy concerns → users seek alternatives → Stardust surges in downloads,c7211c1c969bafe222ffb3776853ae495ea748417f24d3a2f4481f352add9b65,body:root.children[11].children[0].children[0].sentence[0],dabc9d5137185966d79a5a8ec9fef9856a0e04cf5980878819e0a9a1614e7760,89bf11bf2ae4065d932f5066ddc6fedd099d293f12191daf20498e2f2d31c3a2,e8cd847fd14f4d9854ae328352ad1f93f72e83217586df8bc295879bc055c99c,26,4
claim-07290c28f1cbb53d2a93,content/comparisons/natural-cycles-vs-stardust-data.mdx,dollar,HIGH,Yes (~$100/year),ae9a40e234ee048abeb7abb887fd268e6d314f6b2742184bfba6149842f2d933,body:root.children[16].children[9].children[1],afd411c5643ec09f66c0a47cf8236f2078546893cadbc11a2bc3a7c385f89495,89bf11bf2ae4065d932f5066ddc6fedd099d293f12191daf20498e2f2d31c3a2,e8cd847fd14f4d9854ae328352ad1f93f72e83217586df8bc295879bc055c99c,50,33
claim-fe1fa081ee24c217ebda,content/comparisons/period-tracker-data-breach-history.mdx,ftc,HIGH,It recurs in each of the two major FTC enforcement cases that follow.,c052f12c9f0dee2ad5d3a2c5e191e77146b71c4ed7985af6867ca144102bf7dc,body:root.children[15].sentence[2],08b37426063b946091c5eb72e70d2288d2e9a1307fca43a1dd9a802981c7a2d0,33091b62e9227a83c0b9303ed5c0d3f67b6b93a1d5e112e6299464d4b51e6545,e8cd847fd14f4d9854ae328352ad1f93f72e83217586df8bc295879bc055c99c,32,166
claim-122482fb8115e8efe289,content/comparisons/period-tracker-data-breach-history.mdx,ftc,HIGH,"The FTC's complaint specifically identified the event `TRYING_TO_CONCEIVE`, a status marker that users set in the Flo app to indicate they were attempting pregnancy, as among the data transmitted.",aa3c4f4178a6ded0b465d86cb63b3a3ca5418eabb9556a72842dc4a59d3687ff,body:root.children[19].sentence[0],6eacd82cefd6cc1c8bc802d9cbd0c5b642d3dfadcefdcc7330291f8d121e020e,33091b62e9227a83c0b9303ed5c0d3f67b6b93a1d5e112e6299464d4b51e6545,e8cd847fd14f4d9854ae328352ad1f93f72e83217586df8bc295879bc055c99c,40,5
claim-65f00d437eee57b0046d,content/comparisons/period-tracker-data-breach-history.mdx,ftc,HIGH,The gap between Flo's stated policy and its practice was the center of the FTC's case.,ae92def50f2fbda34302b505d1966583e5b87451eeff11d6e39895a8d0fa34e6,body:root.children[20].sentence[0],cfb1b705296f8de0db9bd67ae31c51f7e0681403336de8772f6500c257624a38,33091b62e9227a83c0b9303ed5c0d3f67b6b93a1d5e112e6299464d4b51e6545,e8cd847fd14f4d9854ae328352ad1f93f72e83217586df8bc295879bc055c99c,42,76
claim-89cb77f59a4da6383f25,content/comparisons/period-tracker-data-breach-history.mdx,ftc,HIGH,"The FTC's complaint established that transmitting health data to third-party advertising and analytics companies through SDK integrations was functionally equivalent to the sharing the policy claimed not to do, regardless of whether money changed hands.",e2f7246f38acde10b737e2efbb3638f05376eaf378ce5b3038439cdfd7901bb0,body:root.children[20].sentence[2],cfb1b705296f8de0db9bd67ae31c51f7e0681403336de8772f6500c257624a38,33091b62e9227a83c0b9303ed5c0d3f67b6b93a1d5e112e6299464d4b51e6545,e8cd847fd14f4d9854ae328352ad1f93f72e83217586df8bc295879bc055c99c,42,171
claim-3ce3ac27372988ff0a39,content/comparisons/period-tracker-data-breach-history.mdx,ftc,HIGH,The FTC settlement required Flo to obtain affirmative user consent before sharing health data with third parties in the future.,89ee52481b0f0af0671903220181a0ca9345b0e4bfec2a0aba786993c5826d5f,body:root.children[22].sentence[1],e00485d7698bab25b595fb94810d21ff4245ed689e216e7ea6669c984c14b430,33091b62e9227a83c0b9303ed5c0d3f67b6b93a1d5e112e6299464d4b51e6545,e8cd847fd14f4d9854ae328352ad1f93f72e83217586df8bc295879bc055c99c,46,23
claim-c7e09947ead1e72e6ba3,content/comparisons/period-tracker-data-breach-history.mdx,named-case,HIGH,"Following the Supreme Court's Dobbs decision in June 2022, the Electronic Frontier Foundation and Disconnect conducted audits of period and reproductive health apps, examining which analytics and advertising SDKs were integrated and what data those SDKs could access.",f238fb8f5bef0dca1e90e016a4c0c2f6f83ca834dd3b6716d601cf4b6995c9c7,body:root.children[26].sentence[1],4483b7dac456abbbdfdb2013224469c984ab0ca16199026cf27162be43068de5,33091b62e9227a83c0b9303ed5c0d3f67b6b93a1d5e112e6299464d4b51e6545,e8cd847fd14f4d9854ae328352ad1f93f72e83217586df8bc295879bc055c99c,54,50
claim-c8434f2d6f1443669e60,content/comparisons/period-tracker-data-breach-history.mdx,ftc,HIGH,"The post-Dobbs audit wave revealed that the Flo FTC case was not an isolated incident, the SDK data flow pattern was present across multiple period apps, not just the app that happened to be investigated.",0201acd1e8f64dfa5f724c4d7436ece2edc84bdcf44ae389f9cb2d5108019d29,body:root.children[29].sentence[1],b01fdd364fa73d4bab78a6204baecdd1befd052c5c67494ff849e67b544fa936,33091b62e9227a83c0b9303ed5c0d3f67b6b93a1d5e112e6299464d4b51e6545,e8cd847fd14f4d9854ae328352ad1f93f72e83217586df8bc295879bc055c99c,60,67
claim-20327da89471d5ccf4cd,content/comparisons/period-tracker-data-breach-history.mdx,named-case,HIGH,"The post-Dobbs audit wave revealed that the Flo FTC case was not an isolated incident, the SDK data flow pattern was present across multiple period apps, not just the app that happened to be investigated.",0201acd1e8f64dfa5f724c4d7436ece2edc84bdcf44ae389f9cb2d5108019d29,body:root.children[29].sentence[1],b01fdd364fa73d4bab78a6204baecdd1befd052c5c67494ff849e67b544fa936,33091b62e9227a83c0b9303ed5c0d3f67b6b93a1d5e112e6299464d4b51e6545,e8cd847fd14f4d9854ae328352ad1f93f72e83217586df8bc295879bc055c99c,60,28
claim-7ff2574332b7d66674f7,content/comparisons/period-tracker-data-breach-history.mdx,ftc,HIGH,"The FTC charged Easy Healthcare Corporation, makers of the Premom ovulation tracking and fertility monitoring app, with sharing reproductive health data with analytics companies without user consent.",fb8c049a6d4cf3d86c9e03f1ba17cd008c03a33f9ef8d8019d082c9ea309caca,body:root.children[40].sentence[1],c96fab46d3a879571700fab558cc991dbe4d9ce8f7cd3df52cde80038bc51c59,33091b62e9227a83c0b9303ed5c0d3f67b6b93a1d5e112e6299464d4b51e6545,e8cd847fd14f4d9854ae328352ad1f93f72e83217586df8bc295879bc055c99c,82,24
claim-e8f5534a430fd84bcdae,content/comparisons/period-tracker-data-breach-history.mdx,ftc,HIGH,"The FTC's complaint cited the Health Breach Notification Rule as the basis for civil penalties, in addition to the standard Section 5 unfair and deceptive practices claims.",6325efeec385fa6cc66bb30b7ece5a79a601a0c813704860720156e73b5ff17a,body:root.children[41].sentence[0],e4fcb15d301c13ac8070139ae089e651aad450601e4f14e2dac7604c897df069,33091b62e9227a83c0b9303ed5c0d3f67b6b93a1d5e112e6299464d4b51e6545,e8cd847fd14f4d9854ae328352ad1f93f72e83217586df8bc295879bc055c99c,84,5
claim-121048d860d7cf68eb30,content/comparisons/period-tracker-data-breach-history.mdx,ftc,HIGH,"This was notable: the Health Breach Notification Rule had not been regularly used as an enforcement mechanism, and the Premom case signaled that the FTC was willing to use it against apps that transmitted health data to third parties without adequate notice.",c25c2b9e7780bee6eaa226abc15910014634f55324462e84a8679849e7415110,body:root.children[41].sentence[1],e4fcb15d301c13ac8070139ae089e651aad450601e4f14e2dac7604c897df069,33091b62e9227a83c0b9303ed5c0d3f67b6b93a1d5e112e6299464d4b51e6545,e8cd847fd14f4d9854ae328352ad1f93f72e83217586df8bc295879bc055c99c,84,323
claim-ced8fac280a97d1c5e18,content/comparisons/period-tracker-data-breach-history.mdx,dollar,HIGH,"The case settled with a $100,000 civil penalty, the first civil penalty in a period/fertility app privacy case, and a prohibition on sharing health data for advertising purposes.",71afba6187ce7b9773b536335cc97c6119d3e2e3b1f9d09969b18454f63e0000,body:root.children[43].sentence[1],4d1ba46cba9650ae5a9d57f79f63d3ad44663ff0edee8633306c6994d60732a5,33091b62e9227a83c0b9303ed5c0d3f67b6b93a1d5e112e6299464d4b51e6545,e8cd847fd14f4d9854ae328352ad1f93f72e83217586df8bc295879bc055c99c,88,43
claim-b0cc9cee61321e29aef5,content/comparisons/period-tracker-data-breach-history.mdx,ftc,HIGH,The Premom case confirms that the Flo FTC action was not a one-off edge case but an established enforcement posture.,20cd0b2ed1821d372e38f9ef10894035e9ac3fdb1658f6b3f46f6e9b7d92a2fc,body:root.children[44].sentence[1],007cb89cf7250a87795c6a044d3911d76422253176fd217587b76d59c0c2539d,33091b62e9227a83c0b9303ed5c0d3f67b6b93a1d5e112e6299464d4b51e6545,e8cd847fd14f4d9854ae328352ad1f93f72e83217586df8bc295879bc055c99c,90,57
claim-f6444ca5a5b61c89beec,content/comparisons/period-tracker-data-breach-history.mdx,named-case,HIGH,"In post-Dobbs terms, knowing that someone uses a period app is precisely the kind of auxiliary information that contributes to re-identification of individuals in other datasets.",389f5a012a99db3847856efd19ca416db383eaf7556f577ec72d45ff21c3a9bb,body:root.children[6].sentence[2],06543ac33a2c8d34639d29db642211ea13a288cd1e9906ac8f706bd14b3bb5e4,33091b62e9227a83c0b9303ed5c0d3f67b6b93a1d5e112e6299464d4b51e6545,e8cd847fd14f4d9854ae328352ad1f93f72e83217586df8bc295879bc055c99c,14,170
claim-ebdbb21d12684e7008a6,content/comparisons/period-tracker-data-export-compared.mdx,dollar,HIGH,"For an app with a documented history of data sharing (FTC enforcement, $59.5M settlement), the difficulty of getting your own data out creates an uncomfortable irony: third parties got your data easily, but you have to work for it.",10f3fb55d297bcf357af90fd8230e3fffef70ec712f14d58a488e4d3e0d081fd,body:root.children[18].sentence[0],98fd133e794d0d6d86683be501822874e86e579849a5259e5b63e496592ffc30,dd1a4693d08eefd4678038827966798dcac3ce3903398800c4a29145b90817a6,e8cd847fd14f4d9854ae328352ad1f93f72e83217586df8bc295879bc055c99c,38,72
claim-a2e7b1103cda5809bdcc,content/comparisons/period-tracker-data-export-compared.mdx,ftc,HIGH,"For an app with a documented history of data sharing (FTC enforcement, $59.5M settlement), the difficulty of getting your own data out creates an uncomfortable irony: third parties got your data easily, but you have to work for it.",10f3fb55d297bcf357af90fd8230e3fffef70ec712f14d58a488e4d3e0d081fd,body:root.children[18].sentence[0],98fd133e794d0d6d86683be501822874e86e579849a5259e5b63e496592ffc30,dd1a4693d08eefd4678038827966798dcac3ce3903398800c4a29145b90817a6,e8cd847fd14f4d9854ae328352ad1f93f72e83217586df8bc295879bc055c99c,38,55
claim-86b9ebd85ff613faa935,content/comparisons/period-trackers-ranked-by-privacy.mdx,ftc,HIGH,No documented FTC enforcement.,f07b65388a1fe2510c5f9bc5b7174a52e54717ac8f73d7892d2c9749f78b44e6,body:root.children[10].sentence[2],f4da230f966c3d7a7d46eb1e81f18c9b05240fec4f5d11bf121b11c761d7786b,c847d3f13e0b0329d0f7f692552d49f9d954d37f81e129a04f67ae4a87777580,e8cd847fd14f4d9854ae328352ad1f93f72e83217586df8bc295879bc055c99c,22,136
claim-07ffd9e776c3bb2a3daf,content/comparisons/period-trackers-ranked-by-privacy.mdx,dollar,HIGH,Most expensive at $12.99/mo.,ee16b3e399a52f1d03a3265dbb79be6dd589b3cb9c4664e8bf51a9a3f15da384,body:root.children[12].sentence[3],f146ef41aef2c18088675ed2da69d6bbe7561ae11a7a22fb13717d37dd32fd50,c847d3f13e0b0329d0f7f692552d49f9d954d37f81e129a04f67ae4a87777580,e8cd847fd14f4d9854ae328352ad1f93f72e83217586df8bc295879bc055c99c,26,127
claim-83c066ff6ef75624e160,content/comparisons/period-trackers-ranked-by-privacy.mdx,ftc,HIGH,FTC enforcement actions are public record.,0a0e68e211daa24ae6346d8108e203f414d166a20872c8abe458bdd167b3af09,body:root.children[3].sentence[1],7f9ede4d43112ae374325c9881ec472c29dfd29994dc080e5b1f9948470d3fb0,c847d3f13e0b0329d0f7f692552d49f9d954d37f81e129a04f67ae4a87777580,e8cd847fd14f4d9854ae328352ad1f93f72e83217586df8bc295879bc055c99c,8,116
claim-bb92724e6f175de12b25,content/comparisons/period-trackers-ranked-by-privacy.mdx,ftc,HIGH,[Flo](/compare/alternatives/flo-app-alternative/) (worst):** FTC enforcement action 2021 for sharing health data with Facebook and Google.,9410c2fce3b4e3037ba66f5949bb8aca142bf9f1e5862aa75a9af654f0887b86,body:root.children[6].sentence[1],9f0009e5a1e3c100c66d4b2d26d862944a8e8f9b94635a6c28d59ba5e7cca1b9,c847d3f13e0b0329d0f7f692552d49f9d954d37f81e129a04f67ae4a87777580,e8cd847fd14f4d9854ae328352ad1f93f72e83217586df8bc295879bc055c99c,14,67
claim-4cbc674e659c85e975ab,content/comparisons/period-trackers-ranked-by-privacy.mdx,dollar,HIGH,[$59.5M class action](/resources/guides/flo-period-tracker-lawsuit-settlement/) settled September 2025 (Reuters 2025-09-25).,035e8dd2bc537391783a080fd4c3a96b35103348cd014143adf83e77ecd1bce6,body:root.children[6].sentence[2],9f0009e5a1e3c100c66d4b2d26d862944a8e8f9b94635a6c28d59ba5e7cca1b9,c847d3f13e0b0329d0f7f692552d49f9d954d37f81e129a04f67ae4a87777580,e8cd847fd14f4d9854ae328352ad1f93f72e83217586df8bc295879bc055c99c,14,146
claim-51528d6d82f54354d56a,content/comparisons/period-trackers-ranked-by-privacy.mdx,case-citation,HIGH,"Jury found Meta liable for accessing Flo user data (Frasco v. Flo Health, August 2025).",8dc2717715e41ebaad2c8282f705b8afb9dfe095a8d08ba839b886502e1f3224,body:root.children[6].sentence[4],9f0009e5a1e3c100c66d4b2d26d862944a8e8f9b94635a6c28d59ba5e7cca1b9,c847d3f13e0b0329d0f7f692552d49f9d954d37f81e129a04f67ae4a87777580,e8cd847fd14f4d9854ae328352ad1f93f72e83217586df8bc295879bc055c99c,14,406
claim-9a92720db88ed926b6f8,content/comparisons/period-trackers-ranked-by-privacy.mdx,named-case,HIGH,"Jury found Meta liable for accessing Flo user data (Frasco v. Flo Health, August 2025).",8dc2717715e41ebaad2c8282f705b8afb9dfe095a8d08ba839b886502e1f3224,body:root.children[6].sentence[4],9f0009e5a1e3c100c66d4b2d26d862944a8e8f9b94635a6c28d59ba5e7cca1b9,c847d3f13e0b0329d0f7f692552d49f9d954d37f81e129a04f67ae4a87777580,e8cd847fd14f4d9854ae328352ad1f93f72e83217586df8bc295879bc055c99c,14,406
claim-1ab753e62f26ecd2f630,content/comparisons/period-trackers-ranked-by-privacy.mdx,ftc,HIGH,[Premom](/compare/alternatives/premom-app-alternative/):** FTC enforcement 2023 for sharing health data with Umeng and Jiguang (Chinese analytics firms) without consent.,fe5ab76768d77ddc7bb9d96ffc0e2dabe95e3ec3fbbe0b6092f34dda0089308b,body:root.children[7].sentence[1],50a5afc6ca81bb3bb41146e09ee06826bc76490aa8eace02e5d353ebabfabcf3,c847d3f13e0b0329d0f7f692552d49f9d954d37f81e129a04f67ae4a87777580,e8cd847fd14f4d9854ae328352ad1f93f72e83217586df8bc295879bc055c99c,16,65
claim-d381dd68f4cb597f154f,content/comparisons/period-trackers-ranked-by-privacy.mdx,ftc,HIGH,"No documented FTC enforcement, but the ad-supported architecture creates data use incentives.",ae0c514751ec896d4e1778219d051e4806b2846e9f53fb1ab9da96d6cfdd268f,body:root.children[8].sentence[2],3bf4a0dd74c05d9b0c780d62992afe772b6137f66d0e3fa470d148f16fca2208,c847d3f13e0b0329d0f7f692552d49f9d954d37f81e129a04f67ae4a87777580,e8cd847fd14f4d9854ae328352ad1f93f72e83217586df8bc295879bc055c99c,18,121
claim-d94a7b1c5facb4279c80,content/comparisons/privacy-first-period-apps-2026-ranked.mdx,ftc,HIGH,Improved post-FTC action.,436cdb43cf5cb1def293133f89402b9881cef51516d094862ec1b58d86982f3f,body:root.children[16].sentence[1],393b6e739c5607a7b5589488feae04f0f732a634794beda39f9eb27a845f0c7d,f9edf3589c6826eebec44e309f3b055b60b997733132c312271c67491dc63336,e8cd847fd14f4d9854ae328352ad1f93f72e83217586df8bc295879bc055c99c,34,47
claim-e3b29589bc42ac94bbcd,content/comparisons/stardust-vs-clue.mdx,dollar,HIGH,Stardust: $29.99/year.,1cc68f4490a537882657651d9eecd4a713551016f447b383b5fb91e8387bd2d1,body:root.children[16].sentence[0],ffa2faf7878a1bcfed255b49ea087813cfa863086b5d4ba1abf36168b1c47669,51327153cb2e66a4a63ba6b322f4b68a8609327932caf6fe6a6762f211081889,e8cd847fd14f4d9854ae328352ad1f93f72e83217586df8bc295879bc055c99c,34,11
claim-78ec00f4b493695169d6,content/comparisons/stardust-vs-clue.mdx,dollar,HIGH,Clue Plus: $39.99/year (free tier with no ads).,2564fd53e0f513ee71a36c05b7fea00dca765f571cf4248471e718b35ad101f3,body:root.children[16].sentence[1],ffa2faf7878a1bcfed255b49ea087813cfa863086b5d4ba1abf36168b1c47669,51327153cb2e66a4a63ba6b322f4b68a8609327932caf6fe6a6762f211081889,e8cd847fd14f4d9854ae328352ad1f93f72e83217586df8bc295879bc055c99c,34,35
claim-cf33fe0c6f1a8dc065a5,content/comparisons/stardust-vs-clue.mdx,dollar,HIGH,Pricing runs about $29.99/year.,c78697aca308878115705b70bb1c78d7f40bfe412b798f9991fed7c35faecfa8,body:root.children[6].sentence[2],e671222eca1d4270ba0471299de7224c92cacaa08a3392aa06da6020c796dd56,51327153cb2e66a4a63ba6b322f4b68a8609327932caf6fe6a6762f211081889,e8cd847fd14f4d9854ae328352ad1f93f72e83217586df8bc295879bc055c99c,14,148
claim-679e88f15c2695e4084d,content/comparisons/stardust-vs-clue.mdx,ftc,HIGH,There is no documented FTC enforcement history and no significant privacy settlement on record.,5a7d9334949488eab9008c230910afc46ab5a438f1e971a92d7e494bef019296,body:root.children[9].sentence[2],bda6f2b9559a8eee6c32feeaf018831f253f50a997b54a0509808917cdaa4bc4,51327153cb2e66a4a63ba6b322f4b68a8609327932caf6fe6a6762f211081889,e8cd847fd14f4d9854ae328352ad1f93f72e83217586df8bc295879bc055c99c,20,181
claim-16216620bdae6dc08c17,content/comparisons/stardust-vs-clue.mdx,dollar,HIGH,"Clue Plus is about $39.99/year, with a free tier that has no ads.",db386524fd051f199ad0aaf34f51e83075fda603e93b190de7dbe7bb0df0c0df,body:root.children[9].sentence[3],bda6f2b9559a8eee6c32feeaf018831f253f50a997b54a0509808917cdaa4bc4,51327153cb2e66a4a63ba6b322f4b68a8609327932caf6fe6a6762f211081889,e8cd847fd14f4d9854ae328352ad1f93f72e83217586df8bc295879bc055c99c,20,273
claim-53b5968f5f1d1bf946f9,content/comparisons/symptom-logging-apps-compared.mdx,ftc,HIGH,The FTC took enforcement action in 2021 for sharing health data with Facebook and Google.,16241fb89ab3db31affb4d2693708db29f9c5c6d2f0b583aad359cf5763884f0,body:root.children[16].sentence[2],8b68643d1e8d5bffa9eb77c311547d8a7df875b4cdc1f706d10b0b06a0e5bd8e,b33a47051a837db1fa0bf1a601ea319df16c4b69eed921e4932308cd8585f149,e8cd847fd14f4d9854ae328352ad1f93f72e83217586df8bc295879bc055c99c,34,123
claim-d571ca039693437603aa,content/comparisons/symptom-logging-apps-compared.mdx,dollar,HIGH,Flo settled a $59.5M class action in 2025.,62af750ec0bdbfb923325355108ad797e4a312c762907f792e33c15bd18a967c,body:root.children[16].sentence[3],8b68643d1e8d5bffa9eb77c311547d8a7df875b4cdc1f706d10b0b06a0e5bd8e,b33a47051a837db1fa0bf1a601ea319df16c4b69eed921e4932308cd8585f149,e8cd847fd14f4d9854ae328352ad1f93f72e83217586df8bc295879bc055c99c,34,223
claim-f9eebe02b8171e853ac8,content/comparisons/teen-safe-period-trackers-compared.mdx,ftc,HIGH,Flo has a documented history of sharing reproductive health data with Facebook and Google before the FTC intervened.,d8eb81452a623a93855e7bf785de6275da48774c1bf36fefcd5bda7e0f1cc4f1,body:root.children[28].sentence[1],d5bd6c734fb19d0f9835e6f1693994ca3214f69014674c1eecef47e35e7fb3b0,77f4fe76874fddf19d3decbefe7730c9b7aa78257d80b973f06c30857a7afe0b,e8cd847fd14f4d9854ae328352ad1f93f72e83217586df8bc295879bc055c99c,58,135
claim-f3d853b0d7efc642de55,content/condition-guides/endometriosis-fertility-treatment.mdx,ftc,MED,Flo Health settled an FTC enforcement action in 2021 for sharing user health data with Facebook and Google.,3786d0a42cfec77eedc93d71ccd8e6f0b4115ee7cdcf7a64d1118cb7e92b5691,body:root.children[39].sentence[2],41aaff832d5241c5788893484de0bd3e3593049360dfcf255d71cc2b9110ae67,1d4f619d359a55423a58c38cf259142c2e6a0d635f42c63359848f9d5c7db170,e8cd847fd14f4d9854ae328352ad1f93f72e83217586df8bc295879bc055c99c,96,180
claim-3e0fbaad1ba667755a1e,content/condition-guides/endometriosis-hrt-menopause.mdx,ftc,MED,Flo Health settled an FTC enforcement action in 2021 for sharing reproductive health data with Facebook and Google without adequate disclosure.,48da7c0b134bf6aedc0c177be6f224fa91a3c93f491d3e60fd00247e8a273b54,body:root.children[32].sentence[1],152c82de24e5107a1e3f4d6cecc3f019b63eae848d9899aa635e2fde47324bb3,f51ee14c14ab4f7a1ecb823fd263b79bc233d18d93caf27b2ec185db783ad64a,e8cd847fd14f4d9854ae328352ad1f93f72e83217586df8bc295879bc055c99c,69,185
claim-3713c52a98033160ac55,content/condition-guides/endometriosis-stage-3-what-to-track.mdx,ftc,MED,Flo Health settled an FTC enforcement action in 2021 for sharing reproductive health data with Facebook and Google.,f77fdfda35609cc6eef75bd0072ba0e3be80d47da59a6ea9846aaabc1d9aa065,body:root.children[37].sentence[0],fce17bfd16449f87f59734ac7b7d3e916867188d833536b9dcafa26b846cf7d5,a5ec2d7d20a703042d70ee85a3e2db6c844cb94c35d9bf485d417323ac9b6ec1,e8cd847fd14f4d9854ae328352ad1f93f72e83217586df8bc295879bc055c99c,94,23
claim-5adedb30cc7979e84215,content/condition-guides/endometriosis-stage-3-what-to-track.mdx,dollar,MED,A $59.5 million class action followed in 2025.,6ffec3860a00770aa3ac6a5042f44149ede5ace9ce2d98abe11679396b55e18c,body:root.children[37].sentence[1],fce17bfd16449f87f59734ac7b7d3e916867188d833536b9dcafa26b846cf7d5,a5ec2d7d20a703042d70ee85a3e2db6c844cb94c35d9bf485d417323ac9b6ec1,e8cd847fd14f4d9854ae328352ad1f93f72e83217586df8bc295879bc055c99c,94,119
claim-8f5f0da0f9926439900b,content/condition-guides/fertile-window-explained.mdx,percent,MED,"Only 30% of women had their fertile window fall entirely within Days 10 to 17, the range most standard advice covers",1af15592633aac8932ad7af3580061f456ad25d7677d6b155280efcd402601ef,body:root.children[11].children[0].children[0].sentence[0],b3025d7caee7903f7abfaa57ac94cdc8ec09e2b0b507089992de202aa44e0626,be6e570c4eb74bcc89ae271a50f71178795d5c4e7a4fdac67a0176762d6963bf,e8cd847fd14f4d9854ae328352ad1f93f72e83217586df8bc295879bc055c99c,25,8
claim-fdaa97ed260d4256eb80,content/condition-guides/fibroids-symptoms-tracking.mdx,ftc,MED,"Flo Health settled a 2021 FTC enforcement action for sharing user period and health data with Facebook and Google, despite promising users their data was private.",492616b8187f24e6d02c283b98e2dad666dd5fccbbd2ebda9922642fa695ec32,body:root.children[31].sentence[0],1292d323fb5af96c6d3a6795590420326c394c61e429ce2da2e60cab67195f20,d905a97f227db1f74d6515e51fa0455c5930040c9c820a79682f25a56748a9be,e8cd847fd14f4d9854ae328352ad1f93f72e83217586df8bc295879bc055c99c,73,27
claim-d69c38a677c8b057937a,content/condition-guides/fibroids-symptoms-tracking.mdx,dollar,MED,A $59.5 million class action settlement followed in 2025.,378560714a69f8113d2e6fa148604b83c30593cd5fe5cde1e1af5814ea6bd470,body:root.children[31].sentence[1],1292d323fb5af96c6d3a6795590420326c394c61e429ce2da2e60cab67195f20,d905a97f227db1f74d6515e51fa0455c5930040c9c820a79682f25a56748a9be,e8cd847fd14f4d9854ae328352ad1f93f72e83217586df8bc295879bc055c99c,73,166
claim-8a0ad666dc9004e4819a,content/condition-guides/intense-period-pain-vs-endometriosis.mdx,ftc,MED,"Flo Health, one of the most popular period tracking apps, settled an FTC enforcement action in 2021 for sharing user health data, including period information, with Facebook and Google without adequate disclosure.",fbf377124694a4e8a8c72aab808cf586ba695f19e14205731b89376af7736143,body:root.children[39].sentence[0],b60ce0aef4d26a4659841616d82788f4947ee197ca70ce43ed9b45ee5211d46e,83d18946e4a4c8a922ac5a7b863f9f4ae134b41b9ccda100d2ce7549d72e138a,e8cd847fd14f4d9854ae328352ad1f93f72e83217586df8bc295879bc055c99c,84,70
claim-6d5200cefa35cde5f10f,content/condition-guides/intense-period-pain-vs-endometriosis.mdx,dollar,MED,A class action lawsuit settled for $59.5 million in 2025.,d4ec361b0a6597aa9a069180061520c3d9c65e16fd3b4f1c4f12bdacb0f32de0,body:root.children[39].sentence[1],b60ce0aef4d26a4659841616d82788f4947ee197ca70ce43ed9b45ee5211d46e,83d18946e4a4c8a922ac5a7b863f9f4ae134b41b9ccda100d2ce7549d72e138a,e8cd847fd14f4d9854ae328352ad1f93f72e83217586df8bc295879bc055c99c,84,250
claim-56615057d9d629bab546,content/condition-guides/irregular-periods-when-to-see-doctor.mdx,ftc,MED,"Flo Health, one of the most downloaded period tracking apps, settled an FTC enforcement action in 2021 after being found to share user period data with Facebook and Google for advertising purposes.",69a7874447ea59ad2e81f2668bb7702bea099e64997096f6bed5270d7855009d,body:root.children[34].sentence[0],8d5f1a62efcb4701949f904d717b55588d522ad007d84b94e1aea5d02854b35f,a6befe2306153d37c5c41a7a1a71c69574646cf4331993f0150a6ffcfa809d3c,e8cd847fd14f4d9854ae328352ad1f93f72e83217586df8bc295879bc055c99c,74,73
claim-5cf75ac3934b1264bde7,content/condition-guides/irregular-periods-when-to-see-doctor.mdx,dollar,MED,A class action settled in 2025 for $59.5 million.,51bee345d8c7493a4fcc279d3ca7985574d8a85e44bc5fcfde3b39750c04c63b,body:root.children[34].sentence[1],8d5f1a62efcb4701949f904d717b55588d522ad007d84b94e1aea5d02854b35f,a6befe2306153d37c5c41a7a1a71c69574646cf4331993f0150a6ffcfa809d3c,e8cd847fd14f4d9854ae328352ad1f93f72e83217586df8bc295879bc055c99c,74,234
claim-a0b2d6d6446fdbb79dca,content/condition-guides/laparoscopy-endometriosis-recovery.mdx,ftc,MED,Flo Health settled an FTC enforcement action in 2021 for sharing users' data with Facebook and Google despite privacy promises.,949f81f34bd16c6b696e6e72f1f825b3431bea7c8668de742f164002f7ec269f,body:root.children[30].sentence[1],7554390bc40b387a113c1057c8badff3c8bdcbe0a4614bccd4f337b081ce7912,828b872746b5da7933acff24418248ded6b145bffcfc10778ead478d7e326483,e8cd847fd14f4d9854ae328352ad1f93f72e83217586df8bc295879bc055c99c,77,69
claim-5f8e58db2afe10b51d9f,content/condition-guides/menorrhagia-heavy-periods-guide.mdx,percent,MED,"Reports suggest they affect up to 70% of people with uteruses by age 50, though most cause no symptoms.",8f495e9f5f62b9b7d2d1d1081f3ac9180b950b18eb950c377e2ed7be8926bfe8,body:root.children[10].sentence[1],65f57ced5af15e30b93bf68e3753abfcac927a2c1dd1cb1256308734764136a1,73e3978a8874b87493a14ea62899c4692aa3f497e0e8e5be510795b866b55fb4,e8cd847fd14f4d9854ae328352ad1f93f72e83217586df8bc295879bc055c99c,26,97
claim-d6b44dc02fbc9480b522,content/condition-guides/menorrhagia-heavy-periods-guide.mdx,percent,MED,"Common (found in 10-24% of people with abnormal uterine bleeding), and most often benign, though rare malignant transformation occurs.",63a8ff74a1e0578fdfad6a13755a1782541be1f0ae860f445ee33bcd9e742869,body:root.children[18].sentence[1],7488ca59e05767ae3bd70c4741d0ceeae1211fc9a6e0b7f6a6f9657cee52419c,73e3978a8874b87493a14ea62899c4692aa3f497e0e8e5be510795b866b55fb4,e8cd847fd14f4d9854ae328352ad1f93f72e83217586df8bc295879bc055c99c,42,104
claim-d7d7690f3bf2cabb9427,content/condition-guides/menorrhagia-heavy-periods-guide.mdx,percent,MED,"Von Willebrand disease (VWD) is found in approximately 13% of people with heavy menstrual bleeding, a higher rate than in the general population (approximately 1%).",9454ca17acf21147c7254b37b92473c0bbfbf3884aea91b33dea920765564ff7,body:root.children[21].sentence[0].occurrence[0],e03386285b1032571960c60f88a735ff2a68014b1879d6db61048154622e5111,73e3978a8874b87493a14ea62899c4692aa3f497e0e8e5be510795b866b55fb4,e8cd847fd14f4d9854ae328352ad1f93f72e83217586df8bc295879bc055c99c,48,56
claim-41dde233be5441904400,content/condition-guides/menorrhagia-heavy-periods-guide.mdx,percent,MED,"Von Willebrand disease (VWD) is found in approximately 13% of people with heavy menstrual bleeding, a higher rate than in the general population (approximately 1%).",9454ca17acf21147c7254b37b92473c0bbfbf3884aea91b33dea920765564ff7,body:root.children[21].sentence[0].occurrence[1],e03386285b1032571960c60f88a735ff2a68014b1879d6db61048154622e5111,73e3978a8874b87493a14ea62899c4692aa3f497e0e8e5be510795b866b55fb4,e8cd847fd14f4d9854ae328352ad1f93f72e83217586df8bc295879bc055c99c,48,161
claim-6755d5db2913cf212ab1,content/condition-guides/pcos-period-irregularity-tracking.mdx,ftc,MED,"Flo Health settled an FTC enforcement action in 2021 for sharing user data, including menstrual cycle information, with Facebook and Google for targeted advertising.",798420dc0e0c9293bae7d3b5b62da24704e9a7718f7d54bdaea89f6045aa86fc,body:root.children[29].sentence[1],7af0c1f7c9aff5c73a2efffc923eddbe2adc9a5cb3db155b5b2c152e18dd14ff,77e3cc623eacef56b2d36b296356f6338e717c7eb6a83ca1034ee50c8a4ef4da,e8cd847fd14f4d9854ae328352ad1f93f72e83217586df8bc295879bc055c99c,60,178
claim-a563fcc44cd5a97343e5,content/guides/can-police-access-period-tracker-data.mdx,ftc,HIGH,"The primary legal protection is FTC Section 5, which governs deceptive practices, not government data access.",d140699caed8501ff75836b11d5ea9159197c5dbe050a3bcc79a1e441194dc68,body:root.children[2].sentence[2],ce081c0add34f8693da6ddcc8ada31589ddcbbb83b109d0c670388f6ced3a6a9,c90da83896e3de449e0a73e1576b27b476d8f5d8bec66303340c051413d07f6c,e8cd847fd14f4d9854ae328352ad1f93f72e83217586df8bc295879bc055c99c,6,230
claim-16da8bf37a071606b636,content/guides/clue-privacy-deep-dive.mdx,named-case,HIGH,"After the Dobbs decision in June 2022, Clue's leadership published a statement: ""We promise you that we will never turn your private health data over to any authority that could use it against you.""",08c6a1ae8adb1efc887f329581372cfbae0089ca29dfa235a6f36f6237e44976,body:root.children[1].sentence[0],3222b0f5734bfaedaa4539aaed210d4ac87627feb4b65158bf8fae86919ada0d,f5f6dbadb23618d85a55bb662076d352a5868e557bfbf0b4f979c5164879e327,e8cd847fd14f4d9854ae328352ad1f93f72e83217586df8bc295879bc055c99c,4,11
claim-5ea23aba46af858e850c,content/guides/clue-privacy-deep-dive.mdx,dollar,HIGH,"One month before Dobbs, reporters at Vice's Motherboard purchased data from Narrative, a data broker, for approximately $100.",c9ab36155370068a24ffae3f5b36fb4463692c1a1853c87bed8654d160230651,body:root.children[13].sentence[0],0002593cb821a4912615aadc8b64302ef3e58ca0c552974313ec67072b10c8dc,f5f6dbadb23618d85a55bb662076d352a5868e557bfbf0b4f979c5164879e327,e8cd847fd14f4d9854ae328352ad1f93f72e83217586df8bc295879bc055c99c,28,121
claim-b41242644e26a0a2fc57,content/guides/clue-privacy-deep-dive.mdx,named-case,HIGH,"One month before Dobbs, reporters at Vice's Motherboard purchased data from Narrative, a data broker, for approximately $100.",c9ab36155370068a24ffae3f5b36fb4463692c1a1853c87bed8654d160230651,body:root.children[13].sentence[0],0002593cb821a4912615aadc8b64302ef3e58ca0c552974313ec67072b10c8dc,f5f6dbadb23618d85a55bb662076d352a5868e557bfbf0b4f979c5164879e327,e8cd847fd14f4d9854ae328352ad1f93f72e83217586df8bc295879bc055c99c,28,18
claim-b349de276f29e5c1d7eb,content/guides/clue-privacy-deep-dive.mdx,named-case,HIGH,"Mozilla's privacy review program evaluated Clue in August 2022, two months after Dobbs, and gave it a warning label.",9f4979ea41ca10e74637108c7e057dc9b6b762912ec00d212fdcf643388aca58,body:root.children[17].sentence[0],c11ec3631c43106cbcf0fb4617cb9da364c7afeefd7ed970ccb698ad787c8bbe,f5f6dbadb23618d85a55bb662076d352a5868e557bfbf0b4f979c5164879e327,e8cd847fd14f4d9854ae328352ad1f93f72e83217586df8bc295879bc055c99c,36,82
claim-2622549099b7ca121936,content/guides/clue-privacy-deep-dive.mdx,named-case,HIGH,"For an app whose primary marketing message after Dobbs was privacy protection, the Mozilla evaluation contradicted that positioning.",54960b1cb69224e1a3e2d26fa3f71b87be60a7112a5267351f0ce8f96922565d,body:root.children[19].sentence[1],fbe3018149a2405e90fb65e8e9ac8331da16f72442681100813db7331af5b3b4,f5f6dbadb23618d85a55bb662076d352a5868e557bfbf0b4f979c5164879e327,e8cd847fd14f4d9854ae328352ad1f93f72e83217586df8bc295879bc055c99c,40,186
claim-b1388ef7901640677b97,content/guides/clue-privacy-deep-dive.mdx,dollar,HIGH,"Unlike Flo, which underwent a $59.5 million FTC settlement and subsequently obtained dual ISO 27001/27701 certification, Clue has no independent third-party privacy certification on public record.",8a660997110957541f9760321ab91d1860fe147fbfbe93d897796db5bb68552e,body:root.children[29].sentence[2],a9f36640a8f63c58f57e25ee2e93e9cce524c81e35d560e7fd3a67bb7ba24693,f5f6dbadb23618d85a55bb662076d352a5868e557bfbf0b4f979c5164879e327,e8cd847fd14f4d9854ae328352ad1f93f72e83217586df8bc295879bc055c99c,60,240
claim-ae311cd9f3731fba2dbd,content/guides/clue-privacy-deep-dive.mdx,ftc,HIGH,"Unlike Flo, which underwent a $59.5 million FTC settlement and subsequently obtained dual ISO 27001/27701 certification, Clue has no independent third-party privacy certification on public record.",8a660997110957541f9760321ab91d1860fe147fbfbe93d897796db5bb68552e,body:root.children[29].sentence[2],a9f36640a8f63c58f57e25ee2e93e9cce524c81e35d560e7fd3a67bb7ba24693,f5f6dbadb23618d85a55bb662076d352a5868e557bfbf0b4f979c5164879e327,e8cd847fd14f4d9854ae328352ad1f93f72e83217586df8bc295879bc055c99c,60,254
claim-f2d357495e50074c1984,content/guides/clue-privacy-deep-dive.mdx,ftc,HIGH,"It has no FTC enforcement action, no documented sharing of in-app health data with Facebook or Google for advertising, and GDPR jurisdiction provides a real legal barrier to US law enforcement access.",d400c64a67c4a2e67cb02c6bda9c3aee94def6cc8a19c676d3ed97822bbdfd36,body:root.children[32].sentence[1],ad25c98df36167596a9eb70febb82c65e087f4721f24e185887ffb3db160ab86,f5f6dbadb23618d85a55bb662076d352a5868e557bfbf0b4f979c5164879e327,e8cd847fd14f4d9854ae328352ad1f93f72e83217586df8bc295879bc055c99c,66,68
claim-7f3b18d4c8d1da01aa58,content/guides/data-brokers-reproductive-health.mdx,named-case,HIGH,"**Law enforcement and investigative services**: Some brokers have sold data to law enforcement agencies, and location data near reproductive health facilities has been identified as a specific risk category since the Dobbs decision.",9ef685e4e6cfa0d36f5aede367c8bb95d305afc71d0118c273eb9098d590f642,body:root.children[10].children[3].children[0].sentence[0],e60e6df4fa3f569e89b49703c6a7e0ab24a04ccb7cbb0367a13cdd6f46ecc146,de1df3a2a78684beb8fd6469ac5cdd97d208060548e369f955d3d62f2f1f2be6,e8cd847fd14f4d9854ae328352ad1f93f72e83217586df8bc295879bc055c99c,25,220
claim-948741c27f8b6aed31d7,content/guides/data-brokers-reproductive-health.mdx,ftc,HIGH,The FTC has taken some enforcement actions in this space.,cf4acf7f7daebb8df0ae5a9b5ab1b16164662c867365bb66665427d8e9886e96,body:root.children[15].sentence[0],6c4f43cc0baecb95307bd58cbc8c6806c2c6d67d52dec8f49ea640be5db63b7c,de1df3a2a78684beb8fd6469ac5cdd97d208060548e369f955d3d62f2f1f2be6,e8cd847fd14f4d9854ae328352ad1f93f72e83217586df8bc295879bc055c99c,35,5
claim-b26f8f89666098751686,content/guides/data-brokers-reproductive-health.mdx,ftc,HIGH,The [FTC's enforcement actions](/resources/guides/how-sdks-leak-period-data) against Flo and Premom documented exactly this pipeline.,c41c6cbbf9a47d255c87e17698149b67230be8412fb5acb3b3cc5ad43d9c86b2,body:root.children[2].sentence[3],5e67126d7188599626574a217ef9a6e7c7f5cf38f8b65d6ed17b04afc6b3b495,de1df3a2a78684beb8fd6469ac5cdd97d208060548e369f955d3d62f2f1f2be6,e8cd847fd14f4d9854ae328352ad1f93f72e83217586df8bc295879bc055c99c,6,349
claim-fe6606536eb760250469,content/guides/delete-flo-account-keep-data.mdx,ftc,HIGH,"Data that Flo shared with Facebook, Google, and Flurry through embedded SDKs before the FTC enforcement action is not retrievable by deleting your Flo account.",d5f69033982c3cdf65d117fdcf32c1c438f3c37ea45a73996a751e8e26b11d6c,body:root.children[14].sentence[0],72ed9b7c798d92096da4eba83e0cd991fec0ca4fc0c15fe9b888ec77c03ea988,b081a5b63d46bdb71c6501f44941942398ebb70a39e9a508c5ca32dc99ca358d,e8cd847fd14f4d9854ae328352ad1f93f72e83217586df8bc295879bc055c99c,30,89
claim-0a5eb836407af4e6524f,content/guides/does-flo-sell-your-data.mdx,ftc,HIGH,"The FTC found that between 2016 and 2019, Flo shared users' reproductive health information (period dates, pregnancy status, and health symptoms) with Facebook and Google via embedded third-party SDKs.",3b3c9013210fbeaedf2c12c191930cc3bfc8527bbe55ddb2e7eebbf6097ebb9e,body:root.children[1].sentence[1],0604f2943828a15a803f525e497a3f0a08895501530aeed4e710676c143841da,190e9b65b6499290b41c9757d4a54fad3d441e0e2d2c6192079fef77c5dcdbe2,e8cd847fd14f4d9854ae328352ad1f93f72e83217586df8bc295879bc055c99c,4,108
claim-0ba4f69f6faea62bd388,content/guides/does-flo-sell-your-data.mdx,dollar,HIGH,"In September 2025, Reuters reported that a combined $59.5M settlement resolved claims against Google, Flo Health, and Flurry.",bd03cbdc5f38b79dd43a5dc5feea224f897ceb522ec16bc17b7465b764433cd7,body:root.children[12].sentence[1],dc90297f9c8730ac06e27ec887e1741462e0a4073fa22ce914b7f3817a07e1fb,190e9b65b6499290b41c9757d4a54fad3d441e0e2d2c6192079fef77c5dcdbe2,e8cd847fd14f4d9854ae328352ad1f93f72e83217586df8bc295879bc055c99c,32,103
claim-7ed7b6de45326c72315d,content/guides/does-flo-sell-your-data.mdx,case-citation,HIGH,"A jury on August 1, 2025 separately found Meta liable in the Frasco v. Flo Health case related to Facebook SDK data access.",c6ac44df24a3ba1d5dc8bb78aed49649b09f0d770e14d986f55f9380b85737a7,body:root.children[12].sentence[2],dc90297f9c8730ac06e27ec887e1741462e0a4073fa22ce914b7f3817a07e1fb,190e9b65b6499290b41c9757d4a54fad3d441e0e2d2c6192079fef77c5dcdbe2,e8cd847fd14f4d9854ae328352ad1f93f72e83217586df8bc295879bc055c99c,32,238
claim-679e3feffd3a900de883,content/guides/does-flo-sell-your-data.mdx,named-case,HIGH,"A jury on August 1, 2025 separately found Meta liable in the Frasco v. Flo Health case related to Facebook SDK data access.",c6ac44df24a3ba1d5dc8bb78aed49649b09f0d770e14d986f55f9380b85737a7,body:root.children[12].sentence[2],dc90297f9c8730ac06e27ec887e1741462e0a4073fa22ce914b7f3817a07e1fb,190e9b65b6499290b41c9757d4a54fad3d441e0e2d2c6192079fef77c5dcdbe2,e8cd847fd14f4d9854ae328352ad1f93f72e83217586df8bc295879bc055c99c,32,238
claim-8c4424ede70f51d0edd9,content/guides/does-flo-sell-your-data.mdx,ftc,HIGH,January 2021: FTC announces enforcement action against Flo Health.,69c02c6aff6f11170d7d65984b05c1a88139d21e4f9fa005d8972a84908b7c14,body:root.children[15].children[1].children[0].sentence[0],a74dd36106565d0e8d5f5b598b395cad8e68b4440cdc910e2e5bc2a1b58ec230,190e9b65b6499290b41c9757d4a54fad3d441e0e2d2c6192079fef77c5dcdbe2,e8cd847fd14f4d9854ae328352ad1f93f72e83217586df8bc295879bc055c99c,38,17
claim-533ea5d5e123f56aa1f7,content/guides/does-flo-sell-your-data.mdx,ftc,HIGH,June 2021: FTC finalizes consent order.,d194ec1ba2ea12c99463ab7b61b39792a277c53056ff56606edb4bb86082794d,body:root.children[15].children[2].children[0].sentence[0],a74dd36106565d0e8d5f5b598b395cad8e68b4440cdc910e2e5bc2a1b58ec230,190e9b65b6499290b41c9757d4a54fad3d441e0e2d2c6192079fef77c5dcdbe2,e8cd847fd14f4d9854ae328352ad1f93f72e83217586df8bc295879bc055c99c,39,14
claim-bc9602929acaba8a382d,content/guides/does-flo-sell-your-data.mdx,dollar,HIGH,March 2025: Flurry (Yahoo) settles for $3.5M.,f3e0fa3bc64a3bc1644fb3cf3ab64275eaf748ef10ce2ce1d115bc3e7e193c27,body:root.children[15].children[3].children[0].sentence[0],a74dd36106565d0e8d5f5b598b395cad8e68b4440cdc910e2e5bc2a1b58ec230,190e9b65b6499290b41c9757d4a54fad3d441e0e2d2c6192079fef77c5dcdbe2,e8cd847fd14f4d9854ae328352ad1f93f72e83217586df8bc295879bc055c99c,40,42
claim-9f666857458a149a3d07,content/guides/does-flo-sell-your-data.mdx,dollar,HIGH,July 2025: Google and Flo Health settle for $56M during trial.,ac2dec92f0fbd0d4a8d0eeca44beb719f23aaf8159c0a1902d8d49bddc5af82a,body:root.children[15].children[4].children[0].sentence[0],a74dd36106565d0e8d5f5b598b395cad8e68b4440cdc910e2e5bc2a1b58ec230,190e9b65b6499290b41c9757d4a54fad3d441e0e2d2c6192079fef77c5dcdbe2,e8cd847fd14f4d9854ae328352ad1f93f72e83217586df8bc295879bc055c99c,41,47
claim-fee157be6bdd534f3913,content/guides/does-flo-sell-your-data.mdx,case-citation,HIGH,August 2025: Jury finds Meta liable in the Frasco v. Flo Health case.,acb3c15af579492e648463c746d5db9466a88af9552ae09047bdffdc3d6462bb,body:root.children[15].children[5].children[0].sentence[0],a74dd36106565d0e8d5f5b598b395cad8e68b4440cdc910e2e5bc2a1b58ec230,190e9b65b6499290b41c9757d4a54fad3d441e0e2d2c6192079fef77c5dcdbe2,e8cd847fd14f4d9854ae328352ad1f93f72e83217586df8bc295879bc055c99c,42,46
claim-f90382fb784ba50371bc,content/guides/does-flo-sell-your-data.mdx,named-case,HIGH,August 2025: Jury finds Meta liable in the Frasco v. Flo Health case.,acb3c15af579492e648463c746d5db9466a88af9552ae09047bdffdc3d6462bb,body:root.children[15].children[5].children[0].sentence[0],a74dd36106565d0e8d5f5b598b395cad8e68b4440cdc910e2e5bc2a1b58ec230,190e9b65b6499290b41c9757d4a54fad3d441e0e2d2c6192079fef77c5dcdbe2,e8cd847fd14f4d9854ae328352ad1f93f72e83217586df8bc295879bc055c99c,42,46
claim-7894b6459fb3e65e8e58,content/guides/does-flo-sell-your-data.mdx,dollar,HIGH,September 2025: Reuters reports combined $59.5M settlement.,71e52ed322d85ff0d36969b6fb42552ce21050bb8640b4fe637bbc7db1e31006,body:root.children[15].children[6].children[0].sentence[0],a74dd36106565d0e8d5f5b598b395cad8e68b4440cdc910e2e5bc2a1b58ec230,190e9b65b6499290b41c9757d4a54fad3d441e0e2d2c6192079fef77c5dcdbe2,e8cd847fd14f4d9854ae328352ad1f93f72e83217586df8bc295879bc055c99c,43,44
claim-cce7d531fcfda9dcecd1,content/guides/does-flo-sell-your-data.mdx,ftc,HIGH,"After the FTC action, Flo introduced Anonymous Mode, which claims to remove identifying information from cycle data.",452c93714eaef053696657550ced23ce56bb457413d1f1ba0656e3991fce75a8,body:root.children[17].sentence[0],6a27cabe5ca01bdeb4316ece212b524502f677de488851d8dd48664adfb3624a,190e9b65b6499290b41c9757d4a54fad3d441e0e2d2c6192079fef77c5dcdbe2,e8cd847fd14f4d9854ae328352ad1f93f72e83217586df8bc295879bc055c99c,47,11
claim-44a92c6c1f9f030e36b5,content/guides/does-flo-sell-your-data.mdx,ftc,HIGH,The FTC concluded this constituted an unfair and deceptive practice under Section 5 of the FTC Act.,18361c4ce6567444a0e4a78d489da24ce0cd1482199b2cbf05c1bdb2030bb73f,body:root.children[3].sentence[0].occurrence[0],32f868a7dc6deb9cfc395c1f1086085e6534c99fd1892af11da4ca36337ab8a6,190e9b65b6499290b41c9757d4a54fad3d441e0e2d2c6192079fef77c5dcdbe2,e8cd847fd14f4d9854ae328352ad1f93f72e83217586df8bc295879bc055c99c,8,5
claim-aa7d676a2bccb9e48e7d,content/guides/does-flo-sell-your-data.mdx,ftc,HIGH,The FTC concluded this constituted an unfair and deceptive practice under Section 5 of the FTC Act.,18361c4ce6567444a0e4a78d489da24ce0cd1482199b2cbf05c1bdb2030bb73f,body:root.children[3].sentence[0].occurrence[1],32f868a7dc6deb9cfc395c1f1086085e6534c99fd1892af11da4ca36337ab8a6,190e9b65b6499290b41c9757d4a54fad3d441e0e2d2c6192079fef77c5dcdbe2,e8cd847fd14f4d9854ae328352ad1f93f72e83217586df8bc295879bc055c99c,8,92
claim-092369e5e5eadabe7619,content/guides/does-flo-sell-your-data.mdx,ftc,HIGH,Read the FTC case at ftc.gov/cases-proceedings/192-3133-flo-health-inc.,0613ec40861b41af5344194f08b872b7d725c9402f0db762875892316a2085cf,body:root.children[3].sentence[2],32f868a7dc6deb9cfc395c1f1086085e6534c99fd1892af11da4ca36337ab8a6,190e9b65b6499290b41c9757d4a54fad3d441e0e2d2c6192079fef77c5dcdbe2,e8cd847fd14f4d9854ae328352ad1f93f72e83217586df8bc295879bc055c99c,8,244
claim-ff52cc9372b4a8d8e856,content/guides/eu-vs-us-period-data-privacy.mdx,percent,HIGH,"**Enforcement with teeth**: Data Protection Authorities can fine companies up to 4% of annual global revenue or EUR 20 million, whichever is higher.",adb8ea5999c954f9ccf505b7e653ccbce04e604b0ee7ab2f91f23b7f6908f011,body:root.children[12].sentence[0],b49e9001d2a82da286e948abbfcdf5b56a377caad830a98ab4476fb191799dc7,01f5cb77f5a20fda03cfedf35804d325e627680f4dda5ed4ec07a5070eb7b4b1,e8cd847fd14f4d9854ae328352ad1f93f72e83217586df8bc295879bc055c99c,26,82
claim-1094a98292380314a29d,content/guides/eu-vs-us-period-data-privacy.mdx,ftc,HIGH,"The FTC can act against deceptive practices, as it did against [Flo](/resources/guides/flo-period-tracker-lawsuit-settlement) and [Premom](/resources/guides/premom-data-sharing-ftc), but only after a violation occurs and only when the FTC has the resources to investigate.",912cda81730140875adb54602b39940cc23f6bf51e7cacb2994f947e517f103e,body:root.children[14].sentence[2].occurrence[0],c8c0c63e93fb4a9fc1f4d1fc2d8d7a4cea2205a3338f509e48704a89d771607b,01f5cb77f5a20fda03cfedf35804d325e627680f4dda5ed4ec07a5070eb7b4b1,e8cd847fd14f4d9854ae328352ad1f93f72e83217586df8bc295879bc055c99c,30,118
claim-5ae5bccf1e72a6abc2e4,content/guides/eu-vs-us-period-data-privacy.mdx,ftc,HIGH,"The FTC can act against deceptive practices, as it did against [Flo](/resources/guides/flo-period-tracker-lawsuit-settlement) and [Premom](/resources/guides/premom-data-sharing-ftc), but only after a violation occurs and only when the FTC has the resources to investigate.",912cda81730140875adb54602b39940cc23f6bf51e7cacb2994f947e517f103e,body:root.children[14].sentence[2].occurrence[1],c8c0c63e93fb4a9fc1f4d1fc2d8d7a4cea2205a3338f509e48704a89d771607b,01f5cb77f5a20fda03cfedf35804d325e627680f4dda5ed4ec07a5070eb7b4b1,e8cd847fd14f4d9854ae328352ad1f93f72e83217586df8bc295879bc055c99c,30,349
claim-212f908c496732b1f36f,content/guides/eu-vs-us-period-data-privacy.mdx,ftc,HIGH,"However, its primary enforcement history is with the US FTC.",3eed06326b42eeabb04313fe97181da7976b6b9542312700615c5191947c2121,body:root.children[21].sentence[1],ecbc1690623f7255f75c2480c813cfaa714ef3c27d8dec55ff5dac733b873036,01f5cb77f5a20fda03cfedf35804d325e627680f4dda5ed4ec07a5070eb7b4b1,e8cd847fd14f4d9854ae328352ad1f93f72e83217586df8bc295879bc055c99c,47,149
claim-0619cc0ab73aa2350ed6,content/guides/eu-vs-us-period-data-privacy.mdx,ftc,HIGH,"The FTC's 2021 consent order against Flo required changes to its data sharing practices, but the FTC cannot mandate the structural reforms that a GDPR enforcement action could, such as requiring a Data Protection Impact Assessment or appointing a Data Protection Officer with real authority.",979a5a0767c9850e7004df9117f87249867574d5a32dc1745c02520fb30c7a0f,body:root.children[21].sentence[2].occurrence[0],ecbc1690623f7255f75c2480c813cfaa714ef3c27d8dec55ff5dac733b873036,01f5cb77f5a20fda03cfedf35804d325e627680f4dda5ed4ec07a5070eb7b4b1,e8cd847fd14f4d9854ae328352ad1f93f72e83217586df8bc295879bc055c99c,47,158
claim-d7a855d8286fef8ced1a,content/guides/eu-vs-us-period-data-privacy.mdx,ftc,HIGH,"The FTC's 2021 consent order against Flo required changes to its data sharing practices, but the FTC cannot mandate the structural reforms that a GDPR enforcement action could, such as requiring a Data Protection Impact Assessment or appointing a Data Protection Officer with real authority.",979a5a0767c9850e7004df9117f87249867574d5a32dc1745c02520fb30c7a0f,body:root.children[21].sentence[2].occurrence[1],ecbc1690623f7255f75c2480c813cfaa714ef3c27d8dec55ff5dac733b873036,01f5cb77f5a20fda03cfedf35804d325e627680f4dda5ed4ec07a5070eb7b4b1,e8cd847fd14f4d9854ae328352ad1f93f72e83217586df8bc295879bc055c99c,47,251
claim-f29e60336836fc25e16d,content/guides/eu-vs-us-period-data-privacy.mdx,ftc,HIGH,"What fills the gap is a patchwork: state consumer privacy laws (where they exist), FTC enforcement authority (reactive, not proactive), and whatever companies voluntarily promise in their privacy policies.",ae45f14b084fb943f3d489696b0102f60210e36010272f03fae170a4af8ae569,body:root.children[3].sentence[2],a9065130469ff9df6150bcd77263eb8e4330d5b024bf039bd534fc480092aac6,01f5cb77f5a20fda03cfedf35804d325e627680f4dda5ed4ec07a5070eb7b4b1,e8cd847fd14f4d9854ae328352ad1f93f72e83217586df8bc295879bc055c99c,8,310
claim-895ec87cd237bee59fee,content/guides/femtech-data-monetization.mdx,percent,HIGH,"The period tracking app market was valued at $749 million to $1.69 billion in 2023-2024 (estimates vary by research firm), projected to reach $1.7 to $5.1 billion by 2030-2032, with a CAGR of 9-20%.",f7703d0761d01fe38a0c5bd02a36792c0e0971835f102d87afc2c7cd418861e5,body:root.children[1].sentence[0],972f63c0f9bc0b76e64eabf0de47e2fbaf18ab20b103f3da3ce714552b095722,58c802e6f5a4d0ae34e549b5bdd97541608507981f3da7edb9e022ebd66cc8f7,e8cd847fd14f4d9854ae328352ad1f93f72e83217586df8bc295879bc055c99c,4,195
claim-d389e05eae69db7d2f93,content/guides/femtech-data-monetization.mdx,dollar,HIGH,"The period tracking app market was valued at $749 million to $1.69 billion in 2023-2024 (estimates vary by research firm), projected to reach $1.7 to $5.1 billion by 2030-2032, with a CAGR of 9-20%.",f7703d0761d01fe38a0c5bd02a36792c0e0971835f102d87afc2c7cd418861e5,body:root.children[1].sentence[0].occurrence[0],972f63c0f9bc0b76e64eabf0de47e2fbaf18ab20b103f3da3ce714552b095722,58c802e6f5a4d0ae34e549b5bdd97541608507981f3da7edb9e022ebd66cc8f7,e8cd847fd14f4d9854ae328352ad1f93f72e83217586df8bc295879bc055c99c,4,46
claim-85a00cdd68fb9298d0fc,content/guides/femtech-data-monetization.mdx,dollar,HIGH,"The period tracking app market was valued at $749 million to $1.69 billion in 2023-2024 (estimates vary by research firm), projected to reach $1.7 to $5.1 billion by 2030-2032, with a CAGR of 9-20%.",f7703d0761d01fe38a0c5bd02a36792c0e0971835f102d87afc2c7cd418861e5,body:root.children[1].sentence[0].occurrence[1],972f63c0f9bc0b76e64eabf0de47e2fbaf18ab20b103f3da3ce714552b095722,58c802e6f5a4d0ae34e549b5bdd97541608507981f3da7edb9e022ebd66cc8f7,e8cd847fd14f4d9854ae328352ad1f93f72e83217586df8bc295879bc055c99c,4,62
claim-ef3c3c0e3a20baf15873,content/guides/femtech-data-monetization.mdx,dollar,HIGH,"The period tracking app market was valued at $749 million to $1.69 billion in 2023-2024 (estimates vary by research firm), projected to reach $1.7 to $5.1 billion by 2030-2032, with a CAGR of 9-20%.",f7703d0761d01fe38a0c5bd02a36792c0e0971835f102d87afc2c7cd418861e5,body:root.children[1].sentence[0].occurrence[2],972f63c0f9bc0b76e64eabf0de47e2fbaf18ab20b103f3da3ce714552b095722,58c802e6f5a4d0ae34e549b5bdd97541608507981f3da7edb9e022ebd66cc8f7,e8cd847fd14f4d9854ae328352ad1f93f72e83217586df8bc295879bc055c99c,4,143
claim-ff7b830b0eca659afa7c,content/guides/femtech-data-monetization.mdx,dollar,HIGH,"The period tracking app market was valued at $749 million to $1.69 billion in 2023-2024 (estimates vary by research firm), projected to reach $1.7 to $5.1 billion by 2030-2032, with a CAGR of 9-20%.",f7703d0761d01fe38a0c5bd02a36792c0e0971835f102d87afc2c7cd418861e5,body:root.children[1].sentence[0].occurrence[3],972f63c0f9bc0b76e64eabf0de47e2fbaf18ab20b103f3da3ce714552b095722,58c802e6f5a4d0ae34e549b5bdd97541608507981f3da7edb9e022ebd66cc8f7,e8cd847fd14f4d9854ae328352ad1f93f72e83217586df8bc295879bc055c99c,4,151
claim-29da4ad09aa4fccdde5e,content/guides/femtech-data-monetization.mdx,ftc,HIGH,"The FTC found that Flo shared users' menstrual and pregnancy data with Facebook and Google, enabling those platforms to target advertising based on health information.",42da2eab1858ac5264b606b5ac327b0c52b59c0631259bfb4b9264ff9f94739d,body:root.children[10].sentence[0],3e1737ee3134e4699476de1aa663f390571db3b3379ec12718735e5a7a16e70c,58c802e6f5a4d0ae34e549b5bdd97541608507981f3da7edb9e022ebd66cc8f7,e8cd847fd14f4d9854ae328352ad1f93f72e83217586df8bc295879bc055c99c,26,5
claim-2a41855a79c103c3e7f4,content/guides/femtech-data-monetization.mdx,dollar,HIGH,"The subsequent $59.5M class action settlement (Reuters, September 2025) reflects the scale of affected users.",c58cdd11eae77b9ede638af6722d7c99a67892080cff53ecd892e69e367704c7,body:root.children[10].sentence[2],3e1737ee3134e4699476de1aa663f390571db3b3379ec12718735e5a7a16e70c,58c802e6f5a4d0ae34e549b5bdd97541608507981f3da7edb9e022ebd66cc8f7,e8cd847fd14f4d9854ae328352ad1f93f72e83217586df8bc295879bc055c99c,26,267
claim-cc0e4c05ac8522018619,content/guides/femtech-data-monetization.mdx,ftc,HIGH,"The FTC found that Premom embedded analytics SDKs from Umeng and Jiguang, two companies with ties to Chinese technology firms, that transmitted sensitive health data without user awareness.",e3ecaaf610440a125b907076e00fce57f55a76d0f1b0f354aa446015c2b1744e,body:root.children[12].sentence[0],0fb4d629d394230c1caae2f48ea5bc17726e68e9dc22c48c61b944944feab4d2,58c802e6f5a4d0ae34e549b5bdd97541608507981f3da7edb9e022ebd66cc8f7,e8cd847fd14f4d9854ae328352ad1f93f72e83217586df8bc295879bc055c99c,30,5
claim-57bff32167eb8994ce25,content/guides/femtech-data-monetization.mdx,percent,HIGH,"A 2022 JMIR study (Alfawzan et al., n=23 apps) found 87% of popular women's mHealth apps shared data with third parties.",071f8c09289e8e086ee56bc3ec7607f275a0d0d16bfff71e137f66a819c587bc,body:root.children[14].sentence[1],87cff872a92e5b4ac60768d27695e4e6f47ac74415d2dca220df7af43f16d48d,58c802e6f5a4d0ae34e549b5bdd97541608507981f3da7edb9e022ebd66cc8f7,e8cd847fd14f4d9854ae328352ad1f93f72e83217586df8bc295879bc055c99c,34,107
claim-5065524e1950ff200653,content/guides/femtech-data-monetization.mdx,percent,HIGH,61% allowed location tracking.,e807dfd6ec2f71a85e8099854b66c3d7e83df3ce5ef84c048554a9a16611b6c6,body:root.children[14].sentence[2],87cff872a92e5b4ac60768d27695e4e6f47ac74415d2dca220df7af43f16d48d,58c802e6f5a4d0ae34e549b5bdd97541608507981f3da7edb9e022ebd66cc8f7,e8cd847fd14f4d9854ae328352ad1f93f72e83217586df8bc295879bc055c99c,34,175
claim-5300fdf4a751ba6ff9bb,content/guides/femtech-data-monetization.mdx,percent,HIGH,Only 52% requested user consent before collecting data.,f69e23a3b6b10cd74261431d64635d939eea186619db42ade5c6ee8b4272b47d,body:root.children[14].sentence[3],87cff872a92e5b4ac60768d27695e4e6f47ac74415d2dca220df7af43f16d48d,58c802e6f5a4d0ae34e549b5bdd97541608507981f3da7edb9e022ebd66cc8f7,e8cd847fd14f4d9854ae328352ad1f93f72e83217586df8bc295879bc055c99c,34,211
claim-0d04284c533ea58bc665,content/guides/femtech-data-monetization.mdx,percent,HIGH,"A 2020 PoPETs study (Shipp and Blasco, n=30 apps) found 66% of menstrual apps did not even mention collecting period data in their privacy policies.",20ad3e12be092680425c65f7cc192dc62cce28ec65bc2505bf3fa694566c1a49,body:root.children[15].sentence[0],80686efcc14bc75e45058210c4fb99edebe4fd591583d06e86ca677490b1b39a,58c802e6f5a4d0ae34e549b5bdd97541608507981f3da7edb9e022ebd66cc8f7,e8cd847fd14f4d9854ae328352ad1f93f72e83217586df8bc295879bc055c99c,36,57
claim-5ed55ab4de8d20ef3a56,content/guides/femtech-data-monetization.mdx,percent,HIGH,"ORCHA, a health app evaluation organization, found 84% of 25 period trackers shared data with third parties.",2e57b314e49d3d5df6d6dbca62f66f89a8f91293e625a3be1b7058f2f9ebf9e4,body:root.children[16].sentence[1],46e41e0253bbcd6472e263b9b89f09d085e65160eda104d2b43bec88be86f1dd,58c802e6f5a4d0ae34e549b5bdd97541608507981f3da7edb9e022ebd66cc8f7,e8cd847fd14f4d9854ae328352ad1f93f72e83217586df8bc295879bc055c99c,38,133
claim-08c53d648bcaea7bc032,content/guides/femtech-data-monetization.mdx,percent,HIGH,"A UC Berkeley study (2020, n=998 apps) found 48% of paid app versions bundled identical third-party tracking libraries as their free counterparts.",b16af1e2c3fcc0c8224334e27b740e57a9e7857b20b2a7b4436fd7830c3c0a3c,body:root.children[17].sentence[1],d07b0c82c3fe626b9f277560a0e298281bd766ae7ed133f6338d77951a29b4ba,58c802e6f5a4d0ae34e549b5bdd97541608507981f3da7edb9e022ebd66cc8f7,e8cd847fd14f4d9854ae328352ad1f93f72e83217586df8bc295879bc055c99c,40,83
claim-fbfd257778121eab3ea9,content/guides/femtech-data-monetization.mdx,percent,HIGH,"Among the 20% of users who preferred paid apps, only 6% cited security or privacy as the reason.",c0f0c573523d59540fbf1b6e54e2cc6c2eca1515df8872c6b95bfb1d39297ace,body:root.children[17].sentence[2].occurrence[0],d07b0c82c3fe626b9f277560a0e298281bd766ae7ed133f6338d77951a29b4ba,58c802e6f5a4d0ae34e549b5bdd97541608507981f3da7edb9e022ebd66cc8f7,e8cd847fd14f4d9854ae328352ad1f93f72e83217586df8bc295879bc055c99c,40,195
claim-11dc43f8602a59b30b9d,content/guides/femtech-data-monetization.mdx,percent,HIGH,"Among the 20% of users who preferred paid apps, only 6% cited security or privacy as the reason.",c0f0c573523d59540fbf1b6e54e2cc6c2eca1515df8872c6b95bfb1d39297ace,body:root.children[17].sentence[2].occurrence[1],d07b0c82c3fe626b9f277560a0e298281bd766ae7ed133f6338d77951a29b4ba,58c802e6f5a4d0ae34e549b5bdd97541608507981f3da7edb9e022ebd66cc8f7,e8cd847fd14f4d9854ae328352ad1f93f72e83217586df8bc295879bc055c99c,40,238
claim-e8785dcdd46610d2cd7b,content/guides/femtech-data-monetization.mdx,percent,HIGH,"Rock Health's annual consumer survey (n=8,000+ annually) found willingness to share health data with health tech companies fell from 25% in 2020 to 14% in 2023.",917baf9a1a24d87b1f62e7a4d42120f1f164b1863cfde5952bd577320fda8ddf,body:root.children[18].sentence[1].occurrence[0],c05496355d6bfbb4dc13592e963c643565d81ef6c3e042d7f647babcc7b7d807,58c802e6f5a4d0ae34e549b5bdd97541608507981f3da7edb9e022ebd66cc8f7,e8cd847fd14f4d9854ae328352ad1f93f72e83217586df8bc295879bc055c99c,42,177
claim-c678e14e45d603e08401,content/guides/femtech-data-monetization.mdx,percent,HIGH,"Rock Health's annual consumer survey (n=8,000+ annually) found willingness to share health data with health tech companies fell from 25% in 2020 to 14% in 2023.",917baf9a1a24d87b1f62e7a4d42120f1f164b1863cfde5952bd577320fda8ddf,body:root.children[18].sentence[1].occurrence[1],c05496355d6bfbb4dc13592e963c643565d81ef6c3e042d7f647babcc7b7d807,58c802e6f5a4d0ae34e549b5bdd97541608507981f3da7edb9e022ebd66cc8f7,e8cd847fd14f4d9854ae328352ad1f93f72e83217586df8bc295879bc055c99c,42,192
claim-4d27b5e4f46eecee1f11,content/guides/femtech-data-monetization.mdx,dollar,HIGH,"Revenue reached approximately $275M, earning a unicorn valuation ($1B+).",81428144b2db99a85f5cb88983bde3a3b487f16dc929ae9da397938e194ee100,body:root.children[2].sentence[2].occurrence[0],87726480c698c4d938de6f7f5cdb6d6cea4238f94d4d6c8415d5d6ffa2e3ec29,58c802e6f5a4d0ae34e549b5bdd97541608507981f3da7edb9e022ebd66cc8f7,e8cd847fd14f4d9854ae328352ad1f93f72e83217586df8bc295879bc055c99c,6,124
claim-8e2cba3513c59d5ed6e1,content/guides/femtech-data-monetization.mdx,dollar,HIGH,"Revenue reached approximately $275M, earning a unicorn valuation ($1B+).",81428144b2db99a85f5cb88983bde3a3b487f16dc929ae9da397938e194ee100,body:root.children[2].sentence[2].occurrence[1],87726480c698c4d938de6f7f5cdb6d6cea4238f94d4d6c8415d5d6ffa2e3ec29,58c802e6f5a4d0ae34e549b5bdd97541608507981f3da7edb9e022ebd66cc8f7,e8cd847fd14f4d9854ae328352ad1f93f72e83217586df8bc295879bc055c99c,6,160
claim-63123374aaada437ff6c,content/guides/femtech-data-monetization.mdx,dollar,HIGH,"For context on scale: Flo's monthly in-app revenue runs approximately $8.8M, compared to Natural Cycles (~$950K) and Clue (~$600K).",1bea5fb862e1f00f5c5467bebbf71d36ad6ff109a270c2189f0cbcdd3703a336,body:root.children[2].sentence[3].occurrence[0],87726480c698c4d938de6f7f5cdb6d6cea4238f94d4d6c8415d5d6ffa2e3ec29,58c802e6f5a4d0ae34e549b5bdd97541608507981f3da7edb9e022ebd66cc8f7,e8cd847fd14f4d9854ae328352ad1f93f72e83217586df8bc295879bc055c99c,6,237
claim-952e8d3566f410b366d4,content/guides/femtech-data-monetization.mdx,dollar,HIGH,"For context on scale: Flo's monthly in-app revenue runs approximately $8.8M, compared to Natural Cycles (~$950K) and Clue (~$600K).",1bea5fb862e1f00f5c5467bebbf71d36ad6ff109a270c2189f0cbcdd3703a336,body:root.children[2].sentence[3].occurrence[1],87726480c698c4d938de6f7f5cdb6d6cea4238f94d4d6c8415d5d6ffa2e3ec29,58c802e6f5a4d0ae34e549b5bdd97541608507981f3da7edb9e022ebd66cc8f7,e8cd847fd14f4d9854ae328352ad1f93f72e83217586df8bc295879bc055c99c,6,273
claim-02cc1610b16c7252b962,content/guides/femtech-data-monetization.mdx,dollar,HIGH,"For context on scale: Flo's monthly in-app revenue runs approximately $8.8M, compared to Natural Cycles (~$950K) and Clue (~$600K).",1bea5fb862e1f00f5c5467bebbf71d36ad6ff109a270c2189f0cbcdd3703a336,body:root.children[2].sentence[3].occurrence[2],87726480c698c4d938de6f7f5cdb6d6cea4238f94d4d6c8415d5d6ffa2e3ec29,58c802e6f5a4d0ae34e549b5bdd97541608507981f3da7edb9e022ebd66cc8f7,e8cd847fd14f4d9854ae328352ad1f93f72e83217586df8bc295879bc055c99c,6,291
claim-2ec30e8a0285d5120b14,content/guides/femtech-data-monetization.mdx,dollar,HIGH,~$8.8M,64c682dc57c792c08d84573800dc61cf36fd70d78d91ec5cfad7c2964e571b86,body:root.children[3].children[1].children[2],152dda0d006ab958fedeb032cc6096e349c715b992dd4bbd36523fd78a0743cb,58c802e6f5a4d0ae34e549b5bdd97541608507981f3da7edb9e022ebd66cc8f7,e8cd847fd14f4d9854ae328352ad1f93f72e83217586df8bc295879bc055c99c,10,29
claim-a4e2efdcb76a657ded5f,content/guides/femtech-data-monetization.mdx,dollar,HIGH,$1B+ (unicorn),c537d75c129d9840fe258c924f8d767e6adfa405181d4f21e8230b1b7a5c30de,body:root.children[3].children[1].children[3],152dda0d006ab958fedeb032cc6096e349c715b992dd4bbd36523fd78a0743cb,58c802e6f5a4d0ae34e549b5bdd97541608507981f3da7edb9e022ebd66cc8f7,e8cd847fd14f4d9854ae328352ad1f93f72e83217586df8bc295879bc055c99c,10,37
claim-a606e63dd45b23e87001,content/guides/femtech-data-monetization.mdx,dollar,HIGH,~$950K,1bfad27b130f7ae3656807b7d2ad75a5bc0de4172651f364a842bf24a37e330a,body:root.children[3].children[2].children[2],152dda0d006ab958fedeb032cc6096e349c715b992dd4bbd36523fd78a0743cb,58c802e6f5a4d0ae34e549b5bdd97541608507981f3da7edb9e022ebd66cc8f7,e8cd847fd14f4d9854ae328352ad1f93f72e83217586df8bc295879bc055c99c,11,46
claim-32b68340f2b7bf178624,content/guides/femtech-data-monetization.mdx,dollar,HIGH,~$600K,3829b455ac1ffc0ab7f07c3af33cb360ef9d11b8f49bfba512ec2aaee4dddc97,body:root.children[3].children[3].children[2],152dda0d006ab958fedeb032cc6096e349c715b992dd4bbd36523fd78a0743cb,58c802e6f5a4d0ae34e549b5bdd97541608507981f3da7edb9e022ebd66cc8f7,e8cd847fd14f4d9854ae328352ad1f93f72e83217586df8bc295879bc055c99c,12,36
claim-ab3802b7fabee631d8d2,content/guides/femtech-data-monetization.mdx,ftc,HIGH,Two FTC cases provide concrete evidence of how period data has been monetized:,c94fcf1a9550da9ce4968de3bf5902adbf04663b45942e66d7d23d3b508b5803,body:root.children[8].sentence[0],9dce06704ac6c990217f4390626fda8959d806b30dcf189839086741f71826ff,58c802e6f5a4d0ae34e549b5bdd97541608507981f3da7edb9e022ebd66cc8f7,e8cd847fd14f4d9854ae328352ad1f93f72e83217586df8bc295879bc055c99c,22,5
claim-066a108034f0df7e5c46,content/guides/fertility-awareness-method-complete-guide.mdx,percent,HIGH,Efficacy with correct use: approximately 97-99%.,809c7228cf88f5af76676eb6637df14764fa17599a06462b25133742e5361886,body:root.children[17].sentence[0],16468f9634dcb1e19aae586fd111aca4a4bae1fe9be05b0ec96e13d093a3e383,1e57c0bcd079d0f8f877cdc02e0319a7808d564c222893ebe02eea5980ee476b,e8cd847fd14f4d9854ae328352ad1f93f72e83217586df8bc295879bc055c99c,40,45
claim-af3aab044486ae306527,content/guides/fertility-awareness-method-complete-guide.mdx,percent,HIGH,0.4-1% failure/year,6e036305e64dd874360f8a3473add028e1a83d51108b1f9eafae282428bc3f65,body:root.children[23].children[1].children[1],394332e33253796537d5f78217f0e266c493012e490d7d50dab438ae283a59ae,1e57c0bcd079d0f8f877cdc02e0319a7808d564c222893ebe02eea5980ee476b,e8cd847fd14f4d9854ae328352ad1f93f72e83217586df8bc295879bc055c99c,54,36
claim-a89b7b84b9b1ad94f1b4,content/guides/fertility-awareness-method-complete-guide.mdx,percent,HIGH,12-24% failure/year,78ac606ea0ad551fe570b62350ec2aac747dfc7eb53d90b652875a3c2aaf0151,body:root.children[23].children[1].children[2],394332e33253796537d5f78217f0e266c493012e490d7d50dab438ae283a59ae,1e57c0bcd079d0f8f877cdc02e0319a7808d564c222893ebe02eea5980ee476b,e8cd847fd14f4d9854ae328352ad1f93f72e83217586df8bc295879bc055c99c,54,57
claim-f1da32c17f403d35b3a5,content/guides/fertility-awareness-method-complete-guide.mdx,percent,HIGH,0.5-3% failure/year,8d6d71411e0b7026695afcb8467687765dc46530d7cf45d8728633e12c3c0956,body:root.children[23].children[2].children[1],394332e33253796537d5f78217f0e266c493012e490d7d50dab438ae283a59ae,1e57c0bcd079d0f8f877cdc02e0319a7808d564c222893ebe02eea5980ee476b,e8cd847fd14f4d9854ae328352ad1f93f72e83217586df8bc295879bc055c99c,55,18
claim-3146491929f7f4b13f33,content/guides/fertility-awareness-method-complete-guide.mdx,percent,HIGH,3-22% failure/year,fca79bcd10990c7011b52cb174ab354a475c61ded9c96a58febaf3b4d3cad77f,body:root.children[23].children[2].children[2],394332e33253796537d5f78217f0e266c493012e490d7d50dab438ae283a59ae,1e57c0bcd079d0f8f877cdc02e0319a7808d564c222893ebe02eea5980ee476b,e8cd847fd14f4d9854ae328352ad1f93f72e83217586df8bc295879bc055c99c,55,38
claim-f6202302c6974b3accf6,content/guides/fertility-awareness-method-complete-guide.mdx,percent,HIGH,0.5-1.5% failure/year,daaefd08bc90b03bbf29d119bc515caf32f3ebfc496370375ad5c0c19686ef6f,body:root.children[23].children[3].children[1],394332e33253796537d5f78217f0e266c493012e490d7d50dab438ae283a59ae,1e57c0bcd079d0f8f877cdc02e0319a7808d564c222893ebe02eea5980ee476b,e8cd847fd14f4d9854ae328352ad1f93f72e83217586df8bc295879bc055c99c,56,19
claim-2b557c6b058a39a0847e,content/guides/fertility-awareness-method-complete-guide.mdx,percent,HIGH,~3-14% failure/year,28e61f32cf7af260e5c76ed13cc38d67ae1bcba3d90e34570140207d7b18edda,body:root.children[23].children[3].children[2],394332e33253796537d5f78217f0e266c493012e490d7d50dab438ae283a59ae,1e57c0bcd079d0f8f877cdc02e0319a7808d564c222893ebe02eea5980ee476b,e8cd847fd14f4d9854ae328352ad1f93f72e83217586df8bc295879bc055c99c,56,42
claim-4579936a73601e699067,content/guides/fertility-awareness-method-complete-guide.mdx,percent,HIGH,~9% failure/year,f006cb02e137a160c3eb779c05bea2d3764664c0bf4b246933f9ba1e9be123a2,body:root.children[23].children[4].children[1],394332e33253796537d5f78217f0e266c493012e490d7d50dab438ae283a59ae,1e57c0bcd079d0f8f877cdc02e0319a7808d564c222893ebe02eea5980ee476b,e8cd847fd14f4d9854ae328352ad1f93f72e83217586df8bc295879bc055c99c,57,22
claim-5af7af46782049d6fb66,content/guides/fertility-awareness-method-complete-guide.mdx,percent,HIGH,~25% failure/year,26b4ce56a02c34b89fbd906629c901430ab27b7fbf131188708603139d2c0996,body:root.children[23].children[4].children[2],394332e33253796537d5f78217f0e266c493012e490d7d50dab438ae283a59ae,1e57c0bcd079d0f8f877cdc02e0319a7808d564c222893ebe02eea5980ee476b,e8cd847fd14f4d9854ae328352ad1f93f72e83217586df8bc295879bc055c99c,57,41
claim-eb41f024cbd9eabcc6f6,content/guides/fertility-awareness-method-complete-guide.mdx,percent,HIGH,0.3% failure/year,43bcb76a382ff735e3ba7f2c3cbfc2fb1ca85c1c23833ce01a82daa6e3cd52b3,body:root.children[23].children[5].children[1],394332e33253796537d5f78217f0e266c493012e490d7d50dab438ae283a59ae,1e57c0bcd079d0f8f877cdc02e0319a7808d564c222893ebe02eea5980ee476b,e8cd847fd14f4d9854ae328352ad1f93f72e83217586df8bc295879bc055c99c,58,18
claim-86fd283ee90f7932fe65,content/guides/fertility-awareness-method-complete-guide.mdx,percent,HIGH,7-9% failure/year,f6548a36d7334b8382db29e09af68ac9b25a6bc83bb07bbb93dfcd2ec3d8afbf,body:root.children[23].children[5].children[2],394332e33253796537d5f78217f0e266c493012e490d7d50dab438ae283a59ae,1e57c0bcd079d0f8f877cdc02e0319a7808d564c222893ebe02eea5980ee476b,e8cd847fd14f4d9854ae328352ad1f93f72e83217586df8bc295879bc055c99c,58,40
claim-ec8f96123d9475fd36c8,content/guides/fertility-awareness-method-complete-guide.mdx,percent,HIGH,0.8% failure/year,e703d72c6d34ae13416257b946ee7b5aa8cbdc99b4dd0e487c1082e9586da6fd,body:root.children[23].children[6].children[1],394332e33253796537d5f78217f0e266c493012e490d7d50dab438ae283a59ae,1e57c0bcd079d0f8f877cdc02e0319a7808d564c222893ebe02eea5980ee476b,e8cd847fd14f4d9854ae328352ad1f93f72e83217586df8bc295879bc055c99c,59,16
claim-21340e9a2b9e3867b1db,content/guides/fertility-awareness-method-complete-guide.mdx,percent,HIGH,0.8% failure/year,e703d72c6d34ae13416257b946ee7b5aa8cbdc99b4dd0e487c1082e9586da6fd,body:root.children[23].children[6].children[2],394332e33253796537d5f78217f0e266c493012e490d7d50dab438ae283a59ae,1e57c0bcd079d0f8f877cdc02e0319a7808d564c222893ebe02eea5980ee476b,e8cd847fd14f4d9854ae328352ad1f93f72e83217586df8bc295879bc055c99c,59,36
claim-9ebc9471dfe88a29a0c3,content/guides/flo-anonymous-mode-explained.mdx,case-citation,HIGH,"[Flo](/compare/alternatives/flo-app-alternative/) launched Anonymous Mode in September 2022, three months after the Supreme Court's Dobbs decision overturned Roe v. Wade.",f72b74b41c9b998d191a4e70f3743cd6b1f6a555217de541d023b44ef74575b3,body:root.children[0].sentence[0],6af84245e2643914ba8bdf49b9a73bd7a9772ebb9d27ffceeda9b04cb209504f,6cfa694f55815fbb2e6480b7b06631e9c8f9c22ea1d38a778e155bcd482ac4a9,e8cd847fd14f4d9854ae328352ad1f93f72e83217586df8bc295879bc055c99c,2,159
claim-3702371ea17f4d21f2f9,content/guides/flo-anonymous-mode-explained.mdx,named-case,HIGH,"[Flo](/compare/alternatives/flo-app-alternative/) launched Anonymous Mode in September 2022, three months after the Supreme Court's Dobbs decision overturned Roe v. Wade.",f72b74b41c9b998d191a4e70f3743cd6b1f6a555217de541d023b44ef74575b3,body:root.children[0].sentence[0].occurrence[0],6af84245e2643914ba8bdf49b9a73bd7a9772ebb9d27ffceeda9b04cb209504f,6cfa694f55815fbb2e6480b7b06631e9c8f9c22ea1d38a778e155bcd482ac4a9,e8cd847fd14f4d9854ae328352ad1f93f72e83217586df8bc295879bc055c99c,2,133
claim-2b33e3af5a61a382cbf2,content/guides/flo-anonymous-mode-explained.mdx,named-case,HIGH,"[Flo](/compare/alternatives/flo-app-alternative/) launched Anonymous Mode in September 2022, three months after the Supreme Court's Dobbs decision overturned Roe v. Wade.",f72b74b41c9b998d191a4e70f3743cd6b1f6a555217de541d023b44ef74575b3,body:root.children[0].sentence[0].occurrence[1],6af84245e2643914ba8bdf49b9a73bd7a9772ebb9d27ffceeda9b04cb209504f,6cfa694f55815fbb2e6480b7b06631e9c8f9c22ea1d38a778e155bcd482ac4a9,e8cd847fd14f4d9854ae328352ad1f93f72e83217586df8bc295879bc055c99c,2,159
claim-afcaa0bb15ce573684be,content/guides/flo-anonymous-mode-explained.mdx,ftc,HIGH,"Flo tightened SDK usage after the FTC action, but the feature itself does not block SDK data flows.",76618907ba4563d76746093c635bd14a82c562c267f6e293aab97bbb55d28dec,body:root.children[10].sentence[1],e07e6b922367279e754a6ffc08cea294ba613e23f973265e7a771c941f98fde7,6cfa694f55815fbb2e6480b7b06631e9c8f9c22ea1d38a778e155bcd482ac4a9,e8cd847fd14f4d9854ae328352ad1f93f72e83217586df8bc295879bc055c99c,22,105
claim-babe83e1d3470b93cf55,content/guides/flo-anonymous-mode-explained.mdx,ftc,HIGH,"Any privacy gains from reduced SDK sharing come from Flo's current policy and the FTC consent order, not from Anonymous Mode.",ab007f1f84beadb9c954e6191d01ef39f518e28020ead52264c890b11e7d2a20,body:root.children[10].sentence[2],e07e6b922367279e754a6ffc08cea294ba613e23f973265e7a771c941f98fde7,6cfa694f55815fbb2e6480b7b06631e9c8f9c22ea1d38a778e155bcd482ac4a9,e8cd847fd14f4d9854ae328352ad1f93f72e83217586df8bc295879bc055c99c,22,253
claim-2794e0f1659b0a1ed9f5,content/guides/flo-anonymous-mode-explained.mdx,dollar,HIGH,"The [$59.5M settlement](/resources/guides/flo-period-tracker-lawsuit-settlement/) that closed in September 2025 covered conduct from 2016 to 2019, but the point stands: Anonymous Mode did not prevent Flo from being a defendant.",4898b5abc20bedd09174278f942b09a61f5ba69300847bcff577af6f164e815b,body:root.children[17].sentence[2],aa224c0caa03cf1c2f810b5ae90c108b734464317266755994244e6bc302a41b,6cfa694f55815fbb2e6480b7b06631e9c8f9c22ea1d38a778e155bcd482ac4a9,e8cd847fd14f4d9854ae328352ad1f93f72e83217586df8bc295879bc055c99c,36,182
claim-a2f8d33002ae7e05470f,content/guides/flo-anonymous-mode-explained.mdx,named-case,HIGH,Flo positions Anonymous Mode as a response to the post-Dobbs risk environment.,c33423b9003dc8df5ccb823a1ae84c7966ffc7e969152fa19daab7568e295eb0,body:root.children[5].sentence[0],d98e79a70d976017b14e769137d7746696f16a1f2e0b4bffef57f02967da7e84,6cfa694f55815fbb2e6480b7b06631e9c8f9c22ea1d38a778e155bcd482ac4a9,e8cd847fd14f4d9854ae328352ad1f93f72e83217586df8bc295879bc055c99c,12,56
claim-4ddf1bc9a0443771152c,content/guides/flo-period-tracker-lawsuit-settlement.mdx,ftc,HIGH,"The short version: the FTC said Flo shared reproductive-health data with Facebook, Google, and Flurry despite making privacy promises to users.",1621f9123c7f9d16504c1c61b7fbe9a66e61d7bb552c251fa0fde0bde4ab4258,body:root.children[1].sentence[0],6ddb0a8cbce0f4aadf1fd9a47dc5378574b77558a2a4061c52549461776b6507,f4b1dce8c59bbd294c7c3a3db7da02f41c54298e9e1999179429e797cc511eb6,e8cd847fd14f4d9854ae328352ad1f93f72e83217586df8bc295879bc055c99c,4,24
claim-c65865de5e433e00c431,content/guides/flo-period-tracker-lawsuit-settlement.mdx,dollar,HIGH,The settlements that followed reached a combined $59.5M.,89bf1a374dd27d873ba493a6d62e81ad1619abaa8b0a6782f0d8bc63216e596f,body:root.children[1].sentence[1],6ddb0a8cbce0f4aadf1fd9a47dc5378574b77558a2a4061c52549461776b6507,f4b1dce8c59bbd294c7c3a3db7da02f41c54298e9e1999179429e797cc511eb6,e8cd847fd14f4d9854ae328352ad1f93f72e83217586df8bc295879bc055c99c,4,194
claim-7dec8b976844118ea6a1,content/guides/flo-period-tracker-lawsuit-settlement.mdx,dollar,HIGH,"Flurry, a Yahoo-owned analytics company that received Flo user data through its SDK, settled its portion of the class action for $3.5M.",44199ba643bc6b19ffeed966f4d87b9cbb804b9944396be95349edb7dcec7766,body:root.children[12].sentence[0],935e6d492799ca8e857c6943f225e5939125f2880a3a1bd9ca23e8c9dfbfa3c6,f4b1dce8c59bbd294c7c3a3db7da02f41c54298e9e1999179429e797cc511eb6,e8cd847fd14f4d9854ae328352ad1f93f72e83217586df8bc295879bc055c99c,26,130
claim-06a72af1fee1f16c432b,content/guides/flo-period-tracker-lawsuit-settlement.mdx,dollar,HIGH,Google and Flo Health agreed to pay a combined $56M to settle the class action.,52f5f679be8e867c125db8b06724e45aa6774d64ba4f3c728320358df72c02fa,body:root.children[14].sentence[0],0655d29ff644ab8e9decd3db664904d8d4352ac3bc17c8d98b0dc5443bcece8f,f4b1dce8c59bbd294c7c3a3db7da02f41c54298e9e1999179429e797cc511eb6,e8cd847fd14f4d9854ae328352ad1f93f72e83217586df8bc295879bc055c99c,30,48
claim-777fd450bf9c345fb44e,content/guides/flo-period-tracker-lawsuit-settlement.mdx,case-citation,HIGH,"During the Frasco v. Flo Health trial, Flo settled its remaining claims on July 31, 2025.",0006ef8df1d52274668cd44248e4d56364479de20bd8e3810b6b7bab4bb86f45,body:root.children[17].sentence[0],2efc7275e5f82dc3319f507eb6f1203420f910143a168a64aaa011fb8740042f,f4b1dce8c59bbd294c7c3a3db7da02f41c54298e9e1999179429e797cc511eb6,e8cd847fd14f4d9854ae328352ad1f93f72e83217586df8bc295879bc055c99c,36,12
claim-b091df064def7cd18cef,content/guides/flo-period-tracker-lawsuit-settlement.mdx,named-case,HIGH,"During the Frasco v. Flo Health trial, Flo settled its remaining claims on July 31, 2025.",0006ef8df1d52274668cd44248e4d56364479de20bd8e3810b6b7bab4bb86f45,body:root.children[17].sentence[0],2efc7275e5f82dc3319f507eb6f1203420f910143a168a64aaa011fb8740042f,f4b1dce8c59bbd294c7c3a3db7da02f41c54298e9e1999179429e797cc511eb6,e8cd847fd14f4d9854ae328352ad1f93f72e83217586df8bc295879bc055c99c,36,12
claim-354bf1ca2d2a35544cac,content/guides/flo-period-tracker-lawsuit-settlement.mdx,dollar,HIGH,The HIPAA Journal reported the combined settlement figure: $3.5M (Flurry) + $56M (Google + Flo) = $59.5M.,c37ff89c0c55df11569d33b2153560bce0a081af248c365799bf32f887a80718,body:root.children[20].sentence[0].occurrence[0],9b299dca667cfdf8ee590976f8359693e254dfa02fd211b2e1f4a433fff53c80,f4b1dce8c59bbd294c7c3a3db7da02f41c54298e9e1999179429e797cc511eb6,e8cd847fd14f4d9854ae328352ad1f93f72e83217586df8bc295879bc055c99c,42,60
claim-81bab0c8882c53f1767d,content/guides/flo-period-tracker-lawsuit-settlement.mdx,dollar,HIGH,The HIPAA Journal reported the combined settlement figure: $3.5M (Flurry) + $56M (Google + Flo) = $59.5M.,c37ff89c0c55df11569d33b2153560bce0a081af248c365799bf32f887a80718,body:root.children[20].sentence[0].occurrence[1],9b299dca667cfdf8ee590976f8359693e254dfa02fd211b2e1f4a433fff53c80,f4b1dce8c59bbd294c7c3a3db7da02f41c54298e9e1999179429e797cc511eb6,e8cd847fd14f4d9854ae328352ad1f93f72e83217586df8bc295879bc055c99c,42,77
claim-e091d2522cf43d6d4b1b,content/guides/flo-period-tracker-lawsuit-settlement.mdx,dollar,HIGH,The HIPAA Journal reported the combined settlement figure: $3.5M (Flurry) + $56M (Google + Flo) = $59.5M.,c37ff89c0c55df11569d33b2153560bce0a081af248c365799bf32f887a80718,body:root.children[20].sentence[0].occurrence[2],9b299dca667cfdf8ee590976f8359693e254dfa02fd211b2e1f4a433fff53c80,f4b1dce8c59bbd294c7c3a3db7da02f41c54298e9e1999179429e797cc511eb6,e8cd847fd14f4d9854ae328352ad1f93f72e83217586df8bc295879bc055c99c,42,99
claim-aa7d06985b2e8b4ecf08,content/guides/flo-period-tracker-lawsuit-settlement.mdx,dollar,HIGH,"AllNet Law described it as ""a $59.5 million lesson on intimate data informed consent.""",134a044b0f2c0dce8618a4e0a244217395ff3884c6cd0a4aae743cc88d71b0f1,body:root.children[20].sentence[1],9b299dca667cfdf8ee590976f8359693e254dfa02fd211b2e1f4a433fff53c80,f4b1dce8c59bbd294c7c3a3db7da02f41c54298e9e1999179429e797cc511eb6,e8cd847fd14f4d9854ae328352ad1f93f72e83217586df8bc295879bc055c99c,42,137
claim-c6fdbf9566a21ff09354,content/guides/flo-period-tracker-lawsuit-settlement.mdx,named-case,HIGH,"The full case caption is Frasco et al. v. Flo Health, Inc., et al., Case No.",afe8febe95380b261c93241105c34662cd872038d5e5e85a8e4c7da5d43f646b,body:root.children[23].sentence[0],102a1251b38449b7ccbfe7c8895f51538a077610ebaf92bfe82cf4efbb041734,f4b1dce8c59bbd294c7c3a3db7da02f41c54298e9e1999179429e797cc511eb6,e8cd847fd14f4d9854ae328352ad1f93f72e83217586df8bc295879bc055c99c,48,26
claim-e3fa1bd8048851a3b270,content/guides/flo-period-tracker-lawsuit-settlement.mdx,named-case,HIGH,Eight named plaintiffs led by Erica Frasco brought the action.,1f61dd69634fa948f117225fafc0f430e848b56a47f9204284c52c3767598cd1,body:root.children[23].sentence[2],102a1251b38449b7ccbfe7c8895f51538a077610ebaf92bfe82cf4efbb041734,f4b1dce8c59bbd294c7c3a3db7da02f41c54298e9e1999179429e797cc511eb6,e8cd847fd14f4d9854ae328352ad1f93f72e83217586df8bc295879bc055c99c,48,204
claim-5d284f1f9e84a414d077,content/guides/flo-period-tracker-lawsuit-settlement.mdx,ftc,HIGH,The FTC enforcement action against Flo Health is filed as FTC File No.,bcc987f8e10f549219ad56cbbb4f90f4d6c83043f0da6fc851066a68692237c7,body:root.children[27].sentence[0].occurrence[0],02196ce19bd347bb157b8caf1f7f4d267fa2d6123a0f291537a3374064b41312,f4b1dce8c59bbd294c7c3a3db7da02f41c54298e9e1999179429e797cc511eb6,e8cd847fd14f4d9854ae328352ad1f93f72e83217586df8bc295879bc055c99c,56,5
claim-6c1dd74daeadb091c727,content/guides/flo-period-tracker-lawsuit-settlement.mdx,ftc,HIGH,The FTC enforcement action against Flo Health is filed as FTC File No.,bcc987f8e10f549219ad56cbbb4f90f4d6c83043f0da6fc851066a68692237c7,body:root.children[27].sentence[0].occurrence[1],02196ce19bd347bb157b8caf1f7f4d267fa2d6123a0f291537a3374064b41312,f4b1dce8c59bbd294c7c3a3db7da02f41c54298e9e1999179429e797cc511eb6,e8cd847fd14f4d9854ae328352ad1f93f72e83217586df8bc295879bc055c99c,56,59
claim-937c850c83b5e2d38d7b,content/guides/flo-period-tracker-lawsuit-settlement.mdx,ftc,HIGH,This was the first time the FTC ordered a company to notify affected users of a privacy enforcement action.,6628b81c2def320ccb04c33fb0e7890408b58669ebc034397fba24a7f32bbc71,body:root.children[28].sentence[0],1f658e93873097667f0c726d3972533b1fe5b67c832a4a343c64dd6a276f957d,f4b1dce8c59bbd294c7c3a3db7da02f41c54298e9e1999179429e797cc511eb6,e8cd847fd14f4d9854ae328352ad1f93f72e83217586df8bc295879bc055c99c,58,29
claim-dd4518a5e80ed473f79a,content/guides/flo-period-tracker-lawsuit-settlement.mdx,dollar,HIGH,"Under CIPA Section 637.2, each violation carries potential statutory damages of $5,000 or three times actual damages.",ba91a29d230cdc999dd0574362c706f53999cc689e15081306bf37624792bba9,body:root.children[33].sentence[0],a266082ac3a61b695cf2b454338b72e911eb84d8e4f2e8d39accb5cb7ca003a3,f4b1dce8c59bbd294c7c3a3db7da02f41c54298e9e1999179429e797cc511eb6,e8cd847fd14f4d9854ae328352ad1f93f72e83217586df8bc295879bc055c99c,68,81
claim-19f05bf66778f45889d9,content/guides/flo-period-tracker-lawsuit-settlement.mdx,as-of-date,HIGH,Meta's appeal is pending as of April 2026.,3d942db0aece5db7a72cb064288b8dbb12ba944c86c80f6f54bbfd81d524bc51,body:root.children[34].sentence[1],648f2cfbf3ae0b577536bd93622a4ac990011ec17eb216eedf00a578bfc239e7,f4b1dce8c59bbd294c7c3a3db7da02f41c54298e9e1999179429e797cc511eb6,e8cd847fd14f4d9854ae328352ad1f93f72e83217586df8bc295879bc055c99c,70,97
claim-9257209a2d5bce7e7ab8,content/guides/flo-period-tracker-lawsuit-settlement.mdx,dollar,HIGH,"The individual settlement amounts break down as follows: Flurry (Yahoo) paid $3.5M in March 2025, Google paid $48M on July 3, 2025, and Flo Health paid $8M on July 31, 2025.",df858d14bbf7dc2b9723b839c599272165e161fa396b49c99557455fdc090a17,body:root.children[36].sentence[3].occurrence[0],72fab9544c0c5e015acb96e472e8902ac0715115218927f23cabb273da668862,f4b1dce8c59bbd294c7c3a3db7da02f41c54298e9e1999179429e797cc511eb6,e8cd847fd14f4d9854ae328352ad1f93f72e83217586df8bc295879bc055c99c,74,188
claim-7fb071773d2c4c6dcc13,content/guides/flo-period-tracker-lawsuit-settlement.mdx,dollar,HIGH,"The individual settlement amounts break down as follows: Flurry (Yahoo) paid $3.5M in March 2025, Google paid $48M on July 3, 2025, and Flo Health paid $8M on July 31, 2025.",df858d14bbf7dc2b9723b839c599272165e161fa396b49c99557455fdc090a17,body:root.children[36].sentence[3].occurrence[1],72fab9544c0c5e015acb96e472e8902ac0715115218927f23cabb273da668862,f4b1dce8c59bbd294c7c3a3db7da02f41c54298e9e1999179429e797cc511eb6,e8cd847fd14f4d9854ae328352ad1f93f72e83217586df8bc295879bc055c99c,74,221
claim-31c05156747876a260c6,content/guides/flo-period-tracker-lawsuit-settlement.mdx,dollar,HIGH,"The individual settlement amounts break down as follows: Flurry (Yahoo) paid $3.5M in March 2025, Google paid $48M on July 3, 2025, and Flo Health paid $8M on July 31, 2025.",df858d14bbf7dc2b9723b839c599272165e161fa396b49c99557455fdc090a17,body:root.children[36].sentence[3].occurrence[2],72fab9544c0c5e015acb96e472e8902ac0715115218927f23cabb273da668862,f4b1dce8c59bbd294c7c3a3db7da02f41c54298e9e1999179429e797cc511eb6,e8cd847fd14f4d9854ae328352ad1f93f72e83217586df8bc295879bc055c99c,74,263
claim-e3e6b0531cc79c0e7db1,content/guides/flo-period-tracker-lawsuit-settlement.mdx,ftc,HIGH,"The FTC found that between 2016 and 2019, Flo shared users' reproductive health information, period dates, pregnancy status, and health symptoms, with Facebook and Google via embedded third-party SDKs.",1fd5b09582107b7c7c660b9ca40e7012756fdcb078d25d3b09cf3f0ee03952d1,body:root.children[4].sentence[1],4ddf91d74ec41dba0420ee0d58ab6733db6a21741bd1806ec6c2967a4b696973,f4b1dce8c59bbd294c7c3a3db7da02f41c54298e9e1999179429e797cc511eb6,e8cd847fd14f4d9854ae328352ad1f93f72e83217586df8bc295879bc055c99c,10,91
claim-a44d53c432122c8a34e3,content/guides/flo-period-tracker-lawsuit-settlement.mdx,ftc,HIGH,"Flo introduced Anonymous Mode after the FTC action, which claims to decouple cycle data from user identity.",32b896a4dd866d7418add222b2cfb6da4f90040a90fbc7763efed807009304c5,body:root.children[40].sentence[0],5c5a03d09f809c2e7f9162820f578eef8e5fff682619c4d60a257f188585f479,f4b1dce8c59bbd294c7c3a3db7da02f41c54298e9e1999179429e797cc511eb6,e8cd847fd14f4d9854ae328352ad1f93f72e83217586df8bc295879bc055c99c,82,41
claim-86380f87a6db6353c40e,content/guides/flo-period-tracker-lawsuit-settlement.mdx,ftc,HIGH,"The FTC consent order added policy requirements, notification, consent, a privacy program.",0c5a041ec9a6725f40b31bf626a8ddb37fdb06fc8f47edbe8402ff0bbb0c206e,body:root.children[41].sentence[0],8126fe8dfde9ebed775787b1717711bacb497b5dcc9630398ee937fecb7f323d,f4b1dce8c59bbd294c7c3a3db7da02f41c54298e9e1999179429e797cc511eb6,e8cd847fd14f4d9854ae328352ad1f93f72e83217586df8bc295879bc055c99c,84,5
claim-e06bb4980bd493793324,content/guides/flo-period-tracker-lawsuit-settlement.mdx,named-case,HIGH,This matters especially in [post-Dobbs](/resources/guides/reproductive-data-prosecutions-after-dobbs/) states where reproductive data has been sought in investigations.,be6d74d85167d03b0c6b7e7100a62cec2f95b8da95882e50d42f7c6401eb3f3e,body:root.children[44].sentence[2],f6120cca3c4b089372081fcb487824cd3b0b1414cce51bbbf3a24fb8d839644b,f4b1dce8c59bbd294c7c3a3db7da02f41c54298e9e1999179429e797cc511eb6,e8cd847fd14f4d9854ae328352ad1f93f72e83217586df8bc295879bc055c99c,90,219
claim-328c8493c31af1fee99a,content/guides/flo-period-tracker-lawsuit-settlement.mdx,ftc,HIGH,The FTC concluded this was an unfair and deceptive practice under Section 5 of the FTC Act.,e34a339e8460e264c817e85565724d1dca73c8be89c8da0a7ab418e4ea7e38c2,body:root.children[5].sentence[1].occurrence[0],d8b0b994f27737935084e5a7e760db106a94cd0d36d88c54cd7c9f397a4af069,f4b1dce8c59bbd294c7c3a3db7da02f41c54298e9e1999179429e797cc511eb6,e8cd847fd14f4d9854ae328352ad1f93f72e83217586df8bc295879bc055c99c,12,135
claim-60d26b4e53c2826d32c8,content/guides/flo-period-tracker-lawsuit-settlement.mdx,ftc,HIGH,The FTC concluded this was an unfair and deceptive practice under Section 5 of the FTC Act.,e34a339e8460e264c817e85565724d1dca73c8be89c8da0a7ab418e4ea7e38c2,body:root.children[5].sentence[1].occurrence[1],d8b0b994f27737935084e5a7e760db106a94cd0d36d88c54cd7c9f397a4af069,f4b1dce8c59bbd294c7c3a3db7da02f41c54298e9e1999179429e797cc511eb6,e8cd847fd14f4d9854ae328352ad1f93f72e83217586df8bc295879bc055c99c,12,214
claim-6e3256e2bd95db21f20b,content/guides/flo-period-tracker-lawsuit-settlement.mdx,ftc,HIGH,The FTC finalized its consent order with Flo Health.,ba206cbabe5d5e6733cf3a8593e042c3529005970b9ca36aec71a8fc838bf8c5,body:root.children[9].sentence[0],db3fdc3aec8d8f4969540a61cd74f11b9dd867176231117f02bb39ebe7b62232,f4b1dce8c59bbd294c7c3a3db7da02f41c54298e9e1999179429e797cc511eb6,e8cd847fd14f4d9854ae328352ad1f93f72e83217586df8bc295879bc055c99c,20,5
claim-3cb0f8f0bb3af4096f2a,content/guides/google-fit-menstrual-data-privacy.mdx,ftc,HIGH,"**The documented example:** Flo Health's FTC settlement (2021) arose partly from sharing health data with analytics SDKs, including Facebook Analytics and AppsFlyer, despite claiming not to share data with third parties.",e86a51b8f17b80db5fd4b30cdae05cf647e938512b1ea637369e2ce28d9f0c55,body:root.children[19].sentence[0],363578615872b1223c1b4c42a5b9b3d782f4a97a6149de8e701607b208b94d8b,fa87e515f502a91f088fafd8d3a4cc86044033734222dac17449815d6be280f9,e8cd847fd14f4d9854ae328352ad1f93f72e83217586df8bc295879bc055c99c,46,42
claim-eb85794e632309a964eb,content/guides/google-fit-menstrual-data-privacy.mdx,ftc,HIGH,The FTC action resulted in Flo being required to notify users and obtain affirmative express consent for future sharing.,a6b4eb417e748e133aff7661d2b0f63783f2153ce56ec3cf45efcec5917401ee,body:root.children[19].sentence[2],363578615872b1223c1b4c42a5b9b3d782f4a97a6149de8e701607b208b94d8b,fa87e515f502a91f088fafd8d3a4cc86044033734222dac17449815d6be280f9,e8cd847fd14f4d9854ae328352ad1f93f72e83217586df8bc295879bc055c99c,46,350
claim-dc691b0b7e60f61e6e3c,content/guides/hipaa-period-tracker-deep-dive.mdx,ftc,HIGH,"Enforcement falls to the FTC under its general authority over deceptive practices, which is why the [Flo](/resources/guides/flo-period-tracker-lawsuit-settlement) and [Premom](/resources/guides/premom-data-sharing-ftc) cases were FTC actions, not HIPAA actions.",1427732a3ba4c2eb433753bf3937fa2ee37aafbcdcf5f6a426cffc1b7130acbe,body:root.children[15].sentence[2].occurrence[0],bd96c76ce3e120215a8228951163cf603884686f2c1a201871ab6372bf731d08,6423e8191e63ce6195a8674df3d6806f31db1f5fc49c55bce8db17ac79f8533c,e8cd847fd14f4d9854ae328352ad1f93f72e83217586df8bc295879bc055c99c,33,189
claim-4c74cb70a5db3c1984ee,content/guides/hipaa-period-tracker-deep-dive.mdx,ftc,HIGH,"Enforcement falls to the FTC under its general authority over deceptive practices, which is why the [Flo](/resources/guides/flo-period-tracker-lawsuit-settlement) and [Premom](/resources/guides/premom-data-sharing-ftc) cases were FTC actions, not HIPAA actions.",1427732a3ba4c2eb433753bf3937fa2ee37aafbcdcf5f6a426cffc1b7130acbe,body:root.children[15].sentence[2].occurrence[1],bd96c76ce3e120215a8228951163cf603884686f2c1a201871ab6372bf731d08,6423e8191e63ce6195a8674df3d6806f31db1f5fc49c55bce8db17ac79f8533c,e8cd847fd14f4d9854ae328352ad1f93f72e83217586df8bc295879bc055c99c,33,394
claim-1fe741c6195a67aacea0,content/guides/hipaa-reproductive-privacy-rule-vacated.mdx,bill-number,HIGH,"**My Body My Data Act (H.R. 3916 / S. 2029, 119th Congress):** The most comprehensive proposal.",68ef6e78d031bee18a912ba733f0cbba9ae961e1904bdba7fde544e7864d6703,body:root.children[13].sentence[0].occurrence[0],e5cc286e6284185e91582bc0fae73448722da06697a6782e9e9d1836551e5128,d3ee40aaefc2c9100aee440b029f495d51c3c2cce283f18a64851b2a18502ea4,e8cd847fd14f4d9854ae328352ad1f93f72e83217586df8bc295879bc055c99c,28,24
claim-bbed70379fa8dc490555,content/guides/hipaa-reproductive-privacy-rule-vacated.mdx,bill-number,HIGH,"**My Body My Data Act (H.R. 3916 / S. 2029, 119th Congress):** The most comprehensive proposal.",68ef6e78d031bee18a912ba733f0cbba9ae961e1904bdba7fde544e7864d6703,body:root.children[13].sentence[0].occurrence[1],e5cc286e6284185e91582bc0fae73448722da06697a6782e9e9d1836551e5128,d3ee40aaefc2c9100aee440b029f495d51c3c2cce283f18a64851b2a18502ea4,e8cd847fd14f4d9854ae328352ad1f93f72e83217586df8bc295879bc055c99c,28,36
claim-71b22bb5738cdde4d202,content/guides/hipaa-reproductive-privacy-rule-vacated.mdx,ftc,HIGH,"It would impose strict data minimization for reproductive health information, including menstrual cycle data, grant users rights to access, correct, and delete their data, preserve stronger state laws, and provide FTC enforcement plus a private right of action with statutory damages of $100-$1,000 per day of violation.",cd969fae1e124df1c9cecc8df72c156b3ddf02d04df3a476f3e5cc29a57bb75c,body:root.children[13].sentence[1],e5cc286e6284185e91582bc0fae73448722da06697a6782e9e9d1836551e5128,d3ee40aaefc2c9100aee440b029f495d51c3c2cce283f18a64851b2a18502ea4,e8cd847fd14f4d9854ae328352ad1f93f72e83217586df8bc295879bc055c99c,28,311
claim-51600856f4aee91eda2a,content/guides/hipaa-reproductive-privacy-rule-vacated.mdx,dollar,HIGH,"It would impose strict data minimization for reproductive health information, including menstrual cycle data, grant users rights to access, correct, and delete their data, preserve stronger state laws, and provide FTC enforcement plus a private right of action with statutory damages of $100-$1,000 per day of violation.",cd969fae1e124df1c9cecc8df72c156b3ddf02d04df3a476f3e5cc29a57bb75c,body:root.children[13].sentence[1].occurrence[0],e5cc286e6284185e91582bc0fae73448722da06697a6782e9e9d1836551e5128,d3ee40aaefc2c9100aee440b029f495d51c3c2cce283f18a64851b2a18502ea4,e8cd847fd14f4d9854ae328352ad1f93f72e83217586df8bc295879bc055c99c,28,384
claim-89321e9d5e6572b22ce1,content/guides/hipaa-reproductive-privacy-rule-vacated.mdx,dollar,HIGH,"It would impose strict data minimization for reproductive health information, including menstrual cycle data, grant users rights to access, correct, and delete their data, preserve stronger state laws, and provide FTC enforcement plus a private right of action with statutory damages of $100-$1,000 per day of violation.",cd969fae1e124df1c9cecc8df72c156b3ddf02d04df3a476f3e5cc29a57bb75c,body:root.children[13].sentence[1].occurrence[1],e5cc286e6284185e91582bc0fae73448722da06697a6782e9e9d1836551e5128,d3ee40aaefc2c9100aee440b029f495d51c3c2cce283f18a64851b2a18502ea4,e8cd847fd14f4d9854ae328352ad1f93f72e83217586df8bc295879bc055c99c,28,389
claim-38fbf7cd4d8a5e12481b,content/guides/hipaa-reproductive-privacy-rule-vacated.mdx,percent,HIGH,GovTrack gives it a 2% probability of clearing committee and 0% probability of enactment.,0bf2ade811afbedfbef161efd53018a26168f64cfe3ab9a7280e022b22d35ac6,body:root.children[14].sentence[1].occurrence[0],d0d6402bcfe664bd7f310501783d2be01b9a4370611a10155a40ebee3383ea8c,d3ee40aaefc2c9100aee440b029f495d51c3c2cce283f18a64851b2a18502ea4,e8cd847fd14f4d9854ae328352ad1f93f72e83217586df8bc295879bc055c99c,30,82
claim-54ed2d52809372dc2b21,content/guides/hipaa-reproductive-privacy-rule-vacated.mdx,percent,HIGH,GovTrack gives it a 2% probability of clearing committee and 0% probability of enactment.,0bf2ade811afbedfbef161efd53018a26168f64cfe3ab9a7280e022b22d35ac6,body:root.children[14].sentence[1].occurrence[1],d0d6402bcfe664bd7f310501783d2be01b9a4370611a10155a40ebee3383ea8c,d3ee40aaefc2c9100aee440b029f495d51c3c2cce283f18a64851b2a18502ea4,e8cd847fd14f4d9854ae328352ad1f93f72e83217586df8bc295879bc055c99c,30,123
claim-aa41ec7216e55d4cd6ed,content/guides/hipaa-reproductive-privacy-rule-vacated.mdx,percent,HIGH,"A ClearDATA/Harris Poll survey (May 2023, n=2,053) found that 81% of Americans wrongly believe HIPAA covers health apps.",67087bed80e41915c03f4dc4438750b6b330864f785bd9341610cca453fd525e,body:root.children[18].sentence[0],506a0e6dfa6593ad5e3cbf98e4beecfc9ad008e6cd7a15fad644ac2bd7723df1,d3ee40aaefc2c9100aee440b029f495d51c3c2cce283f18a64851b2a18502ea4,e8cd847fd14f4d9854ae328352ad1f93f72e83217586df8bc295879bc055c99c,38,63
claim-163a37e3b48868a16852,content/guides/hipaa-reproductive-privacy-rule-vacated.mdx,percent,HIGH,58% of period tracker users have never considered where their data goes.,2ec2090f89e3563a55a62b951a52e2b651395912745e905eb8248873c1a51a9b,body:root.children[21].sentence[0],9c88152aff06b3955aae2a576a5fda8709f1099f8d000f7113fcc40f11d51899,d3ee40aaefc2c9100aee440b029f495d51c3c2cce283f18a64851b2a18502ea4,e8cd847fd14f4d9854ae328352ad1f93f72e83217586df8bc295879bc055c99c,44,1
claim-34c257849b870394591f,content/guides/hipaa-reproductive-privacy-rule-vacated.mdx,ftc,HIGH,The FTC updated its Health Breach Notification Rule in July 2024.,d3544d833968cded6cbdedcbee2f4c879b48654406d85806ad599b9a56dbec97,body:root.children[23].sentence[0],3cc9ef419b5ae09feb97b8cb65a551a860cb0195604b4e9a5cc0326e65e28251,d3ee40aaefc2c9100aee440b029f495d51c3c2cce283f18a64851b2a18502ea4,e8cd847fd14f4d9854ae328352ad1f93f72e83217586df8bc295879bc055c99c,48,5
claim-aa9fe7e3a56f157854a3,content/guides/hipaa-reproductive-privacy-rule-vacated.mdx,ftc,HIGH,FTC Chair Andrew Ferguson leads a commission with only 2 of 5 seats filled.,51f6ce9596657da208e97b8dc6e7182ff0493c0810216d82ff4490148d65e2c1,body:root.children[25].sentence[1],cf8733cd9aa063a087f3ef7687fca6f3161b34adc2a237b6ca338ca5deb618b9,d3ee40aaefc2c9100aee440b029f495d51c3c2cce283f18a64851b2a18502ea4,e8cd847fd14f4d9854ae328352ad1f93f72e83217586df8bc295879bc055c99c,52,65
claim-16074271eb306ae4f812,content/guides/hipaa-reproductive-privacy-rule-vacated.mdx,ftc,HIGH,Whether the current FTC will enforce that requirement against a major period tracker app is an open question.,58a2bf1474179e06ebead53b1714bf8e5fec63b9c3febf4a533ee7b095d66f7e,body:root.children[26].sentence[1],7fe7749714e433271bfab500a95b6a6b85c0a039204df9bd56da8486177d72b4,d3ee40aaefc2c9100aee440b029f495d51c3c2cce283f18a64851b2a18502ea4,e8cd847fd14f4d9854ae328352ad1f93f72e83217586df8bc295879bc055c99c,54,87
claim-cec10d63d679a8498224,content/guides/hipaa-reproductive-privacy-rule-vacated.mdx,ftc,HIGH,The FTC is operating at reduced capacity.,430a5bc8d26be5ee560cbc4dc057ea88d9319f29a358f396951d3d0e0ac78e4b,body:root.children[28].sentence[4],c42c3f524e75b499914cbcf789b9b9ebacd69ca485202c893ddd8d8d5db50bc9,d3ee40aaefc2c9100aee440b029f495d51c3c2cce283f18a64851b2a18502ea4,e8cd847fd14f4d9854ae328352ad1f93f72e83217586df8bc295879bc055c99c,58,190
claim-23e816767d679fc30ed0,content/guides/hipaa-reproductive-privacy-rule-vacated.mdx,case-citation,HIGH,"On June 18, 2025, Judge Matthew Kacsmaryk of the Northern District of Texas vacated the rule nationwide in Purl v. HHS (No.",a57de2ef18c6aeb6be94239397416d3cf4a8db8adee98c2462443247e95155bd,body:root.children[5].sentence[0],370ce41f465797a7e0dace1a8a42f3fe63e24da9e3e6ab4fefe742bf39357521,d3ee40aaefc2c9100aee440b029f495d51c3c2cce283f18a64851b2a18502ea4,e8cd847fd14f4d9854ae328352ad1f93f72e83217586df8bc295879bc055c99c,12,108
claim-523cd34aed2519c1c7e3,content/guides/hipaa-reproductive-privacy-rule-vacated.mdx,named-case,HIGH,"On June 18, 2025, Judge Matthew Kacsmaryk of the Northern District of Texas vacated the rule nationwide in Purl v. HHS (No.",a57de2ef18c6aeb6be94239397416d3cf4a8db8adee98c2462443247e95155bd,body:root.children[5].sentence[0],370ce41f465797a7e0dace1a8a42f3fe63e24da9e3e6ab4fefe742bf39357521,d3ee40aaefc2c9100aee440b029f495d51c3c2cce283f18a64851b2a18502ea4,e8cd847fd14f4d9854ae328352ad1f93f72e83217586df8bc295879bc055c99c,12,108
claim-11c4772225d23c89e7af,content/guides/hipaa-reproductive-privacy-rule-vacated.mdx,ftc,HIGH,"Executive Order 14076 (signed July 8, 2022) had directed the FTC to protect consumer privacy specifically for reproductive healthcare.",88aca6751878ac90a14cc4576965bce5a93ca614e97ec269bd633071a032f1b5,body:root.children[9].sentence[0],03c728edb5d62acf3e7063b2e32a43aa253e657505c5a2d2ec61c07760086b62,d3ee40aaefc2c9100aee440b029f495d51c3c2cce283f18a64851b2a18502ea4,e8cd847fd14f4d9854ae328352ad1f93f72e83217586df8bc295879bc055c99c,20,62
claim-8a6eaa71951a8afe2503,content/guides/how-period-apps-use-machine-learning.mdx,percent,HIGH,At the extreme: a cycle pattern that appears in 0.01% of the training data is shared by roughly 600 people in a 6 million user dataset.,99d2d1cd00eb91bdad675e2f818ca7a1777a76cb89d13de0ecf0824b2006f02d,body:root.children[16].sentence[0],e0f7fcc769ed4979ff92409eb1a79cde8aa712c3b8bd44781af59c03c4701056,1a3c81b8b011bc146fc6dba782da516a4ea06b42003f01e3e865ef8809d523f9,e8cd847fd14f4d9854ae328352ad1f93f72e83217586df8bc295879bc055c99c,34,49
claim-064b77ff60d8e1d51302,content/guides/how-period-tracker-apps-collect-data.mdx,ftc,HIGH,"The FTC found that Flo shared health data, including menstrual and pregnancy information, with Facebook and Google for advertising purposes, despite its privacy policy stating it would not.",1dd94089d048c29e73644f9f578877cc9c55307aca24c508dc88a9f8a7ce89fe,body:root.children[6].sentence[0],1f4f740719825d8b677ab5ed5cf44e2c3f579e4549fa66a3992bf7ea48e5294d,850799a85d259dfd08e791bf0152ce85c1aeddf1d80565660b8c307759ba139b,e8cd847fd14f4d9854ae328352ad1f93f72e83217586df8bc295879bc055c99c,14,5
claim-8726d763f78df3f44352,content/guides/how-period-tracker-apps-collect-data.mdx,ftc,HIGH,The FTC entered a consent order requiring Flo to obtain user consent before sharing health data.,402336e21fae8a634eecd171936a44679aa219cbbd9ff112a54ac261234f82bb,body:root.children[6].sentence[1],1f4f740719825d8b677ab5ed5cf44e2c3f579e4549fa66a3992bf7ea48e5294d,850799a85d259dfd08e791bf0152ce85c1aeddf1d80565660b8c307759ba139b,e8cd847fd14f4d9854ae328352ad1f93f72e83217586df8bc295879bc055c99c,14,195
claim-e41a4cd2d44e07611f90,content/guides/how-period-tracker-apps-collect-data.mdx,dollar,HIGH,A $59.5M class action settlement followed in September 2025.,129adfbe841454b8080c4100a1b93ca97f036092a583cc5eda56f52fe35790a1,body:root.children[6].sentence[2],1f4f740719825d8b677ab5ed5cf44e2c3f579e4549fa66a3992bf7ea48e5294d,850799a85d259dfd08e791bf0152ce85c1aeddf1d80565660b8c307759ba139b,e8cd847fd14f4d9854ae328352ad1f93f72e83217586df8bc295879bc055c99c,14,290
claim-ca220fbbf043fc517ab5,content/guides/how-period-tracker-apps-collect-data.mdx,ftc,HIGH,"The FTC found that Premom shared sensitive reproductive health data with two analytics firms, Umeng and Jiguang, without user awareness or consent.",dac3b3356d957df4f9e573ad3e6494fb990e84138729c76d298b86d3b815cfa7,body:root.children[8].sentence[0],f097619cc1e45ab46031d881d76c724ac0ab3f20e2a9f1cc2323883995388d66,850799a85d259dfd08e791bf0152ce85c1aeddf1d80565660b8c307759ba139b,e8cd847fd14f4d9854ae328352ad1f93f72e83217586df8bc295879bc055c99c,18,5
claim-dcaa474c397dffcd0a8c,content/guides/how-sdks-leak-period-data.mdx,ftc,HIGH,"The FTC's complaint against Flo Health established that the app shared user health data, including period dates and pregnancy status, with Facebook and Google through their embedded SDKs.",5aac53360d8cdf3ece67cfec025e6768431e5122b4995d59a4cad8e5435bc8f3,body:root.children[10].sentence[0],73b67a1001974b25e2e41656373f0e6a019fd915b1640ac924ba8f363c5c3988,12c233666c63b72a568d9127acadcaf0f20ab7992364fd792c3d606ea6cb46ae,e8cd847fd14f4d9854ae328352ad1f93f72e83217586df8bc295879bc055c99c,27,5
claim-647451b99fad142e6932,content/guides/how-sdks-leak-period-data.mdx,ftc,HIGH,The FTC found this to be a deceptive practice under Section 5 of the FTC Act and entered a [consent order](/resources/guides/flo-period-tracker-lawsuit-settlement) requiring Flo to obtain affirmative consent before any future sharing.,9262ed8368043b1a0dd0f86d304b9539a9f322ca59f4d4dc45f76996a8426d8c,body:root.children[10].sentence[2].occurrence[0],73b67a1001974b25e2e41656373f0e6a019fd915b1640ac924ba8f363c5c3988,12c233666c63b72a568d9127acadcaf0f20ab7992364fd792c3d606ea6cb46ae,e8cd847fd14f4d9854ae328352ad1f93f72e83217586df8bc295879bc055c99c,27,276
claim-834a4dd4bd02828516f7,content/guides/how-sdks-leak-period-data.mdx,ftc,HIGH,The FTC found this to be a deceptive practice under Section 5 of the FTC Act and entered a [consent order](/resources/guides/flo-period-tracker-lawsuit-settlement) requiring Flo to obtain affirmative consent before any future sharing.,9262ed8368043b1a0dd0f86d304b9539a9f322ca59f4d4dc45f76996a8426d8c,body:root.children[10].sentence[2].occurrence[1],73b67a1001974b25e2e41656373f0e6a019fd915b1640ac924ba8f363c5c3988,12c233666c63b72a568d9127acadcaf0f20ab7992364fd792c3d606ea6cb46ae,e8cd847fd14f4d9854ae328352ad1f93f72e83217586df8bc295879bc055c99c,27,341
claim-f3b005e9ec3a1fb5d37a,content/guides/how-sdks-leak-period-data.mdx,ftc,HIGH,"The FTC's action against Premom, an ovulation tracking app owned by Easy Healthcare, found that the app transmitted sensitive health data to Umeng (owned by Alibaba) and Jiguang, two Chinese analytics firms.",983f80bb7d29b59b06faa9adbf19b488aa898c70ef4d0d4b54f0d6ae59fff8e3,body:root.children[12].sentence[0],091322ff3e716ebf85c99d6d90939416132992792122cba5fbc10e3326d5ca6f,12c233666c63b72a568d9127acadcaf0f20ab7992364fd792c3d606ea6cb46ae,e8cd847fd14f4d9854ae328352ad1f93f72e83217586df8bc295879bc055c99c,31,5
claim-a67ab2dd192071006b00,content/guides/how-sdks-leak-period-data.mdx,ftc,HIGH,The FTC ordered Premom to stop sharing health data with third parties for advertising and to delete previously collected data.,75928add3e8e923a95dc02fe527fafe0dc3800836272f758e4a0b7be2fc197f2,body:root.children[12].sentence[2],091322ff3e716ebf85c99d6d90939416132992792122cba5fbc10e3326d5ca6f,12c233666c63b72a568d9127acadcaf0f20ab7992364fd792c3d606ea6cb46ae,e8cd847fd14f4d9854ae328352ad1f93f72e83217586df8bc295879bc055c99c,31,294
claim-4b3619bec6c2fca964b2,content/guides/how-sdks-leak-period-data.mdx,ftc,HIGH,SDKs present in the app that are not disclosed in the policy were exactly what triggered FTC enforcement.,fa03c3e3ca41c16f8d3c2cdcfd48d9aa5abfec54ca0b7a6da1e738f80ccc29a8,body:root.children[22].sentence[2],05db24ce6dbbfdfe1a294574d198aeb9427ebc17297d89ff3a52d14cf6e42fb7,12c233666c63b72a568d9127acadcaf0f20ab7992364fd792c3d606ea6cb46ae,e8cd847fd14f4d9854ae328352ad1f93f72e83217586df8bc295879bc055c99c,54,277
claim-9bc0b4c74f526e5de22f,content/guides/how-sdks-leak-period-data.mdx,ftc,HIGH,The FTC has limited bandwidth.,0aaaacfee37737c5aba05707c76420200ceb62e5aa9b8b39fff74b152c50a370,body:root.children[28].sentence[0],64f2dbb349bfb1cad590312243fbaf74327d0c9b0dc8b519986823fd0d068958,12c233666c63b72a568d9127acadcaf0f20ab7992364fd792c3d606ea6cb46ae,e8cd847fd14f4d9854ae328352ad1f93f72e83217586df8bc295879bc055c99c,66,5
claim-d4e9365f92f58f90d240,content/guides/how-sdks-leak-period-data.mdx,ftc,HIGH,The FTC's findings in the Flo case indicated that Flo's integration sent health-related events to Facebook that Flo's own privacy policy said would not be shared.,187d9da00bd7c230d19dead4667efa13dbd7465af3c8ff744e38d3feb0ec4a59,body:root.children[7].sentence[2],49edd350e319538a04b4954da31b7d6024d0f39f2388b485afa725de627ed7b1,12c233666c63b72a568d9127acadcaf0f20ab7992364fd792c3d606ea6cb46ae,e8cd847fd14f4d9854ae328352ad1f93f72e83217586df8bc295879bc055c99c,21,205
claim-76b50d8e3cc4b03d13ab,content/guides/how-to-audit-period-app-privacy.mdx,ftc,HIGH,"In January 2021, the FTC took enforcement action against Flo Health based on a finding that the company shared user health data with Facebook and Google via embedded analytics SDKs.",00edfad746c1174a72f264d1c0f1d6afb30b503384883335aa5feaef59ed8d9b,body:root.children[1].sentence[0],3bd295ef944aaccf6b8883738433044b4bc68cae47a7be0bdda9a4f0f0111eea,f954a48dd20965e2b69d6c1d4a13cfbffc452f6e2a8ebbe8560ba18a97be17ee,e8cd847fd14f4d9854ae328352ad1f93f72e83217586df8bc295879bc055c99c,4,22
claim-6012f6c9b7cf16c61294,content/guides/how-to-switch-from-clue.mdx,ftc,HIGH,"No FTC enforcement action, no class action settlement, no documented history of selling data to advertisers.",5f6004c75258d72bc3931ce9516894e6f896b968951756090efb5dd29f7723ce,body:root.children[1].sentence[1],b2a5772358af1414eeed3dc9ed548e6f56ee9e7403c201fe19e762f024cc4692,4f68bf08cef4f84d29cabfb6513e17be9320803926671381ebab65fbc96d6c7e,e8cd847fd14f4d9854ae328352ad1f93f72e83217586df8bc295879bc055c99c,4,74
claim-1dd9857acdc95e403fba,content/guides/how-to-switch-from-clue.mdx,named-case,HIGH,"If you are on Clue because it felt like the safest cloud tracker, and you are now thinking through subpoena risk after Dobbs or data-broker sales after the Flo settlement, this guide is the clean exit.",8ee65e76677dd23c255cdac7f66cc4f3fbe5eaffb985df02b0e9a2fa225cca4e,body:root.children[4].sentence[0],12f368f7ddb65642d6d6b08be93673754b5d16681ce8ad59236507ac22692f54,4f68bf08cef4f84d29cabfb6513e17be9320803926671381ebab65fbc96d6c7e,e8cd847fd14f4d9854ae328352ad1f93f72e83217586df8bc295879bc055c99c,10,120
claim-149770fd504d57c5cb74,content/guides/how-to-switch-from-flo.mdx,dollar,HIGH,"In September 2025, Flo settled a class action for $59.5M over claims that it shared intimate health data with Facebook, Google, and Flurry through embedded SDKs.",c7934b13a00db1de240c9f8e448e1d4d29b23c0e7fb1c8036b401012e04b4327,body:root.children[1].sentence[0],95e1890fdac3258c94d7a5171c46fcf0b18fc1c4055915c6abbccfa372a09fdf,e7a6fbc912ee3bbf7d4b345f2d57fac522c9c04694b643abda8146f2895d490f,e8cd847fd14f4d9854ae328352ad1f93f72e83217586df8bc295879bc055c99c,4,51
claim-e53bafa0ecbbfaaeabcd,content/guides/how-to-switch-from-flo.mdx,ftc,HIGH,That followed a 2021 FTC enforcement action documenting the same behavior.,360a3112b152f52fa3fb093793ad7dc0b4b76a428b1e5b967d41a3c267d30777,body:root.children[1].sentence[1],95e1890fdac3258c94d7a5171c46fcf0b18fc1c4055915c6abbccfa372a09fdf,e7a6fbc912ee3bbf7d4b345f2d57fac522c9c04694b643abda8146f2895d490f,e8cd847fd14f4d9854ae328352ad1f93f72e83217586df8bc295879bc055c99c,4,184
claim-be2853b6c9da1b2be9c6,content/guides/how-we-rank-period-trackers.mdx,ftc,HIGH,**FTC press releases and consent orders.**,bcbf31e2b744900461ac1355a937b74119ea84ef0571c3037b0d29c471623fa1,body:root.children[14].children[0].children[0].sentence[0],00da83ad0c65e53a291756ab9eb46d79c1725cf5f1dab630f5f4b3d582d392df,eb35a6d4302cfc3e715ec3033ac2e178e1df39b23950eee89732ee43148c42d1,e8cd847fd14f4d9854ae328352ad1f93f72e83217586df8bc295879bc055c99c,30,5
claim-f339702d5732c1113a13,content/guides/how-we-rank-period-trackers.mdx,ftc,HIGH,The FTC publishes every settlement and its operative order.,53141d74c921e938801f2bb7b76a9ebc5b4796383eb43dc6fe51e5d744f0df07,body:root.children[14].children[0].children[0].sentence[1],00da83ad0c65e53a291756ab9eb46d79c1725cf5f1dab630f5f4b3d582d392df,eb35a6d4302cfc3e715ec3033ac2e178e1df39b23950eee89732ee43148c42d1,e8cd847fd14f4d9854ae328352ad1f93f72e83217586df8bc295879bc055c99c,30,50
claim-8fac3512fdef9b1c05b5,content/guides/how-we-rank-period-trackers.mdx,dollar,HIGH,The 2025 $59.5M Flo settlement was indexed across major trackers within 24 hours of the announcement.,acac5e70ab9f56861a974f357099ce07724b24026482ea97e0410d9683e52d96,body:root.children[14].children[1].children[0].sentence[2],00da83ad0c65e53a291756ab9eb46d79c1725cf5f1dab630f5f4b3d582d392df,eb35a6d4302cfc3e715ec3033ac2e178e1df39b23950eee89732ee43148c42d1,e8cd847fd14f4d9854ae328352ad1f93f72e83217586df8bc295879bc055c99c,31,140
claim-d3bc1428643360df4e23,content/guides/how-we-rank-period-trackers.mdx,ftc,HIGH,"Search ""[app name] FTC"" and ""[app name] class action"" and ""[app name] data breach"" on Google News.",5926c84e56e68738b7603231561a6d287793724b46916e3d5919138001585055,body:root.children[25].children[1].children[0].sentence[0],03b54e544e77018fb4ff6803aac269bcb79134b5a1fd76c0c8ce8f33be4796df,eb35a6d4302cfc3e715ec3033ac2e178e1df39b23950eee89732ee43148c42d1,e8cd847fd14f4d9854ae328352ad1f93f72e83217586df8bc295879bc055c99c,56,23
claim-a2d020c860059c242702,content/guides/how-we-rank-period-trackers.mdx,ftc,HIGH,"Has the company faced FTC actions, class action settlements, or documented breaches Flo Health's January 2021 FTC consent order over sharing health data with Facebook and Google is the canonical example.",e0fe78522033b31c603c50e8e435b84c350fbcaa47dd38afc98aad22c1139ebe,body:root.children[3].sentence[2].occurrence[0],e863c35ff52c8088a1dc4cff249b7414df43ddc328227e5b026f241944c42db9,eb35a6d4302cfc3e715ec3033ac2e178e1df39b23950eee89732ee43148c42d1,e8cd847fd14f4d9854ae328352ad1f93f72e83217586df8bc295879bc055c99c,8,51
claim-eec597c2c64a1f80d519,content/guides/how-we-rank-period-trackers.mdx,ftc,HIGH,"Has the company faced FTC actions, class action settlements, or documented breaches Flo Health's January 2021 FTC consent order over sharing health data with Facebook and Google is the canonical example.",e0fe78522033b31c603c50e8e435b84c350fbcaa47dd38afc98aad22c1139ebe,body:root.children[3].sentence[2].occurrence[1],e863c35ff52c8088a1dc4cff249b7414df43ddc328227e5b026f241944c42db9,eb35a6d4302cfc3e715ec3033ac2e178e1df39b23950eee89732ee43148c42d1,e8cd847fd14f4d9854ae328352ad1f93f72e83217586df8bc295879bc055c99c,8,139
claim-9cc41ae480858a8ea997,content/guides/how-we-rank-period-trackers.mdx,dollar,HIGH,The September 2025 $59.5M class action settlement (reported by Reuters and ClassAction.org on 2025-09-25) is the follow-through.,be7390a603c1bc911b4865454b778488046166ec4e9fdb17213c162a7461fabe,body:root.children[3].sentence[3],e863c35ff52c8088a1dc4cff249b7414df43ddc328227e5b026f241944c42db9,eb35a6d4302cfc3e715ec3033ac2e178e1df39b23950eee89732ee43148c42d1,e8cd847fd14f4d9854ae328352ad1f93f72e83217586df8bc295879bc055c99c,8,252
claim-7f087f45fd7aad49921d,content/guides/how-we-rank-period-trackers.mdx,ftc,HIGH,The FTC case and the 2025 class action settlement both trace back to the same mismatch.,81f40dd04dc25a87b4000554ed1815d5c22e5045d90d3c76358c73d77d8f59a1,body:root.children[9].sentence[4],8f6709f1ea6823ed8fa5eb4aaf621d444ebae29860ace78e676ea6de683cc434,eb35a6d4302cfc3e715ec3033ac2e178e1df39b23950eee89732ee43148c42d1,e8cd847fd14f4d9854ae328352ad1f93f72e83217586df8bc295879bc055c99c,20,350
claim-9177b6f99ab4214e4bdd,content/guides/insurance-reproductive-data.mdx,percent,HIGH,"A health plan that knows 30% of its enrolled population is in the ""family planning"" stage can adjust its benefits communication, network design, and reserve calculations accordingly.",6f3be3588bd1f5e2178c36100dab29d2e823a81130eedaaaee66a270730d8ca9,body:root.children[17].sentence[1],1d9af4e01afc1cc120423b418fb1b345a4c47b94a88ba6d5f3fce6e94ea2e505,48e88279a9c00473b8d175ebdc091e4a989776dfbe02a1d95ee24a3acd35e004,e8cd847fd14f4d9854ae328352ad1f93f72e83217586df8bc295879bc055c99c,39,194
claim-56964cf065e8507b61ba,content/guides/is-flo-safe-to-use.mdx,ftc,HIGH,"Flo improved its privacy practices after the 2021 FTC enforcement action, but its core architecture hasn't changed.",ef31a03595c0711a61c6278419416b76e1f5942c3b6389ccfa0dd509f0bf9f19,body:root.children[0].sentence[0],b7d439195ce1f0cb55771886b2107af903ae137787662990d2b095cc7d526447,accb376b4d716f9c96260d9f9a8e2316b1c00003dc469b825a84ed0384e76d7f,e8cd847fd14f4d9854ae328352ad1f93f72e83217586df8bc295879bc055c99c,2,51
claim-ad2bc8a7626db3e72158,content/guides/is-flo-safe-to-use.mdx,ftc,HIGH,The original FTC action proves this point.,0d0a8aa723ced0cb5357ddad931a4997f597461326446f6f18bf855183bdfbfe,body:root.children[11].sentence[1],1cabdcb746a8b273b460fc6d7281d0e7a45849e8102f44f022dc1c84e6a49378,accb376b4d716f9c96260d9f9a8e2316b1c00003dc469b825a84ed0384e76d7f,e8cd847fd14f4d9854ae328352ad1f93f72e83217586df8bc295879bc055c99c,28,44
claim-59421d92958e4d3dc9bc,content/guides/is-flo-safe-to-use.mdx,dollar,HIGH,**A $59.5M settlement happened despite the privacy policy.**,950b490b1b978fd31279bfd2f95af9ec154613690d32a14b15710381e3a84e80,body:root.children[12].sentence[0],21641d3eaaf3ac64864c6f184bbaa20eb0fa7c18e41c1b3989ea93d3a13f594f,accb376b4d716f9c96260d9f9a8e2316b1c00003dc469b825a84ed0384e76d7f,e8cd847fd14f4d9854ae328352ad1f93f72e83217586df8bc295879bc055c99c,30,5
claim-a90d978090e04c633af6,content/guides/is-flo-safe-to-use.mdx,dollar,HIGH,"The combined settlement across Flurry ($3.5M), Google+Flo ($56M), and the Meta jury verdict resolved claims from conduct that Flo's own policy prohibited.",2e076c8d8e865403c6a3b5b34566a02fa00fdf228627978f9126b30ea2667a44,body:root.children[12].sentence[1].occurrence[0],21641d3eaaf3ac64864c6f184bbaa20eb0fa7c18e41c1b3989ea93d3a13f594f,accb376b4d716f9c96260d9f9a8e2316b1c00003dc469b825a84ed0384e76d7f,e8cd847fd14f4d9854ae328352ad1f93f72e83217586df8bc295879bc055c99c,30,101
claim-4fba131c81ac3015232a,content/guides/is-flo-safe-to-use.mdx,dollar,HIGH,"The combined settlement across Flurry ($3.5M), Google+Flo ($56M), and the Meta jury verdict resolved claims from conduct that Flo's own policy prohibited.",2e076c8d8e865403c6a3b5b34566a02fa00fdf228627978f9126b30ea2667a44,body:root.children[12].sentence[1].occurrence[1],21641d3eaaf3ac64864c6f184bbaa20eb0fa7c18e41c1b3989ea93d3a13f594f,accb376b4d716f9c96260d9f9a8e2316b1c00003dc469b825a84ed0384e76d7f,e8cd847fd14f4d9854ae328352ad1f93f72e83217586df8bc295879bc055c99c,30,121
claim-153a3e8a13ebe16ace10,content/guides/is-flo-safe-to-use.mdx,ftc,HIGH,Flo's Anonymous Mode is the company's primary post-FTC privacy feature.,6c9196a2a058215d5fadb2048795208a678162606c927ec17aa811507372f5bb,body:root.children[15].sentence[0],abee0a054d221e6cd925e134537c11510e5a8e11d664146a266f91bf853284dc,accb376b4d716f9c96260d9f9a8e2316b1c00003dc469b825a84ed0384e76d7f,e8cd847fd14f4d9854ae328352ad1f93f72e83217586df8bc295879bc055c99c,36,52
claim-94939d800095912a76ad,content/guides/is-flo-safe-to-use.mdx,ftc,HIGH,The FTC consent order required Flo to take specific corrective steps.,bdfb0756608a4448de86dfcf3bbe87a2b57fc20bbebfd410661a62314457b47b,body:root.children[2].sentence[0],54ac359784630506c60a37f13a2aed2918c5eda9388b2b116706aa216fe54417,accb376b4d716f9c96260d9f9a8e2316b1c00003dc469b825a84ed0384e76d7f,e8cd847fd14f4d9854ae328352ad1f93f72e83217586df8bc295879bc055c99c,6,5
claim-dd7dd65928701ff63c0a,content/guides/is-flo-safe-to-use.mdx,case-citation,HIGH,The Dobbs decision overturning Roe v. Wade in 2022 changed the risk calculation for period tracker data.,97b4fc6fbd859993d3c8e8a637611da52425bef39f38ba1a43f95535cb81b718,body:root.children[20].sentence[0],de64a42911a58073dbfd5cac478219eca0bc29a9c4f20c06557e939180f4f469,accb376b4d716f9c96260d9f9a8e2316b1c00003dc469b825a84ed0384e76d7f,e8cd847fd14f4d9854ae328352ad1f93f72e83217586df8bc295879bc055c99c,46,32
claim-0fb3e350377c0720413e,content/guides/is-flo-safe-to-use.mdx,named-case,HIGH,The Dobbs decision overturning Roe v. Wade in 2022 changed the risk calculation for period tracker data.,97b4fc6fbd859993d3c8e8a637611da52425bef39f38ba1a43f95535cb81b718,body:root.children[20].sentence[0].occurrence[0],de64a42911a58073dbfd5cac478219eca0bc29a9c4f20c06557e939180f4f469,accb376b4d716f9c96260d9f9a8e2316b1c00003dc469b825a84ed0384e76d7f,e8cd847fd14f4d9854ae328352ad1f93f72e83217586df8bc295879bc055c99c,46,5
claim-9543fc3e8d5f0d14f6b2,content/guides/is-flo-safe-to-use.mdx,named-case,HIGH,The Dobbs decision overturning Roe v. Wade in 2022 changed the risk calculation for period tracker data.,97b4fc6fbd859993d3c8e8a637611da52425bef39f38ba1a43f95535cb81b718,body:root.children[20].sentence[0].occurrence[1],de64a42911a58073dbfd5cac478219eca0bc29a9c4f20c06557e939180f4f469,accb376b4d716f9c96260d9f9a8e2316b1c00003dc469b825a84ed0384e76d7f,e8cd847fd14f4d9854ae328352ad1f93f72e83217586df8bc295879bc055c99c,46,32
claim-cbf725a75c1eebee18ca,content/guides/is-flo-safe-to-use.mdx,ftc,HIGH,"They address the specific conduct the FTC found deceptive, sharing data with third-party SDKs while claiming not to.",f5800eb4a2727891ff90ce9937f48b47ee0a0cd8947296d8d85574377b048682,body:root.children[4].sentence[1],538c73d05ef96cd882432b36b9c7ca34b13f2bfc4fea33888e5b9480b14ecadc,accb376b4d716f9c96260d9f9a8e2316b1c00003dc469b825a84ed0384e76d7f,e8cd847fd14f4d9854ae328352ad1f93f72e83217586df8bc295879bc055c99c,14,63
claim-d0c470c187e8e644268c,content/guides/is-flo-safe-to-use.mdx,ftc,HIGH,"The FTC's 2024 research paper found that ""period tracking apps' data practices can be used to detect pregnancy and abortion, hence putting women at risk of being prosecuted.""",9f18af274cdd3225749f68bf7a1fcb619ef06280c26646629ddc8c87d7cc91a8,body:root.children[9].sentence[3],433f217a18cefc924427e3afc256d784662aa61bc6a9fa9e9322ded62dce7c74,accb376b4d716f9c96260d9f9a8e2316b1c00003dc469b825a84ed0384e76d7f,e8cd847fd14f4d9854ae328352ad1f93f72e83217586df8bc295879bc055c99c,24,213
claim-3d98af129132d1e46970,content/guides/on-device-storage-period-tracker.mdx,case-citation,HIGH,"Following the Dobbs v. Jackson Women's Health Organization decision in 2022, privacy advocates raised concerns about reproductive health data being used in legal proceedings.",c58626961e6fe8bc93ddf80d172dbc09d4199f277d83cafd92f90b8a48b9eb14,body:root.children[5].sentence[0],1faec8f7dce261fd1b3bd7a56f5e3ac8906ee92169b81a570af899063d5d9909,7b6119e100263a4f305a38607e70919f43884cbefde5c74deffc4db7f67b4665,e8cd847fd14f4d9854ae328352ad1f93f72e83217586df8bc295879bc055c99c,12,15
claim-b21d37f1d0977194c817,content/guides/on-device-storage-period-tracker.mdx,named-case,HIGH,"Following the Dobbs v. Jackson Women's Health Organization decision in 2022, privacy advocates raised concerns about reproductive health data being used in legal proceedings.",c58626961e6fe8bc93ddf80d172dbc09d4199f277d83cafd92f90b8a48b9eb14,body:root.children[5].sentence[0],1faec8f7dce261fd1b3bd7a56f5e3ac8906ee92169b81a570af899063d5d9909,7b6119e100263a4f305a38607e70919f43884cbefde5c74deffc4db7f67b4665,e8cd847fd14f4d9854ae328352ad1f93f72e83217586df8bc295879bc055c99c,12,15
claim-467a3b68bff237da314d,content/guides/open-source-period-tracker-explained.mdx,dollar,HIGH,The FTC enforcement action against Flo in 2021 and the $59.5M class action settlement demonstrate that privacy policies are not self-enforcing.,b4e9e1b2bd65b4e341cbdbe6248a6bb9db7b18ec1a0443fda1e3c6a1ab480de9,body:root.children[3].sentence[0],97f58d37632e7f880c1f9ae084058f09d445e9fbf5532a4b81f5b867a412b8b7,cfedf54a5b3b247440e930eb3fe658ae712e6c4f0928073af5afa9e38edfa4bd,e8cd847fd14f4d9854ae328352ad1f93f72e83217586df8bc295879bc055c99c,8,56
claim-8cebe58654a8a41d5065,content/guides/open-source-period-tracker-explained.mdx,ftc,HIGH,The FTC enforcement action against Flo in 2021 and the $59.5M class action settlement demonstrate that privacy policies are not self-enforcing.,b4e9e1b2bd65b4e341cbdbe6248a6bb9db7b18ec1a0443fda1e3c6a1ab480de9,body:root.children[3].sentence[0],97f58d37632e7f880c1f9ae084058f09d445e9fbf5532a4b81f5b867a412b8b7,cfedf54a5b3b247440e930eb3fe658ae712e6c4f0928073af5afa9e38edfa4bd,e8cd847fd14f4d9854ae328352ad1f93f72e83217586df8bc295879bc055c99c,8,5
claim-ca906643a6f02e2ca220,content/guides/ovulation-test-how-to-use.mdx,percent,HIGH,"It's not common - estimated at 5-10% of natural cycles in the general population - but it's worth knowing that a positive LH strip is a prediction, not a confirmation.",de595ec381a7edaf40c46b687bea89c78ec5356ef3a61788eaf2eb28727900dd,body:root.children[35].sentence[1],3f0cdc06a73ab206260e5c2b25ad30d5518da031d161129695d5f0c65dd36de6,2df60d6c137d9c6aea685a0d21cb302c84a683a0cf1b1868330861617348fedf,e8cd847fd14f4d9854ae328352ad1f93f72e83217586df8bc295879bc055c99c,79,166
claim-9b6351b00772bcd1892e,content/guides/period-app-account-security.mdx,ftc,HIGH,Flo Health reached an FTC settlement in 2021 related to sharing user health data with Facebook and Google after representing to users that data would be kept private.,512e074b32e855c266c1f7bf9b28a5a3ae8c783021fef993147d7582d5403679,body:root.children[6].sentence[1],441f78ba3c36e1e0ba7918574da6868b31289745f7ace6c964842a3389716b35,1919d9cec6c98b603613ee25aa6a4a05f8b54204ee98a2818d8a1405dd50ac75,e8cd847fd14f4d9854ae328352ad1f93f72e83217586df8bc295879bc055c99c,14,286
claim-4eaf18b7ff0bbe3e57ab,content/guides/period-app-account-security.mdx,ftc,HIGH,The FTC settlement required Flo to notify users whose data was shared and to obtain third-party audits.,b3f3b8eb8cde0d9f2be036861463a5b27ba9b3bb5b84c7c2d9d52386515a35cc,body:root.children[6].sentence[2],441f78ba3c36e1e0ba7918574da6868b31289745f7ace6c964842a3389716b35,1919d9cec6c98b603613ee25aa6a4a05f8b54204ee98a2818d8a1405dd50ac75,e8cd847fd14f4d9854ae328352ad1f93f72e83217586df8bc295879bc055c99c,14,435
claim-410020e3342124a4b25d,content/guides/period-app-privacy-architecture-guide.mdx,ftc,HIGH,The FTC found that Flo shared data with Facebook and Google for advertising purposes despite this policy.,db147031f0169a06e3b59c696296a6e2ca51fac6ab3594e43177decab49b0aeb,body:root.children[6].sentence[1],abd0f019be7421c95b2e0bffea7e6aa8427ea9db49d3e442803e2524a986267e,61dba126405f9dc0b7d0f076c35f22cf7716734cf1fa95fb864fc072407681ae,e8cd847fd14f4d9854ae328352ad1f93f72e83217586df8bc295879bc055c99c,14,106
claim-44bd4b05af8ed6f1ac08,content/guides/period-app-privacy-architecture-guide.mdx,dollar,HIGH,The company paid $59.5M in settlement.,208761c3a136a01012f341317fbbd11cdd86a2a9bfc6e229ae87944df8bb3c1b,body:root.children[6].sentence[2],abd0f019be7421c95b2e0bffea7e6aa8427ea9db49d3e442803e2524a986267e,61dba126405f9dc0b7d0f076c35f22cf7716734cf1fa95fb864fc072407681ae,e8cd847fd14f4d9854ae328352ad1f93f72e83217586df8bc295879bc055c99c,14,225
claim-20665c03a7481823e657,content/guides/period-app-privacy-red-flags.mdx,ftc,HIGH,"The FTC has health data authority (as demonstrated by the Flo action), but enforcement is complaint-driven and reactive.",7249d18b4521f1daebc336ba449d4af4a6b08399bbf9d2b451a5c78e9849b4cd,body:root.children[26].sentence[1],6611ecb85183974c2e3b813113fcea28fb87fe73b85d51e426f8776d1f2b52f9,de2abd21b59bc3f9172960809469304a706adf1a8d81f6e6fd5ccec99a3e768f,e8cd847fd14f4d9854ae328352ad1f93f72e83217586df8bc295879bc055c99c,58,105
claim-8bcb5dd93dfc280c283a,content/guides/period-app-privacy-red-flags.mdx,as-of-date,HIGH,As of 2025-2026:,abfcf18b5d7e9a8f08cce3c70e0a42ea2fb4bfa53deaedafa015487f7db7af5e,body:root.children[27].sentence[1],e42a73cac3338bfaa40289a124884ba59ce76a53ba37fea0deb2558ad413d378,de2abd21b59bc3f9172960809469304a706adf1a8d81f6e6fd5ccec99a3e768f,e8cd847fd14f4d9854ae328352ad1f93f72e83217586df8bc295879bc055c99c,60,47
claim-21b9481d99706e73ca1f,content/guides/period-app-privacy-red-flags.mdx,bill-number,HIGH,**Nevada** (SB 370): Covers reproductive health data specifically,c392780a8bc4cc845c08d5af04a560d771d377829010a770048e6bf9279ddfce,body:root.children[28].children[2].children[0].sentence[0],98d07f107aefac7d8ceabcf9c6676c4ac0a29fcaab5bb0c6d7891d10954f642e,de2abd21b59bc3f9172960809469304a706adf1a8d81f6e6fd5ccec99a3e768f,e8cd847fd14f4d9854ae328352ad1f93f72e83217586df8bc295879bc055c99c,63,15
claim-6d82b5cabc7d0c94df62,content/guides/period-app-privacy-red-flags.mdx,ftc,HIGH,"**The Flo case illustration:** Flo's privacy policy at the time of the FTC action stated that Flo would ""never sell your personal data.""",fe0662224c59c6223aba08a8b48b301760d259583a42353eac60bf2d649d2075,body:root.children[6].sentence[0],1796e86fa998ea2cf79cb0651c059289b9be79a2acb832ef026606ff6819cbda,de2abd21b59bc3f9172960809469304a706adf1a8d81f6e6fd5ccec99a3e768f,e8cd847fd14f4d9854ae328352ad1f93f72e83217586df8bc295879bc055c99c,14,72
claim-ea2caa3bdbbc4330e82c,content/guides/period-tracker-data-minimization-guide.mdx,case-citation,HIGH,**The Flo case:** FTC v. Flo Health (2021) involved allegations that Flo shared sensitive health data with analytics and marketing firms after promising to keep that data private.,b53d7cfc802f4d2b2e3739c2475543df9f662b79578edb52c92140ccb0bdbbab,body:root.children[20].sentence[0],2abed0675972b0335d7588d06d3439a3b484d571c3127626f716058a1ff41784,71c4a36c5b25b12ab69f86b4b7161c05b3f7ce6ca971491d2195a10d04ca2a25,e8cd847fd14f4d9854ae328352ad1f93f72e83217586df8bc295879bc055c99c,47,19
claim-9fdf667e2fa94a8ca140,content/guides/period-tracker-data-minimization-guide.mdx,ftc,HIGH,**The Flo case:** FTC v. Flo Health (2021) involved allegations that Flo shared sensitive health data with analytics and marketing firms after promising to keep that data private.,b53d7cfc802f4d2b2e3739c2475543df9f662b79578edb52c92140ccb0bdbbab,body:root.children[20].sentence[0],2abed0675972b0335d7588d06d3439a3b484d571c3127626f716058a1ff41784,71c4a36c5b25b12ab69f86b4b7161c05b3f7ce6ca971491d2195a10d04ca2a25,e8cd847fd14f4d9854ae328352ad1f93f72e83217586df8bc295879bc055c99c,47,19
claim-8b74b94b645fe4cb83c8,content/guides/period-tracker-hipaa.mdx,percent,HIGH,"A ClearDATA/Harris Poll survey (May 2023, n=2,053) found that 81% of Americans wrongly believe their health app data is protected by HIPAA.",59c28f9eb9dbf5de820585ddc321efcca9009e00508ae9b4b7319755cc06bde1,body:root.children[1].sentence[0],40ed008c11e1427ce49d116d177b667e2d8f1e117772631fad3f95a6adb4388b,16b0e0ad56820013b4228fe8918fa751593090eff2cbfeca6434acef93d81aef,e8cd847fd14f4d9854ae328352ad1f93f72e83217586df8bc295879bc055c99c,4,63
claim-9a5bfaf08f69ed313b35,content/guides/period-tracker-hipaa.mdx,percent,HIGH,The same survey found 58% of Americans who use digital health apps have never considered where their data is shared.,f91dd60303c99dd98d23440b6ef0b6564994c7d720d4e40fcc73b6418deb34cc,body:root.children[1].sentence[1],40ed008c11e1427ce49d116d177b667e2d8f1e117772631fad3f95a6adb4388b,16b0e0ad56820013b4228fe8918fa751593090eff2cbfeca6434acef93d81aef,e8cd847fd14f4d9854ae328352ad1f93f72e83217586df8bc295879bc055c99c,4,163
claim-c0ba171c50566633991a,content/guides/period-tracker-hipaa.mdx,ftc,HIGH,"If you are not, your protections depend mainly on the FTC's enforcement posture and the app's voluntary commitments.",447ba9d452cf4a2d799d40702496cce24bbae2cf5259a01eef35ec8176bc2c7c,body:root.children[11].sentence[1],49e24ff1a0d6015f5cf77dc4edb0e84c42cb006cba058307e1abfb3c4f9a8a80,16b0e0ad56820013b4228fe8918fa751593090eff2cbfeca6434acef93d81aef,e8cd847fd14f4d9854ae328352ad1f93f72e83217586df8bc295879bc055c99c,26,203
claim-35771e48f27e2fbdd7b5,content/guides/period-tracker-hipaa.mdx,ftc,HIGH,"Executive Orders 14076 and 14079/14101, which directed HHS and FTC to take action protecting reproductive health data, were revoked by President Trump on January 24, 2025.",098bd58d1e4d6ab75ee5cbc6cea3911b8a0b9e1ac5923146aa8051dc6053087b,body:root.children[15].sentence[1],6c1529a368619a4f02856d115594af1b31cc6f5011d8498ea3d91c78e2d7aab8,16b0e0ad56820013b4228fe8918fa751593090eff2cbfeca6434acef93d81aef,e8cd847fd14f4d9854ae328352ad1f93f72e83217586df8bc295879bc055c99c,34,94
claim-dac2f62150f2b11fccce,content/guides/period-tracker-hipaa.mdx,bill-number,HIGH,The bill exists as H.R. 3916 and S. 2029 in the 119th Congress with 99 House and 19 Senate co-sponsors.,15ba8171f96c436b56e002bf66ba1272efa99a9c606d8559a8bf57ae9fe2479d,body:root.children[16].sentence[1].occurrence[0],5a0e455a16e97a85cc43771c6dcd15ce7e2b76b0d6870abd4118706c32925e61,16b0e0ad56820013b4228fe8918fa751593090eff2cbfeca6434acef93d81aef,e8cd847fd14f4d9854ae328352ad1f93f72e83217586df8bc295879bc055c99c,36,53
claim-d817838383bcb8291b3b,content/guides/period-tracker-hipaa.mdx,bill-number,HIGH,The bill exists as H.R. 3916 and S. 2029 in the 119th Congress with 99 House and 19 Senate co-sponsors.,15ba8171f96c436b56e002bf66ba1272efa99a9c606d8559a8bf57ae9fe2479d,body:root.children[16].sentence[1].occurrence[1],5a0e455a16e97a85cc43771c6dcd15ce7e2b76b0d6870abd4118706c32925e61,16b0e0ad56820013b4228fe8918fa751593090eff2cbfeca6434acef93d81aef,e8cd847fd14f4d9854ae328352ad1f93f72e83217586df8bc295879bc055c99c,36,67
claim-215e9f4a397b8d3c9159,content/guides/period-tracker-hipaa.mdx,percent,HIGH,GovTrack estimates a 2% chance of clearing committee and a 0% chance of enactment.,4caa9588116368506a3fda4d766f081d658af6afd33224f00c50af9212ddcd5d,body:root.children[16].sentence[2].occurrence[0],5a0e455a16e97a85cc43771c6dcd15ce7e2b76b0d6870abd4118706c32925e61,16b0e0ad56820013b4228fe8918fa751593090eff2cbfeca6434acef93d81aef,e8cd847fd14f4d9854ae328352ad1f93f72e83217586df8bc295879bc055c99c,36,159
claim-6d73e213882e7331723e,content/guides/period-tracker-hipaa.mdx,percent,HIGH,GovTrack estimates a 2% chance of clearing committee and a 0% chance of enactment.,4caa9588116368506a3fda4d766f081d658af6afd33224f00c50af9212ddcd5d,body:root.children[16].sentence[2].occurrence[1],5a0e455a16e97a85cc43771c6dcd15ce7e2b76b0d6870abd4118706c32925e61,16b0e0ad56820013b4228fe8918fa751593090eff2cbfeca6434acef93d81aef,e8cd847fd14f4d9854ae328352ad1f93f72e83217586df8bc295879bc055c99c,36,197
claim-5ff8b4908f7d8eae7c05,content/guides/period-tracker-hipaa.mdx,ftc,HIGH,"The FTC updated this rule in July 2024 to explicitly cover health apps and define ""breach"" to include unauthorized disclosures (not just cyberattacks), covering fertility, sexual health, and inferred health data.",617f4220f83d327c66fd04b917cddf69316ce6b8f400fcd5288201035d2e5681,body:root.children[17].sentence[1],d11d461196cc40a3582853c53c4c0deecb594168a3827575e5aab52e0fea68d3,16b0e0ad56820013b4228fe8918fa751593090eff2cbfeca6434acef93d81aef,e8cd847fd14f4d9854ae328352ad1f93f72e83217586df8bc295879bc055c99c,38,76
claim-1b2a693938eaa897c988,content/guides/period-tracker-hipaa.mdx,ftc,HIGH,"Under FTC Chair Andrew Ferguson, the enforcement posture has shifted.",9cf4029a2c32e315e853ce1c45c504966c19b398c47a71d2e9d99eca1a53bf65,body:root.children[17].sentence[2],d11d461196cc40a3582853c53c4c0deecb594168a3827575e5aab52e0fea68d3,16b0e0ad56820013b4228fe8918fa751593090eff2cbfeca6434acef93d81aef,e8cd847fd14f4d9854ae328352ad1f93f72e83217586df8bc295879bc055c99c,38,291
claim-dd2c59fcbade001d4dbb,content/guides/period-tracker-hipaa.mdx,ftc,HIGH,The FTC's authority under Section 5 covers unfair and deceptive practices.,0471c9557f0d94e85d6849546ac8cbbc9ceb4fc0ccf667a2ca6a7e5da6fe28bc,body:root.children[6].sentence[0],0e80bee7965bbd1804b59250bb574309dfdf888e66b6cefc2313a4fd612bdf99,16b0e0ad56820013b4228fe8918fa751593090eff2cbfeca6434acef93d81aef,e8cd847fd14f4d9854ae328352ad1f93f72e83217586df8bc295879bc055c99c,14,5
claim-be98ee1b643ac3820827,content/guides/period-tracker-hipaa.mdx,ftc,HIGH,A company that says it will not share your data and then shares it can face an FTC enforcement action (as Flo did in 2021),dcea58d9bfec9db4e2e0c397fa881594ca9af056c6029eb8b512e3930b945e41,body:root.children[7].children[0].children[0].sentence[0],a3b7e687977d68d4e1dcd5123e5ecca8072178f40c16b52ad6fe5eb8d2fe4b00,16b0e0ad56820013b4228fe8918fa751593090eff2cbfeca6434acef93d81aef,e8cd847fd14f4d9854ae328352ad1f93f72e83217586df8bc295879bc055c99c,16,82
claim-b25bae66c2ca150e011b,content/guides/period-tracker-hipaa.mdx,ftc,HIGH,"A company that accurately discloses in its privacy policy that it shares data with advertisers is, from the FTC's perspective, not being deceptive",f4a63aabbb2de9623fcdbd6a8fb87764f7fd3cc7911a04f4596cca6ccffdd9a4,body:root.children[7].children[2].children[0].sentence[0],a3b7e687977d68d4e1dcd5123e5ecca8072178f40c16b52ad6fe5eb8d2fe4b00,16b0e0ad56820013b4228fe8918fa751593090eff2cbfeca6434acef93d81aef,e8cd847fd14f4d9854ae328352ad1f93f72e83217586df8bc295879bc055c99c,18,111
claim-08d0c111d99b2c017b38,content/guides/period-tracker-safe-after-roe-v-wade.mdx,named-case,HIGH,"Before the Supreme Court's 2022 Dobbs decision, period tracker privacy was mainly a consumer data protection issue: advertising, data brokers, and app revenue models.",f38959ce7012536d432dfb4b2bbed9f9ecf45cfe7d4abafeffd161f79d407b93,body:root.children[1].sentence[0],cef7bfba7bc53d8bd4a5eb787b6e405feec5246f1600a4bc5f5edf98e1aa6649,c3aac7155fdab409fff5d5297706f0f3d6e486df693d2bf6031da1fe64658a02,e8cd847fd14f4d9854ae328352ad1f93f72e83217586df8bc295879bc055c99c,4,33
claim-905562136973468772be,content/guides/period-tracker-safe-after-roe-v-wade.mdx,named-case,HIGH,"After Dobbs, it became a legal safety issue.",c720bef54013b8adb2630d17183dcc25b2d57661432eee803e14fdaa588cbba5,body:root.children[1].sentence[1],cef7bfba7bc53d8bd4a5eb787b6e405feec5246f1600a4bc5f5edf98e1aa6649,c3aac7155fdab409fff5d5297706f0f3d6e486df693d2bf6031da1fe64658a02,e8cd847fd14f4d9854ae328352ad1f93f72e83217586df8bc295879bc055c99c,4,174
claim-f22b1953d209239ce1d3,content/guides/period-tracker-safe-after-roe-v-wade.mdx,bill-number,HIGH,California's AB 1242 prohibits California-based companies from complying with out-of-state abortion subpoenas.,5ac9c77c9017be53c7b606035b0605220b981fe6469a69b9859c62e0b4956071,body:root.children[10].sentence[1],a3fbb3b003543a55ba0515640cafcc7675b26ace049b104c50fe4a1fdaea3f89,c3aac7155fdab409fff5d5297706f0f3d6e486df693d2bf6031da1fe64658a02,e8cd847fd14f4d9854ae328352ad1f93f72e83217586df8bc295879bc055c99c,22,45
claim-229e41a98e39db33aa31,content/guides/period-tracker-usage-after-dobbs.mdx,named-case,HIGH,"In the days after the Dobbs decision leaked in May 2022, ""delete your period tracker"" went viral.",7262bfe64c3fcf60f50f58bc42f3f3920fcbd5f2b0d88b085d6a9318ee64b687,body:root.children[0].sentence[0],58755be65dda0cac9e268885c0cad1be0ab8c1c41cc506980481171123792945,4a8197d52af53a733e747c21d4c95a37fa0bc82cfb06bbf85768224ccfff41e9,e8cd847fd14f4d9854ae328352ad1f93f72e83217586df8bc295879bc055c99c,2,23
claim-fa8dcca36722d49667c5,content/guides/period-tracker-usage-after-dobbs.mdx,percent,HIGH,"**Stardust** surged 4,400% in daily downloads, hitting #1 in the US App Store on June 25, 2022.",bb8c1a1fe307f78bfdc1208d8a8d1edacca25272851eee167e4e13c565a20d9d,body:root.children[10].sentence[0],fe38a2b5cea036f2bcf2f6f5ff42f220560ee86183705d31acecef80958612d9,4a8197d52af53a733e747c21d4c95a37fa0bc82cfb06bbf85768224ccfff41e9,e8cd847fd14f4d9854ae328352ad1f93f72e83217586df8bc295879bc055c99c,22,23
claim-8eef7c7385fb98d061ef,content/guides/period-tracker-usage-after-dobbs.mdx,percent,HIGH,"82% of its 400,000+ lifetime installs came in two days.",99b855b7fa4b51f423cd6147d2519113d3b0364d1861d63aca3f8ba91d50014c,body:root.children[10].sentence[1],fe38a2b5cea036f2bcf2f6f5ff42f220560ee86183705d31acecef80958612d9,4a8197d52af53a733e747c21d4c95a37fa0bc82cfb06bbf85768224ccfff41e9,e8cd847fd14f4d9854ae328352ad1f93f72e83217586df8bc295879bc055c99c,22,97
claim-06421727103bd1827acb,content/guides/period-tracker-usage-after-dobbs.mdx,percent,HIGH,"**Clue** saw a 2,200% install increase, reaching #15 overall (its all-time high).",aa71c8e0f8a022e2034b14b40dcbee8750ca65a3c9bc57c0049274975c28666d,body:root.children[12].sentence[0],e72ff82042e03942419e8672b065e8df3a29ae3250ed1ce8613376109c11d200,4a8197d52af53a733e747c21d4c95a37fa0bc82cfb06bbf85768224ccfff41e9,e8cd847fd14f4d9854ae328352ad1f93f72e83217586df8bc295879bc055c99c,26,18
claim-0dc9cf191fe27864198e,content/guides/period-tracker-usage-after-dobbs.mdx,percent,HIGH,The company held 47% US market share with 48 million monthly active users.,02a696583cf877fe5ab0b82458cd6c519c2b6a763abcf3a52837c31772e06d7b,body:root.children[13].sentence[1],e21be3e50e97e2d9e3276c96ae40a9a9216a2a701c9c0b729d21c96de7e8beff,4a8197d52af53a733e747c21d4c95a37fa0bc82cfb06bbf85768224ccfff41e9,e8cd847fd14f4d9854ae328352ad1f93f72e83217586df8bc295879bc055c99c,28,89
claim-fdcde3977be4764ca865,content/guides/period-tracker-usage-after-dobbs.mdx,dollar,HIGH,"A study of health app users in Hong Kong (Xie, Liu, Or 2023, mHealth, n=561) found marginal willingness to pay of HK$25-183 (approximately $3-$23) for privacy features.",28b3713b4ac6a19ee6b501b06906df2d616a18a0fe2d7b7795a082cfaa6bf03a,body:root.children[17].sentence[1].occurrence[0],11c0ac49cd51d55c07b62452eb5f0d79445d05437083d862ce41099bc8916f06,4a8197d52af53a733e747c21d4c95a37fa0bc82cfb06bbf85768224ccfff41e9,e8cd847fd14f4d9854ae328352ad1f93f72e83217586df8bc295879bc055c99c,36,156
claim-7e84efb1e509d40a4fe7,content/guides/period-tracker-usage-after-dobbs.mdx,dollar,HIGH,"A study of health app users in Hong Kong (Xie, Liu, Or 2023, mHealth, n=561) found marginal willingness to pay of HK$25-183 (approximately $3-$23) for privacy features.",28b3713b4ac6a19ee6b501b06906df2d616a18a0fe2d7b7795a082cfaa6bf03a,body:root.children[17].sentence[1].occurrence[1],11c0ac49cd51d55c07b62452eb5f0d79445d05437083d862ce41099bc8916f06,4a8197d52af53a733e747c21d4c95a37fa0bc82cfb06bbf85768224ccfff41e9,e8cd847fd14f4d9854ae328352ad1f93f72e83217586df8bc295879bc055c99c,36,179
claim-300c0b4e624f4575ed3b,content/guides/period-tracker-usage-after-dobbs.mdx,dollar,HIGH,"A study of health app users in Hong Kong (Xie, Liu, Or 2023, mHealth, n=561) found marginal willingness to pay of HK$25-183 (approximately $3-$23) for privacy features.",28b3713b4ac6a19ee6b501b06906df2d616a18a0fe2d7b7795a082cfaa6bf03a,body:root.children[17].sentence[1].occurrence[2],11c0ac49cd51d55c07b62452eb5f0d79445d05437083d862ce41099bc8916f06,4a8197d52af53a733e747c21d4c95a37fa0bc82cfb06bbf85768224ccfff41e9,e8cd847fd14f4d9854ae328352ad1f93f72e83217586df8bc295879bc055c99c,36,182
claim-c76aeb5668e101f4c586,content/guides/period-tracker-usage-after-dobbs.mdx,dollar,HIGH,"A follow-up study (Liu, Xie, Or 2024, SAGE Digital Health, n=577) found 58.9% of respondents willing to pay for health apps, with a median willingness of approximately $6.50.",3e07107fd3490da2049d2b2f7b79a58029d5ac1e0871677c872dd2bb1efc2c4f,body:root.children[17].sentence[2],11c0ac49cd51d55c07b62452eb5f0d79445d05437083d862ce41099bc8916f06,4a8197d52af53a733e747c21d4c95a37fa0bc82cfb06bbf85768224ccfff41e9,e8cd847fd14f4d9854ae328352ad1f93f72e83217586df8bc295879bc055c99c,36,377
claim-944cb3ba6de96a7f5696,content/guides/period-tracker-usage-after-dobbs.mdx,percent,HIGH,"A follow-up study (Liu, Xie, Or 2024, SAGE Digital Health, n=577) found 58.9% of respondents willing to pay for health apps, with a median willingness of approximately $6.50.",3e07107fd3490da2049d2b2f7b79a58029d5ac1e0871677c872dd2bb1efc2c4f,body:root.children[17].sentence[2],11c0ac49cd51d55c07b62452eb5f0d79445d05437083d862ce41099bc8916f06,4a8197d52af53a733e747c21d4c95a37fa0bc82cfb06bbf85768224ccfff41e9,e8cd847fd14f4d9854ae328352ad1f93f72e83217586df8bc295879bc055c99c,36,281
claim-39a14312099bddb57630,content/guides/period-tracker-usage-after-dobbs.mdx,percent,HIGH,"Cisco's 2024 Consumer Privacy Survey (n=2,600+) found that 75% of consumers say they will not purchase from organizations they do not trust with their data.",dbd5977f4e95efc75b5cac05a31bcd195081634d24034c4e2ee57105f555fa62,body:root.children[18].sentence[0],cf47d59b9bed1493fb205d29e7b83741ff2d048793a611b73b263f4a410a7228,4a8197d52af53a733e747c21d4c95a37fa0bc82cfb06bbf85768224ccfff41e9,e8cd847fd14f4d9854ae328352ad1f93f72e83217586df8bc295879bc055c99c,38,60
claim-b8660d3564fa0a3aa1e5,content/guides/period-tracker-usage-after-dobbs.mdx,dollar,HIGH,"The apps that collect the most data charge the highest premiums: Flo at $9.99/month, Natural Cycles at $14.99-$16.99/month, Clue at approximately $8/month.",d71826ddddad9857103d5dcc5d23321a21f90c0170dcb2bec22d6c9858180642,body:root.children[19].sentence[1].occurrence[0],0917fe2a0475c55755756493a19f4cccfb1ddb544da2d4cedfe277b154d8ec8c,4a8197d52af53a733e747c21d4c95a37fa0bc82cfb06bbf85768224ccfff41e9,e8cd847fd14f4d9854ae328352ad1f93f72e83217586df8bc295879bc055c99c,40,145
claim-bf22cec9cb47d9070bca,content/guides/period-tracker-usage-after-dobbs.mdx,dollar,HIGH,"The apps that collect the most data charge the highest premiums: Flo at $9.99/month, Natural Cycles at $14.99-$16.99/month, Clue at approximately $8/month.",d71826ddddad9857103d5dcc5d23321a21f90c0170dcb2bec22d6c9858180642,body:root.children[19].sentence[1].occurrence[1],0917fe2a0475c55755756493a19f4cccfb1ddb544da2d4cedfe277b154d8ec8c,4a8197d52af53a733e747c21d4c95a37fa0bc82cfb06bbf85768224ccfff41e9,e8cd847fd14f4d9854ae328352ad1f93f72e83217586df8bc295879bc055c99c,40,176
claim-4dba430615f640e90598,content/guides/period-tracker-usage-after-dobbs.mdx,dollar,HIGH,"The apps that collect the most data charge the highest premiums: Flo at $9.99/month, Natural Cycles at $14.99-$16.99/month, Clue at approximately $8/month.",d71826ddddad9857103d5dcc5d23321a21f90c0170dcb2bec22d6c9858180642,body:root.children[19].sentence[1].occurrence[2],0917fe2a0475c55755756493a19f4cccfb1ddb544da2d4cedfe277b154d8ec8c,4a8197d52af53a733e747c21d4c95a37fa0bc82cfb06bbf85768224ccfff41e9,e8cd847fd14f4d9854ae328352ad1f93f72e83217586df8bc295879bc055c99c,40,183
claim-5006defea21db398f8eb,content/guides/period-tracker-usage-after-dobbs.mdx,dollar,HIGH,"The apps that collect the most data charge the highest premiums: Flo at $9.99/month, Natural Cycles at $14.99-$16.99/month, Clue at approximately $8/month.",d71826ddddad9857103d5dcc5d23321a21f90c0170dcb2bec22d6c9858180642,body:root.children[19].sentence[1].occurrence[3],0917fe2a0475c55755756493a19f4cccfb1ddb544da2d4cedfe277b154d8ec8c,4a8197d52af53a733e747c21d4c95a37fa0bc82cfb06bbf85768224ccfff41e9,e8cd847fd14f4d9854ae328352ad1f93f72e83217586df8bc295879bc055c99c,40,219
claim-6a99120a09332fa4c2da,content/guides/period-tracker-usage-after-dobbs.mdx,percent,HIGH,"72% of Americans want more government regulation of how companies use personal data (Pew Research Center, May 2023, n=5,101).",8eaa0ee0eeb4e9bcab7ad2d266af14d1e8b221bb7c1d1cae8af27ab04c63367d,body:root.children[22].sentence[0],2a7203642002a0572753004daa19652f2564d277030b8a79cf52c0119b5064a5,4a8197d52af53a733e747c21d4c95a37fa0bc82cfb06bbf85768224ccfff41e9,e8cd847fd14f4d9854ae328352ad1f93f72e83217586df8bc295879bc055c99c,46,1
claim-a433922b2a529186fede,content/guides/period-tracker-usage-after-dobbs.mdx,percent,HIGH,"56% always click ""agree"" on privacy policies without reading them.",38ab517afc689a16374d6f7ee86a9b3e947b1911e95da92793f5b7595d257030,body:root.children[22].sentence[1],2a7203642002a0572753004daa19652f2564d277030b8a79cf52c0119b5064a5,4a8197d52af53a733e747c21d4c95a37fa0bc82cfb06bbf85768224ccfff41e9,e8cd847fd14f4d9854ae328352ad1f93f72e83217586df8bc295879bc055c99c,46,127
claim-6dd16ad72d2bda9cb17a,content/guides/period-tracker-usage-after-dobbs.mdx,percent,HIGH,Trust in health technology companies dropped from 25% to 14% between 2020 and 2023 (Rock Health annual survey).,5e1b47774539a82829e8e8dc1d39dccb52a40e22fe1240263aebc86f07368de3,body:root.children[23].sentence[0].occurrence[0],cc75ccf048d9da292b1e94c9f953389d3a52c337094e711f3a9478888f0d7244,4a8197d52af53a733e747c21d4c95a37fa0bc82cfb06bbf85768224ccfff41e9,e8cd847fd14f4d9854ae328352ad1f93f72e83217586df8bc295879bc055c99c,48,51
claim-98b20ddf412d2fe79d69,content/guides/period-tracker-usage-after-dobbs.mdx,percent,HIGH,Trust in health technology companies dropped from 25% to 14% between 2020 and 2023 (Rock Health annual survey).,5e1b47774539a82829e8e8dc1d39dccb52a40e22fe1240263aebc86f07368de3,body:root.children[23].sentence[0].occurrence[1],cc75ccf048d9da292b1e94c9f953389d3a52c337094e711f3a9478888f0d7244,4a8197d52af53a733e747c21d4c95a37fa0bc82cfb06bbf85768224ccfff41e9,e8cd847fd14f4d9854ae328352ad1f93f72e83217586df8bc295879bc055c99c,48,58
claim-f8d19113a2b893efa836,content/guides/period-tracker-usage-after-dobbs.mdx,percent,HIGH,Fewer than 48% of Americans believe the benefits of health technology outweigh privacy concerns (Deloitte 2025).,fc7c36b279af8a07b42055fe9ae2330682e57eb7d12bf3944a6f43798fff34f5,body:root.children[23].sentence[1],cc75ccf048d9da292b1e94c9f953389d3a52c337094e711f3a9478888f0d7244,4a8197d52af53a733e747c21d4c95a37fa0bc82cfb06bbf85768224ccfff41e9,e8cd847fd14f4d9854ae328352ad1f93f72e83217586df8bc295879bc055c99c,48,124
claim-975cee3f70eaf4c370d5,content/guides/period-tracker-usage-after-dobbs.mdx,percent,HIGH,The 91% figure from the Duke study is consistent with decades of privacy research showing that stated preferences and actual behavior diverge sharply.,5669b2acc2c9f920c4ca663e21f9e52a4e6902e4039e18e394d89b8739f2911c,body:root.children[24].sentence[2],77a436d91329821b011553d58ff1be8d9b4b95d00accc126d2e9bb4b424942a6,4a8197d52af53a733e747c21d4c95a37fa0bc82cfb06bbf85768224ccfff41e9,e8cd847fd14f4d9854ae328352ad1f93f72e83217586df8bc295879bc055c99c,50,79
claim-3131916d33f66df2a0e7,content/guides/period-tracker-usage-after-dobbs.mdx,named-case,HIGH,"The post-Dobbs period tracker market rewarded privacy messaging, not privacy architecture.",f0f3b6e641ad88e7c071e5b07d0b0f6ef7dde794f52b8fc384d595b2df3a07ad,body:root.children[27].sentence[0],a954f8f396fd82d7fe7dfd547b6804f043b513a4739a38d006f5ff53e97cad45,4a8197d52af53a733e747c21d4c95a37fa0bc82cfb06bbf85768224ccfff41e9,e8cd847fd14f4d9854ae328352ad1f93f72e83217586df8bc295879bc055c99c,56,10
claim-01cb831674d71f11bec1,content/guides/period-tracker-usage-after-dobbs.mdx,percent,HIGH,The 91% who took no privacy action are not careless.,aa28b0ee2aa3f8866be4f2e70baa80fbb7a7ecce46e95ff7bac736852c8a791b,body:root.children[28].sentence[0],416c7ecd458350e4542fc06eed2dc6ff70097530649efdcc53b445b97b1ff910,4a8197d52af53a733e747c21d4c95a37fa0bc82cfb06bbf85768224ccfff41e9,e8cd847fd14f4d9854ae328352ad1f93f72e83217586df8bc295879bc055c99c,58,5
claim-542a47f4307be7243ca4,content/guides/period-tracker-usage-after-dobbs.mdx,named-case,HIGH,"The largest study on post-Dobbs period tracker behavior (Neiman et al., Contraception, January 2025) surveyed approximately 23,000 women aged 18-44 across five states: Arizona, Iowa, New Jersey, Ohio, and Wisconsin.",2913accd41eddb680dd5c2f7002f03f4aac0280d9dfa631465e9a8e951be3b02,body:root.children[3].sentence[0],048815058551c57d2442fd68ff95980a7baed37607f3cd0cd11b68a587084f1d,4a8197d52af53a733e747c21d4c95a37fa0bc82cfb06bbf85768224ccfff41e9,e8cd847fd14f4d9854ae328352ad1f93f72e83217586df8bc295879bc055c99c,8,27
claim-be7186580bb5a01ef706,content/guides/period-tracker-usage-after-dobbs.mdx,percent,HIGH,Period tracker usage rose from 37.4% to 45.2% (adjusted prevalence ratio 1.20; 95% CI 1.15-1.26).,4cee081d8037778721426747820b063708c8e4d06c3d25db51206b683006089b,body:root.children[4].sentence[0].occurrence[0],06f413d47d09d9dc23b0e63510bcc6a92b13fdceae92493bdc72a0b10d9f5573,4a8197d52af53a733e747c21d4c95a37fa0bc82cfb06bbf85768224ccfff41e9,e8cd847fd14f4d9854ae328352ad1f93f72e83217586df8bc295879bc055c99c,10,32
claim-0429774c287bb5014484,content/guides/period-tracker-usage-after-dobbs.mdx,percent,HIGH,Period tracker usage rose from 37.4% to 45.2% (adjusted prevalence ratio 1.20; 95% CI 1.15-1.26).,4cee081d8037778721426747820b063708c8e4d06c3d25db51206b683006089b,body:root.children[4].sentence[0].occurrence[1],06f413d47d09d9dc23b0e63510bcc6a92b13fdceae92493bdc72a0b10d9f5573,4a8197d52af53a733e747c21d4c95a37fa0bc82cfb06bbf85768224ccfff41e9,e8cd847fd14f4d9854ae328352ad1f93f72e83217586df8bc295879bc055c99c,10,41
claim-5f1f8959153850e0f80e,content/guides/period-tracker-usage-after-dobbs.mdx,percent,HIGH,Period tracker usage rose from 37.4% to 45.2% (adjusted prevalence ratio 1.20; 95% CI 1.15-1.26).,4cee081d8037778721426747820b063708c8e4d06c3d25db51206b683006089b,body:root.children[4].sentence[0].occurrence[2],06f413d47d09d9dc23b0e63510bcc6a92b13fdceae92493bdc72a0b10d9f5573,4a8197d52af53a733e747c21d4c95a37fa0bc82cfb06bbf85768224ccfff41e9,e8cd847fd14f4d9854ae328352ad1f93f72e83217586df8bc295879bc055c99c,10,80
claim-13a8469fd9a7205082bf,content/guides/period-tracker-usage-after-dobbs.mdx,percent,HIGH,"In Ohio, usage increased from 34.2% to 44%.",715ff2d84852f64a9880e3310ea1665be504402f98e6cc814df68c5350507629,body:root.children[4].sentence[1].occurrence[0],06f413d47d09d9dc23b0e63510bcc6a92b13fdceae92493bdc72a0b10d9f5573,4a8197d52af53a733e747c21d4c95a37fa0bc82cfb06bbf85768224ccfff41e9,e8cd847fd14f4d9854ae328352ad1f93f72e83217586df8bc295879bc055c99c,10,129
claim-f6bcf714b6159dabfaa2,content/guides/period-tracker-usage-after-dobbs.mdx,percent,HIGH,"In Ohio, usage increased from 34.2% to 44%.",715ff2d84852f64a9880e3310ea1665be504402f98e6cc814df68c5350507629,body:root.children[4].sentence[1].occurrence[1],06f413d47d09d9dc23b0e63510bcc6a92b13fdceae92493bdc72a0b10d9f5573,4a8197d52af53a733e747c21d4c95a37fa0bc82cfb06bbf85768224ccfff41e9,e8cd847fd14f4d9854ae328352ad1f93f72e83217586df8bc295879bc055c99c,10,138
claim-5cae92e4739549dc6a63,content/guides/period-tracker-usage-after-dobbs.mdx,percent,HIGH,"A separate study (Duke/ACM CHI '24, May 2024) surveyed 183 period tracker users and found that only 3% stopped using their tracker because of the Roe overturn.",a5b9ccead8e0451ea05b208dd3f13b487583110aea9dbeb2a31d17e67c5295f1,body:root.children[6].sentence[0],0ba260a18eefa82fb9a965fb57085d01dfcfca350da7e10560b8a3530043efe1,4a8197d52af53a733e747c21d4c95a37fa0bc82cfb06bbf85768224ccfff41e9,e8cd847fd14f4d9854ae328352ad1f93f72e83217586df8bc295879bc055c99c,14,101
claim-461e6f79f890d28223a4,content/guides/period-tracker-usage-after-dobbs.mdx,percent,HIGH,91% never used any privacy mitigation strategy.,b1c8cb6b09ea687179815d2fa3084ecfd9c80495ad8604d9d01d9902030365c2,body:root.children[6].sentence[1],0ba260a18eefa82fb9a965fb57085d01dfcfca350da7e10560b8a3530043efe1,4a8197d52af53a733e747c21d4c95a37fa0bc82cfb06bbf85768224ccfff41e9,e8cd847fd14f4d9854ae328352ad1f93f72e83217586df8bc295879bc055c99c,14,161
claim-d6741f265eb0f02ec760,content/guides/period-tracker-usage-after-dobbs.mdx,named-case,HIGH,"60% said the Dobbs decision impacted their perceived concerns about data privacy, but awareness did not translate to action.",617e5c15194880987d18a6a5d440d0d9563d2de9871ef4ca3a626010c60ee19a,body:root.children[6].sentence[5],0ba260a18eefa82fb9a965fb57085d01dfcfca350da7e10560b8a3530043efe1,4a8197d52af53a733e747c21d4c95a37fa0bc82cfb06bbf85768224ccfff41e9,e8cd847fd14f4d9854ae328352ad1f93f72e83217586df8bc295879bc055c99c,14,277
claim-0006095426e88071f72c,content/guides/period-tracker-usage-after-dobbs.mdx,percent,HIGH,"60% said the Dobbs decision impacted their perceived concerns about data privacy, but awareness did not translate to action.",617e5c15194880987d18a6a5d440d0d9563d2de9871ef4ca3a626010c60ee19a,body:root.children[6].sentence[5],0ba260a18eefa82fb9a965fb57085d01dfcfca350da7e10560b8a3530043efe1,4a8197d52af53a733e747c21d4c95a37fa0bc82cfb06bbf85768224ccfff41e9,e8cd847fd14f4d9854ae328352ad1f93f72e83217586df8bc295879bc055c99c,14,264
claim-a91ad17c898e8d522945,content/guides/period-tracker-usage-after-dobbs.mdx,named-case,HIGH,"The post-Dobbs download data tells a story about branding, not security.",9d699915992fb6c821bbb846aad9000d6df577fed12af1954b7dd7ebfedd8a1d,body:root.children[9].sentence[0],a882a4e35a4353035816b62578b4bedb603ce5e522e0efac2ff91bc6dab71353,4a8197d52af53a733e747c21d4c95a37fa0bc82cfb06bbf85768224ccfff41e9,e8cd847fd14f4d9854ae328352ad1f93f72e83217586df8bc295879bc055c99c,20,10
claim-c985d86df408a4bd57bc,content/guides/period-tracking-legal-safety-guide.mdx,named-case,HIGH,The 2022 Dobbs decision returned abortion regulation to individual states.,2dc85766a11743f044880cb430e1b429f626179977085ebfb92e506ed07232ce,body:root.children[1].sentence[0],5ee4a331c5421d0c40af4ef9b082cbacc22a6815562731d35d39c9782b083300,6d7a67758e3a2660f10ebcfcb3f7d3345844252e663af2a3617d98448df72701,e8cd847fd14f4d9854ae328352ad1f93f72e83217586df8bc295879bc055c99c,4,10
claim-aa561f125cff19008e2d,content/guides/period-tracking-legal-safety-guide.mdx,as-of-date,HIGH,"As of March 2026, multiple states have enacted laws restricting or banning abortion at various stages.",c89ee87ec52cef0cf5feb5ea14465f28ee77c24c5451a610c747b6c9102e571c,body:root.children[1].sentence[1],5ee4a331c5421d0c40af4ef9b082cbacc22a6815562731d35d39c9782b083300,6d7a67758e3a2660f10ebcfcb3f7d3345844252e663af2a3617d98448df72701,e8cd847fd14f4d9854ae328352ad1f93f72e83217586df8bc295879bc055c99c,4,76
claim-513cf2c376e1d33343fb,content/guides/premom-data-sharing-ftc.mdx,ftc,HIGH,"In May 2023, the FTC charged Premom, an ovulation and fertility tracking app, for sharing users' sensitive reproductive health data with third-party analytics companies, including firms based in China.",a185ccac2ad3846222c2aa2422eef9b390c0b144fe07ef0a4aab5c3e4603fa2f,body:root.children[0].sentence[0],4d53be419498553759a8c869e557e12703402d352502c2b1d06b5bc5d1759347,da0212dfe477a8fc25afdab3d149319f49bee29e00c79b904ca694f583af2344,e8cd847fd14f4d9854ae328352ad1f93f72e83217586df8bc295879bc055c99c,2,18
claim-85297fd58485badd589e,content/guides/premom-data-sharing-ftc.mdx,ftc,HIGH,"This is the second FTC enforcement action against a period or fertility tracking app, following the Flo Health case in 2021.",67d1e7db7de5ea6da8bf175230ef9b43e8f7466012051976f807956f8ef2b539,body:root.children[0].sentence[1],4d53be419498553759a8c869e557e12703402d352502c2b1d06b5bc5d1759347,da0212dfe477a8fc25afdab3d149319f49bee29e00c79b904ca694f583af2344,e8cd847fd14f4d9854ae328352ad1f93f72e83217586df8bc295879bc055c99c,2,222
claim-3264b4b9af668ecf7ed9,content/guides/premom-data-sharing-ftc.mdx,ftc,HIGH,FTC finds deceptive practices,89d50a3cb6c523e34e394321e8f1f850f0930e6f66507ed96f64a9e39b4882dd,body:root.children[11].children[4].children[0].sentence[0],a15617dc4fd0f43bb9f4efd806a4a6b65c0eb0eee292feefed9220a6be824cc8,da0212dfe477a8fc25afdab3d149319f49bee29e00c79b904ca694f583af2344,e8cd847fd14f4d9854ae328352ad1f93f72e83217586df8bc295879bc055c99c,28,4
claim-a5756df03e48219a339b,content/guides/premom-data-sharing-ftc.mdx,ftc,HIGH,"This means period trackers operate in a regulatory gap where the FTC's enforcement authority, not HIPAA, is the primary check on data practices.",0b7dc1562e10892d1c4de738551171140d673200f94f2281c515552d454c8d36,body:root.children[13].sentence[1],750334fb7018468da60f89951d3043f64abff2a8614ca58ae7f17e9efd063bd2,da0212dfe477a8fc25afdab3d149319f49bee29e00c79b904ca694f583af2344,e8cd847fd14f4d9854ae328352ad1f93f72e83217586df8bc295879bc055c99c,32,256
claim-888d45d9871f384679ee,content/guides/premom-data-sharing-ftc.mdx,ftc,HIGH,"Two FTC enforcement actions against fertility and period trackers in three years (2021, 2023) establish a pattern.",4592a4f3ec850592e992057981c57cba2c3f215b518b347669ba8d37899d758b,body:root.children[16].sentence[0],731efbe5e9af2ded7751f1bbc774f577eeaa8fa7b77e2e20a9ff2aa0106408a6,da0212dfe477a8fc25afdab3d149319f49bee29e00c79b904ca694f583af2344,e8cd847fd14f4d9854ae328352ad1f93f72e83217586df8bc295879bc055c99c,38,5
claim-3d0fddce5e8901b044a5,content/guides/premom-data-sharing-ftc.mdx,ftc,HIGH,"The FTC can order a company to stop sharing data, but it cannot retroactively unsend data that has already been transmitted.",719b342f245d4ffa601dd1836b0c0aa142c63c06d53330810118f47b865e60be,body:root.children[17].sentence[2],61d67d9780ca0b476c4de4086ab7a95b47d3b5e236f32bf96d4424ed6f8cc7cd,da0212dfe477a8fc25afdab3d149319f49bee29e00c79b904ca694f583af2344,e8cd847fd14f4d9854ae328352ad1f93f72e83217586df8bc295879bc055c99c,40,91
claim-8c76b24c77b66655f98e,content/guides/premom-data-sharing-ftc.mdx,ftc,HIGH,"The FTC stated that Premom ""deceived users by sharing their sensitive personal information with third parties"" despite telling users their data would remain private.",cc8af6ee094a7f20de833dc47040b76aabca8a1348d3f5d1b91854786606ab0e,body:root.children[2].sentence[0],577f392048b9b63e95705219e9e184399c344ebeafedb940cedaa89c6779214c,da0212dfe477a8fc25afdab3d149319f49bee29e00c79b904ca694f583af2344,e8cd847fd14f4d9854ae328352ad1f93f72e83217586df8bc295879bc055c99c,6,5
claim-777869a935190e689a98,content/guides/premom-data-sharing-ftc.mdx,ftc,HIGH,"The data was transmitted through embedded third-party analytics SDKs, the same mechanism the FTC identified in the Flo case two years earlier.",5a42c70773885bc0cc7a33d0cd811ff4b6615da95ede4272cc9586b895d4ac39,body:root.children[2].sentence[1],577f392048b9b63e95705219e9e184399c344ebeafedb940cedaa89c6779214c,da0212dfe477a8fc25afdab3d149319f49bee29e00c79b904ca694f583af2344,e8cd847fd14f4d9854ae328352ad1f93f72e83217586df8bc295879bc055c99c,6,260
claim-bcd1e1b4e50c82deccc5,content/guides/premom-data-sharing-ftc.mdx,ftc,HIGH,The FTC has taken enforcement action against two server-based fertility trackers.,fbd55090651a08b53e18a5445f776c88f7e1ba1121c3077919fe7682400d4e65,body:root.children[22].sentence[0],e6bf9b3e2e61a6045bc00efb866f0add3eaed018370e0e1f0687fb97d2b62c4e,da0212dfe477a8fc25afdab3d149319f49bee29e00c79b904ca694f583af2344,e8cd847fd14f4d9854ae328352ad1f93f72e83217586df8bc295879bc055c99c,50,5
claim-35f7c17fdc52fb30d685,content/guides/premom-data-sharing-ftc.mdx,ftc,HIGH,No on-device tracker has been subject to FTC action because the architecture does not create a mechanism for the violations the FTC investigates.,2501916ec1d12195e9fb230580551aeed2d7ba4d9cda3f158e31d0e9604ef5d3,body:root.children[22].sentence[1].occurrence[0],e6bf9b3e2e61a6045bc00efb866f0add3eaed018370e0e1f0687fb97d2b62c4e,da0212dfe477a8fc25afdab3d149319f49bee29e00c79b904ca694f583af2344,e8cd847fd14f4d9854ae328352ad1f93f72e83217586df8bc295879bc055c99c,50,124
claim-c8f8a3f539d630f8d6ce,content/guides/premom-data-sharing-ftc.mdx,ftc,HIGH,No on-device tracker has been subject to FTC action because the architecture does not create a mechanism for the violations the FTC investigates.,2501916ec1d12195e9fb230580551aeed2d7ba4d9cda3f158e31d0e9604ef5d3,body:root.children[22].sentence[1].occurrence[1],e6bf9b3e2e61a6045bc00efb866f0add3eaed018370e0e1f0687fb97d2b62c4e,da0212dfe477a8fc25afdab3d149319f49bee29e00c79b904ca694f583af2344,e8cd847fd14f4d9854ae328352ad1f93f72e83217586df8bc295879bc055c99c,50,211
claim-0a7c95a374edeb54f8eb,content/guides/premom-data-sharing-ftc.mdx,ftc,HIGH,The FTC proposed barring Premom from sharing health data for advertising purposes under the Health Breach Notification Rule.,87bc95cb99c9be0a88d2f4bd52def4094528cdb5612958ac7bfad69e4fd0c02b,body:root.children[3].sentence[0],82390d456304bd17615ed9ccb58e7fb6fe8384a098ce9030c71908e718554765,da0212dfe477a8fc25afdab3d149319f49bee29e00c79b904ca694f583af2344,e8cd847fd14f4d9854ae328352ad1f93f72e83217586df8bc295879bc055c99c,8,5
claim-d9c3e3c1f46fec74c152,content/guides/premom-data-sharing-ftc.mdx,ftc,HIGH,The AMA reported in July 2023 that the FTC charged Premom for violating the Health Breach Notification Rule specifically for sharing user data with Chinese analytics firms.,c4e506897914c5dba696bb289947efb8f961884e3b5bfb13092f4a6247f5150d,body:root.children[6].sentence[0],6df08593dd49fdbd71bbb3575407f606a330e706b6fda9bb2c0e63d89ad455c9,da0212dfe477a8fc25afdab3d149319f49bee29e00c79b904ca694f583af2344,e8cd847fd14f4d9854ae328352ad1f93f72e83217586df8bc295879bc055c99c,14,40
claim-052543d37b00926f037b,content/guides/reproductive-data-prosecutions-after-dobbs.mdx,named-case,HIGH,"As of mid-2024, digital rights researchers tracking post-Dobbs enforcement had found no cases where a menstrual tracking app's data was subpoenaed.",f6196d9bc48fcc0e96ffd747195f3f0d2e1ba78d3f52f7b62badb02b9f7cfe2b,body:root.children[1].sentence[0],6b8433867157ab52da281093411942530b02e6bb1e2c63f57143c447536db57e,ae400177a8ce5beab1989cf6da71d9c900200a48acdf1ab2f9faa9c3cb2df43b,e8cd847fd14f4d9854ae328352ad1f93f72e83217586df8bc295879bc055c99c,4,58
claim-f470de0db129a6596e7c,content/guides/reproductive-data-prosecutions-after-dobbs.mdx,named-case,HIGH,Digital evidence in pregnancy-related prosecutions predates Dobbs by years.,6069b612415eb6f0b473175472de08353efd6e1addb7242557b1afd9a9fb9956,body:root.children[11].sentence[0],fd1b2a24a9f7862867f16a7e61491af11a1e07642b4330105862a2d4baf975be,ae400177a8ce5beab1989cf6da71d9c900200a48acdf1ab2f9faa9c3cb2df43b,e8cd847fd14f4d9854ae328352ad1f93f72e83217586df8bc295879bc055c99c,24,61
claim-eb5ed1bd3b51a9e52b5d,content/guides/reproductive-data-prosecutions-after-dobbs.mdx,named-case,HIGH,"The Center for American Progress documented 210 pregnancy-related prosecutions in the year after Dobbs (June 2022 to June 2023), the highest single-year total ever recorded.",26ba488b7d327cdcca94f94e020b17924d5763045755a7229ee32dee2d99c2cb,body:root.children[2].sentence[1],172968ec32dc390574a5a3513f7780692e83de9d1ab2a056218962e8ec37965b,ae400177a8ce5beab1989cf6da71d9c900200a48acdf1ab2f9faa9c3cb2df43b,e8cd847fd14f4d9854ae328352ad1f93f72e83217586df8bc295879bc055c99c,6,181
claim-6d927306dd3417b7c6ca,content/guides/reproductive-data-prosecutions-after-dobbs.mdx,case-citation,HIGH,"State v. Celeste Burgess and Jessica Burgess, filed in Madison County, Nebraska, is the most cited case involving digital evidence in a post-Dobbs abortion prosecution.",b9aac2d7bda6feba3a4a48dceab9d3ffec49244c702a876e84b3d15f6e0b813f,body:root.children[5].sentence[0],bfb48f42079568ccba29020937ccc28632af7e105faa02ac5c36354822846587,ae400177a8ce5beab1989cf6da71d9c900200a48acdf1ab2f9faa9c3cb2df43b,e8cd847fd14f4d9854ae328352ad1f93f72e83217586df8bc295879bc055c99c,12,1
claim-b14d885200c47ced44a3,content/guides/reproductive-data-prosecutions-after-dobbs.mdx,named-case,HIGH,"State v. Celeste Burgess and Jessica Burgess, filed in Madison County, Nebraska, is the most cited case involving digital evidence in a post-Dobbs abortion prosecution.",b9aac2d7bda6feba3a4a48dceab9d3ffec49244c702a876e84b3d15f6e0b813f,body:root.children[5].sentence[0],bfb48f42079568ccba29020937ccc28632af7e105faa02ac5c36354822846587,ae400177a8ce5beab1989cf6da71d9c900200a48acdf1ab2f9faa9c3cb2df43b,e8cd847fd14f4d9854ae328352ad1f93f72e83217586df8bc295879bc055c99c,12,142
claim-eb112c7e23f84420cb1c,content/guides/reproductive-data-prosecutions-after-dobbs.mdx,named-case,HIGH,A detail that often gets lost: the warrants were issued before the Dobbs decision and did not mention abortion.,28d6b5ddffaed195b03854db0f094d9e7edb8467796182c0a3c6a895eeb11ff8,body:root.children[8].sentence[0],6ceb33f284410c4f52ddcb38975d2b21e78ad7d742d88386efdb70969dc44222,ae400177a8ce5beab1989cf6da71d9c900200a48acdf1ab2f9faa9c3cb2df43b,e8cd847fd14f4d9854ae328352ad1f93f72e83217586df8bc295879bc055c99c,18,68
claim-530e080caf88bf08d0bf,content/guides/stardust-privacy-claims-debunked.mdx,case-citation,HIGH,"The Supreme Court issued its decision in Dobbs v. Jackson Women's Health Organization on June 24, 2022, overturning Roe v. Wade.",e38f8900551d73d0533d94692b41afe542dc0d1f839d98cd08dca7dae99b76f4,body:root.children[1].sentence[0].occurrence[0],ef9feee0c725db3d06d5504a214c8ee9855b1da211016aa89afa1e0f024063a7,6f30b3a22b6b40db935a17dc00af80589f9537c0992574c33dc82924ed7d1e0b,e8cd847fd14f4d9854ae328352ad1f93f72e83217586df8bc295879bc055c99c,4,42
claim-9572830b85d002c9ec5a,content/guides/stardust-privacy-claims-debunked.mdx,named-case,HIGH,"The Supreme Court issued its decision in Dobbs v. Jackson Women's Health Organization on June 24, 2022, overturning Roe v. Wade.",e38f8900551d73d0533d94692b41afe542dc0d1f839d98cd08dca7dae99b76f4,body:root.children[1].sentence[0].occurrence[0],ef9feee0c725db3d06d5504a214c8ee9855b1da211016aa89afa1e0f024063a7,6f30b3a22b6b40db935a17dc00af80589f9537c0992574c33dc82924ed7d1e0b,e8cd847fd14f4d9854ae328352ad1f93f72e83217586df8bc295879bc055c99c,4,42
claim-243b4c4287a934ad436b,content/guides/stardust-privacy-claims-debunked.mdx,case-citation,HIGH,"The Supreme Court issued its decision in Dobbs v. Jackson Women's Health Organization on June 24, 2022, overturning Roe v. Wade.",e38f8900551d73d0533d94692b41afe542dc0d1f839d98cd08dca7dae99b76f4,body:root.children[1].sentence[0].occurrence[1],ef9feee0c725db3d06d5504a214c8ee9855b1da211016aa89afa1e0f024063a7,6f30b3a22b6b40db935a17dc00af80589f9537c0992574c33dc82924ed7d1e0b,e8cd847fd14f4d9854ae328352ad1f93f72e83217586df8bc295879bc055c99c,4,117
claim-a05c2d7e168b0e091a7a,content/guides/stardust-privacy-claims-debunked.mdx,named-case,HIGH,"The Supreme Court issued its decision in Dobbs v. Jackson Women's Health Organization on June 24, 2022, overturning Roe v. Wade.",e38f8900551d73d0533d94692b41afe542dc0d1f839d98cd08dca7dae99b76f4,body:root.children[1].sentence[0].occurrence[1],ef9feee0c725db3d06d5504a214c8ee9855b1da211016aa89afa1e0f024063a7,6f30b3a22b6b40db935a17dc00af80589f9537c0992574c33dc82924ed7d1e0b,e8cd847fd14f4d9854ae328352ad1f93f72e83217586df8bc295879bc055c99c,4,117
claim-e0eb6a30008c574170e8,content/guides/stardust-privacy-claims-debunked.mdx,named-case,HIGH,"For an app that had just attracted 200,000 downloads by promising privacy protection in the post-Dobbs environment, this clause was the opposite of what users expected.",d383ff4b1facbdedaf03918ae4661cb18eac0bf138d764e67e48a2403ad38777,body:root.children[12].sentence[0],5baa51b7a057a18ce36c5a5dfdeb7d8d68a073bf4b5a644ef554c67819236e26,6f30b3a22b6b40db935a17dc00af80589f9537c0992574c33dc82924ed7d1e0b,e8cd847fd14f4d9854ae328352ad1f93f72e83217586df8bc295879bc055c99c,26,98
claim-f197e9dff8086150d5e5,content/guides/stardust-privacy-claims-debunked.mdx,ftc,HIGH,No FTC enforcement action has been filed against Stardust for its false encryption claims or undisclosed data sharing.,a952f793364503f3707e35fb8c79023fcaeebb0071d013f4003ab049433f74a5,body:root.children[21].sentence[0],a4b559080468479bc598434738b019cd03ec5bf777aa280f08c46660e4584956,6f30b3a22b6b40db935a17dc00af80589f9537c0992574c33dc82924ed7d1e0b,e8cd847fd14f4d9854ae328352ad1f93f72e83217586df8bc295879bc055c99c,44,4
claim-f8f79b856103975a2f79,content/guides/stardust-privacy-claims-debunked.mdx,dollar,HIGH,This stands in contrast to the FTC's $59.5 million settlement with Flo for sharing health data with third parties without consent.,1c7916389971ef9497050f7d08457e0cf65156b45dfcc5a44d1d64060f3d006b,body:root.children[21].sentence[1],a4b559080468479bc598434738b019cd03ec5bf777aa280f08c46660e4584956,6f30b3a22b6b40db935a17dc00af80589f9537c0992574c33dc82924ed7d1e0b,e8cd847fd14f4d9854ae328352ad1f93f72e83217586df8bc295879bc055c99c,44,157
claim-ef507ebcf85b4e1393ad,content/guides/stardust-privacy-claims-debunked.mdx,ftc,HIGH,This stands in contrast to the FTC's $59.5 million settlement with Flo for sharing health data with third parties without consent.,1c7916389971ef9497050f7d08457e0cf65156b45dfcc5a44d1d64060f3d006b,body:root.children[21].sentence[1],a4b559080468479bc598434738b019cd03ec5bf777aa280f08c46660e4584956,6f30b3a22b6b40db935a17dc00af80589f9537c0992574c33dc82924ed7d1e0b,e8cd847fd14f4d9854ae328352ad1f93f72e83217586df8bc295879bc055c99c,44,151
claim-139c2d26a1d8a5a38208,content/guides/stardust-privacy-claims-debunked.mdx,percent,HIGH,"Stardust's daily downloads jumped from approximately 3,000 per day to 200,000 on June 25, a 4,400% surge.",16d646a369e3f9081b225d616342a95830ec744d4147408b8679362279f54e6c,body:root.children[3].sentence[1],601a9d5460ff929f4b1b76433aedae22d6d655682caa86a73c482028003e4a42,6f30b3a22b6b40db935a17dc00af80589f9537c0992574c33dc82924ed7d1e0b,e8cd847fd14f4d9854ae328352ad1f93f72e83217586df8bc295879bc055c99c,8,123
claim-9dfa4d6b20a251d1ccff,content/guides/stardust-privacy-claims-debunked.mdx,percent,HIGH,"According to Sensor Tower, 82% of Stardust's total 400,000+ lifetime installs occurred in just two days: June 25 and 26.",8005cc605ee6139e6380e27045ca3ad36cd4ee0462047bbbba05aae891f00b0a,body:root.children[3].sentence[3],601a9d5460ff929f4b1b76433aedae22d6d655682caa86a73c482028003e4a42,6f30b3a22b6b40db935a17dc00af80589f9537c0992574c33dc82924ed7d1e0b,e8cd847fd14f4d9854ae328352ad1f93f72e83217586df8bc295879bc055c99c,8,245
claim-1669ca70b5ea8e6706d3,content/guides/state-health-privacy-laws-after-hipaa.mdx,as-of-date,HIGH,"As of 2025-2026, Connecticut, Colorado, and several others have enacted comprehensive privacy laws that include health data protections, though few are as specifically focused on reproductive health as MHMD.",1dcd4896f2e0e844ad6b09052a0f173d22bff6148f320f104b2e591bdde18a9c,body:root.children[26].sentence[0],43cf8b7f2829f504e361372e83d6d9cfba88561eea982959953c8a880619eb29,c5089f2724dc78ce0f930589d27eaa981ce8f0a7cbacd5c836fdfb29c4be1090,e8cd847fd14f4d9854ae328352ad1f93f72e83217586df8bc295879bc055c99c,68,1
claim-2b805c7a8272a3b38276,content/guides/state-health-privacy-laws-after-hipaa.mdx,as-of-date,HIGH,"In states without comprehensive health privacy laws, which includes most US states as of 2025, period app data collected by non-HIPAA entities has no specific legal protection.",df3cd993af862091c992628a74b27a2e2f3859c3fdd7b15e1e97456d5d8d784d,body:root.children[28].sentence[0],feb08f7507a76a18584c8f70a86756b82ea599ac614d95551e02a81a6b3982ea,c5089f2724dc78ce0f930589d27eaa981ce8f0a7cbacd5c836fdfb29c4be1090,e8cd847fd14f4d9854ae328352ad1f93f72e83217586df8bc295879bc055c99c,72,84
claim-b9d690161fd5b78235a2,content/guides/state-health-privacy-laws-after-hipaa.mdx,as-of-date,HIGH,Texas has no comprehensive consumer privacy law with health data protections as of 2025.,6f79b816899f3ed3899c6c69d6a6cf5844147479d879306ba7b46ee78dbb9107,body:root.children[30].sentence[1],f11fa9f955d6e6c7406da41bdd42c1b47be1b9594cc1fad1a746802ba3f739ac,c5089f2724dc78ce0f930589d27eaa981ce8f0a7cbacd5c836fdfb29c4be1090,e8cd847fd14f4d9854ae328352ad1f93f72e83217586df8bc295879bc055c99c,76,343
claim-c836817aeebaa36ce063,content/guides/state-health-privacy-laws-after-hipaa.mdx,ftc,HIGH,"The FTC Act gives the Federal Trade Commission authority over ""unfair or deceptive acts or practices,"" which it has used to take action against health apps that violated their own stated privacy policies (the Flo case).",c22af243d16eb1221836fb16318654cd6e48901c55c3b4323c256a654d10770a,body:root.children[5].sentence[0],d2c9f7ecfec6078b8d613c4aa59cd5bb45946f9959459a6ae875d0f7e86343f6,c5089f2724dc78ce0f930589d27eaa981ce8f0a7cbacd5c836fdfb29c4be1090,e8cd847fd14f4d9854ae328352ad1f93f72e83217586df8bc295879bc055c99c,17,5
claim-b58865b5c62ae6d17416,content/guides/state-health-privacy-laws-after-hipaa.mdx,ftc,HIGH,"But FTC enforcement is reactive, complaint-driven, and doesn't establish affirmative rights.",64578e49bffa912cce265ea5e20563c079219063e95d4a0876310010d5efc7db,body:root.children[5].sentence[1],d2c9f7ecfec6078b8d613c4aa59cd5bb45946f9959459a6ae875d0f7e86343f6,c5089f2724dc78ce0f930589d27eaa981ce8f0a7cbacd5c836fdfb29c4be1090,e8cd847fd14f4d9854ae328352ad1f93f72e83217586df8bc295879bc055c99c,17,225
claim-e3e63dc0b289d71bedcb,content/guides/state-health-privacy-laws-after-hipaa.mdx,case-citation,HIGH,"In response to *Dobbs v. Jackson Women's Health Organization* (2022), the Biden administration issued a new HIPAA rule in April 2024: the ""Support for Reproductive Health Care Privacy"" rule.",1b4645231be088a0ce3b586912421440b0ed1b415bea1d9de18262b175c941d7,body:root.children[7].sentence[0],41e01de0e23ad92ace68b4092e7d403792da86e66ec926ee23ed263b573f0f75,c5089f2724dc78ce0f930589d27eaa981ce8f0a7cbacd5c836fdfb29c4be1090,e8cd847fd14f4d9854ae328352ad1f93f72e83217586df8bc295879bc055c99c,21,17
claim-c757c1fd53f998520f48,content/guides/state-health-privacy-laws-after-hipaa.mdx,named-case,HIGH,"In response to *Dobbs v. Jackson Women's Health Organization* (2022), the Biden administration issued a new HIPAA rule in April 2024: the ""Support for Reproductive Health Care Privacy"" rule.",1b4645231be088a0ce3b586912421440b0ed1b415bea1d9de18262b175c941d7,body:root.children[7].sentence[0],41e01de0e23ad92ace68b4092e7d403792da86e66ec926ee23ed263b573f0f75,c5089f2724dc78ce0f930589d27eaa981ce8f0a7cbacd5c836fdfb29c4be1090,e8cd847fd14f4d9854ae328352ad1f93f72e83217586df8bc295879bc055c99c,21,17
claim-e7bfbc7a4c70ca026621,content/guides/switching-from-cloud-period-trackers.mdx,ftc,HIGH,"In 2021, the FTC ordered Flo Health to stop sharing user health data with Facebook, Google, and Flurry after finding that Flo had routed cycle and pregnancy events to those platforms through embedded SDKs.",67acf3a518d4a355c77c7a127f60a8a7fc585abd5bd92a063f90f12ddb1abd60,body:root.children[2].sentence[0],39bda28c437ecca393c04f0675270156d2cf8f93f31d0ff20f10ab6c6f1aaaab,3218a831ba48f066e34cc428b27245168a4d4018e00633ef799d084f55bf2b7d,e8cd847fd14f4d9854ae328352ad1f93f72e83217586df8bc295879bc055c99c,6,14
claim-516b7b4358f6d43756ec,content/guides/switching-from-cloud-period-trackers.mdx,dollar,HIGH,"In September 2025, Flo settled a class action for [$59.5M settlement](/resources/guides/flo-period-tracker-lawsuit-settlement/) over the same underlying conduct.",431cc0418ea7c10a72e7d0d2fce169eb6b88fa2dd414092918d133b0fbf6386f,body:root.children[2].sentence[1],39bda28c437ecca393c04f0675270156d2cf8f93f31d0ff20f10ab6c6f1aaaab,3218a831ba48f066e34cc428b27245168a4d4018e00633ef799d084f55bf2b7d,e8cd847fd14f4d9854ae328352ad1f93f72e83217586df8bc295879bc055c99c,6,258
claim-795334dff95c12702a76,content/guides/switching-from-cloud-period-trackers.mdx,ftc,HIGH,Premom was caught by the FTC in 2023 sharing reproductive health data with Chinese analytics firms including Jiguang.,f98bff7b2d16d95ec91289e09d6e2a42f10545ccbce133513d001eea89d587dd,body:root.children[2].sentence[3],39bda28c437ecca393c04f0675270156d2cf8f93f31d0ff20f10ab6c6f1aaaab,3218a831ba48f066e34cc428b27245168a4d4018e00633ef799d084f55bf2b7d,e8cd847fd14f4d9854ae328352ad1f93f72e83217586df8bc295879bc055c99c,6,489
claim-b0d595bf9df624ced034,content/guides/switching-from-cloud-period-trackers.mdx,case-citation,HIGH,"After the Supreme Court decision in Dobbs v. Jackson Women's Health Organization in 2022, the subpoena risk stopped being theoretical in states with abortion bans.",36ff0d43afbb7fa54804ddc2dc30a3a12d354b8404f1639b4dd48e5209e75f6e,body:root.children[3].sentence[3],2c609139abaf8ad4b625c1e17811d2c2ec7b4d71d9a4e91a71571c88c873309c,3218a831ba48f066e34cc428b27245168a4d4018e00633ef799d084f55bf2b7d,e8cd847fd14f4d9854ae328352ad1f93f72e83217586df8bc295879bc055c99c,8,252
claim-b3082842c202ed1229d4,content/guides/switching-from-cloud-period-trackers.mdx,named-case,HIGH,"After the Supreme Court decision in Dobbs v. Jackson Women's Health Organization in 2022, the subpoena risk stopped being theoretical in states with abortion bans.",36ff0d43afbb7fa54804ddc2dc30a3a12d354b8404f1639b4dd48e5209e75f6e,body:root.children[3].sentence[3],2c609139abaf8ad4b625c1e17811d2c2ec7b4d71d9a4e91a71571c88c873309c,3218a831ba48f066e34cc428b27245168a4d4018e00633ef799d084f55bf2b7d,e8cd847fd14f4d9854ae328352ad1f93f72e83217586df8bc295879bc055c99c,8,252
claim-b67a9a69737287cdd4a3,content/guides/switching-from-flo-complete-guide.mdx,ftc,HIGH,"In January 2021, the FTC took enforcement action against Flo Health for sharing user health data, including period dates and pregnancy status, with Facebook, Google, and Flurry through embedded analytics code.",27f99eb41a7b7f299bbe86bf2aa6a54a87e16899051eeb99b7bb356a8fa7a70d,body:root.children[1].sentence[0],c1ae1c492865d47cf8d8f58db61587fbb773b1fdad35beeb2a57e1f7da7f3d28,63737fc83931cb30cdd1e44efa5f33aa5df54d2b69a53d784b9394bc63c78c5d,e8cd847fd14f4d9854ae328352ad1f93f72e83217586df8bc295879bc055c99c,4,22
claim-162b7ad6fb511b369dcd,content/guides/switching-from-flo-complete-guide.mdx,dollar,HIGH,"In September 2025, a $59.5M class action settlement resolved claims from millions of affected users.",7530f61aac3c719c3ec1e8f23d3d54278f8532ddf9b0c45d55bf808f95ce5670,body:root.children[2].sentence[0],120a93ae5d0153a92c0a0ed32e3000829db3525b02f51624c397c3b655b9620d,63737fc83931cb30cdd1e44efa5f33aa5df54d2b69a53d784b9394bc63c78c5d,e8cd847fd14f4d9854ae328352ad1f93f72e83217586df8bc295879bc055c99c,6,22
claim-0cb3c21d4e104ea7590e,content/guides/understanding-period-app-data-policies.mdx,ftc,HIGH,Flo's privacy policy at the time of the FTC enforcement action stated it would not share health information with third parties.,6dbe26ecb0c7bbca5ea1f52d9d17733ba8cd5a2b4855f04fcce631306b505fa5,body:root.children[10].sentence[0],5a1e52eefa6659271e47c0252a5d2c1bb6ef6821685de8f310086c70187f7e62,7d700d4f3e9dd5a640efca74ca469ff5e1efa41c60c54c4f5e572d7b08fda3ad,e8cd847fd14f4d9854ae328352ad1f93f72e83217586df8bc295879bc055c99c,22,41
claim-01427c1569a514241c1d,content/guides/understanding-period-app-data-policies.mdx,ftc,HIGH,"The FTC found that data was shared with Facebook, Google, and Flurry through embedded analytics SDKs.",16fbf6398a254418534cfe29886a5f6d50da0a8eb8b32037b6687bf19207d9a1,body:root.children[10].sentence[1],5a1e52eefa6659271e47c0252a5d2c1bb6ef6821685de8f310086c70187f7e62,7d700d4f3e9dd5a640efca74ca469ff5e1efa41c60c54c4f5e572d7b08fda3ad,e8cd847fd14f4d9854ae328352ad1f93f72e83217586df8bc295879bc055c99c,22,133
claim-03954be8adf55db47b37,content/guides/what-is-zero-knowledge-period-tracker.mdx,dollar,HIGH,"The FTC enforcement action against Flo Health in 2021 and the subsequent $59.5M class action settlement (reported by Reuters, September 2025) illustrate that privacy policies alone are not protection.",e5c0ff819e4b0f5b396dd3b21c7fed3a0c5affc1854eec24346ec80c64fdb591,body:root.children[6].sentence[0],4c0d75478fc5185ea4de64d78b444eae98a7ae9adb2d412ec02f9ddf478bbe4f,2124b0c16d87b51b1b379a3757b746865aa77fc1b350b89c77afea93e8f3e32f,e8cd847fd14f4d9854ae328352ad1f93f72e83217586df8bc295879bc055c99c,17,74
claim-6f95e561d1bb9028b907,content/guides/what-is-zero-knowledge-period-tracker.mdx,ftc,HIGH,"The FTC enforcement action against Flo Health in 2021 and the subsequent $59.5M class action settlement (reported by Reuters, September 2025) illustrate that privacy policies alone are not protection.",e5c0ff819e4b0f5b396dd3b21c7fed3a0c5affc1854eec24346ec80c64fdb591,body:root.children[6].sentence[0],4c0d75478fc5185ea4de64d78b444eae98a7ae9adb2d412ec02f9ddf478bbe4f,2124b0c16d87b51b1b379a3757b746865aa77fc1b350b89c77afea93e8f3e32f,e8cd847fd14f4d9854ae328352ad1f93f72e83217586df8bc295879bc055c99c,17,5
claim-5a9c27ca8ee71baa5da9,content/guides/what-to-do-if-your-period-app-is-breached.mdx,ftc,HIGH,Or a friend texts you a link to an FTC press release.,c006f419eeec790556382f2ef508ecbce742c38507b7a5f3315e4b9feea49879,body:root.children[0].sentence[2],3e845d89a2c009e4f7dfebcae0fb0fc18a4ead443ab895c8085ba2b5db6eb1a2,534dd6a2ce5b7947dce227a9fce4daa901c9fdb089219e3229b9445c31780e66,e8cd847fd14f4d9854ae328352ad1f93f72e83217586df8bc295879bc055c99c,2,118
claim-d27ee65cf822c7c487b9,content/guides/what-to-do-if-your-period-app-is-breached.mdx,ftc,HIGH,"The Flo FTC case and the Premom FTC case were the second type: not a hack, but ongoing transmission of health data to third parties.",c34750c6b77b7d9d890aeee84234530f27b7c8204ae32b37b401f06f98ec749f,body:root.children[6].sentence[4].occurrence[0],d5825df0cfc307d2ce3e2043c0e4832ae261bf0be6c36f24775d502625b97343,534dd6a2ce5b7947dce227a9fce4daa901c9fdb089219e3229b9445c31780e66,e8cd847fd14f4d9854ae328352ad1f93f72e83217586df8bc295879bc055c99c,14,455
claim-3e0542a1e71c527411ae,content/guides/what-to-do-if-your-period-app-is-breached.mdx,ftc,HIGH,"The Flo FTC case and the Premom FTC case were the second type: not a hack, but ongoing transmission of health data to third parties.",c34750c6b77b7d9d890aeee84234530f27b7c8204ae32b37b401f06f98ec749f,body:root.children[6].sentence[4].occurrence[1],d5825df0cfc307d2ce3e2043c0e4832ae261bf0be6c36f24775d502625b97343,534dd6a2ce5b7947dce227a9fce4daa901c9fdb089219e3229b9445c31780e66,e8cd847fd14f4d9854ae328352ad1f93f72e83217586df8bc295879bc055c99c,14,479
claim-3da0e88a7ea7610d3939,content/hormone-guides/how-to-test-hormones-at-home.mdx,dollar,MED,**Cost:** $60 to $150 depending on lab and panel.,e4487c8622e05b8c6019e9dce2f7a1ee602969cacd59af8ec6c2b97792a408c7,body:root.children[16].sentence[0].occurrence[0],c14394f6749ccf8b60e6189edccc6f7cfb2bebf64f90d85881eaed41aa94c603,eae3987131b52863027433c030a3ab3e0b610510dd733ea5e5da0271530e7d35,e8cd847fd14f4d9854ae328352ad1f93f72e83217586df8bc295879bc055c99c,36,11
claim-310782a7651d9ddfa56c,content/hormone-guides/how-to-test-hormones-at-home.mdx,dollar,MED,**Cost:** $60 to $150 depending on lab and panel.,e4487c8622e05b8c6019e9dce2f7a1ee602969cacd59af8ec6c2b97792a408c7,body:root.children[16].sentence[0].occurrence[1],c14394f6749ccf8b60e6189edccc6f7cfb2bebf64f90d85881eaed41aa94c603,eae3987131b52863027433c030a3ab3e0b610510dd733ea5e5da0271530e7d35,e8cd847fd14f4d9854ae328352ad1f93f72e83217586df8bc295879bc055c99c,36,18
claim-caa4c61be06d10ede9b3,content/hormone-guides/how-to-test-hormones-at-home.mdx,dollar,MED,**Cost:** $0.10 to $1 per strip.,9bb8e8b1f0185e09d8097238f3ef0e63640dd94f711f8084b2cc31eee174869d,body:root.children[8].sentence[0].occurrence[0],0978a6b3603867fca43f38814744fe107a65678a839aa0f56c2d9638d0ae54c3,eae3987131b52863027433c030a3ab3e0b610510dd733ea5e5da0271530e7d35,e8cd847fd14f4d9854ae328352ad1f93f72e83217586df8bc295879bc055c99c,19,11
claim-004bf78048df6ead332c,content/hormone-guides/how-to-test-hormones-at-home.mdx,dollar,MED,**Cost:** $0.10 to $1 per strip.,9bb8e8b1f0185e09d8097238f3ef0e63640dd94f711f8084b2cc31eee174869d,body:root.children[8].sentence[0].occurrence[1],0978a6b3603867fca43f38814744fe107a65678a839aa0f56c2d9638d0ae54c3,eae3987131b52863027433c030a3ab3e0b610510dd733ea5e5da0271530e7d35,e8cd847fd14f4d9854ae328352ad1f93f72e83217586df8bc295879bc055c99c,19,20
claim-1c6a6e5023c6581711d0,content/hormone-guides/supplements-for-hormone-balance.mdx,percent,MED,**Dose:** 20 to 40 mg standardized extract (typically standardized to 0.6% agnuside) once daily.,2b7c93bc6ae4aac28ac9415f3aa09ccb4a3a0d7ec59c1b48f3c252e02b8ecca6,body:root.children[24].sentence[0],f6b3bca28d97d4b46b2278bd87dd17bcbb70ed09cfc40112b42dc90d6d6b9cca,ce283f4ba1820577244774f18d44a2d2835f74a753309cba04b9bb622dba458c,e8cd847fd14f4d9854ae328352ad1f93f72e83217586df8bc295879bc055c99c,50,71
claim-e8387e6b27a9d95fb1ee,content/lead-magnets/biopsy-result-visit-notes.mdx,ftc,LOW,FTC guidance says health information can include more than diagnoses and treatment.,5a41b5a3487526c5026c218e3549e131e8cfb1009852b0256d7013bf8d14fae1,body:root.children[77].sentence[0],4f649a544c93bf6f87618fe0f816a981e3fa66e770b81f609773931872641043,74814cfa8d67b59e5c3980692e7335ca1bd94500eb6f8f0d165ad895f2b7b419,e8cd847fd14f4d9854ae328352ad1f93f72e83217586df8bc295879bc055c99c,294,1
claim-aab6b870c83f3fe84354,content/lead-magnets/birth-control-tracking-kit.mdx,ftc,LOW,The FTC tells mobile health app developers to minimize data and limit access and permissions.,e2cf55c619aab475ab10bbcc8e344e8f8302936391e733425790b3a79d0433f0,body:root.children[56].sentence[2],d41a021c0cb34ed64a62d891d3e00631522cb17bb4cd601761c3f268d20cddce,c97e413b2a88e593581900027b4069868341a4822cf34b3b2696ff20c409658e,e8cd847fd14f4d9854ae328352ad1f93f72e83217586df8bc295879bc055c99c,178,280
claim-f8583db5555b4baeb7e5,content/lead-magnets/birth-control-tracking-kit.mdx,ftc,LOW,"The FTC has alleged that at least one period-tracking app shared sensitive health data with outside analytics providers after making privacy promises, which is useful context for keeping notes low-detail by default.",3c09578c31c8ffa68db54859fc01dbb3ba78254f83b04d75dc4fbb888ecf7774,body:root.children[71].sentence[0],c805f0b42c57bfccd8edea8b2b9fd8d0d6e698b00edc53ea5e8b5f7f63918bd7,c97e413b2a88e593581900027b4069868341a4822cf34b3b2696ff20c409658e,e8cd847fd14f4d9854ae328352ad1f93f72e83217586df8bc295879bc055c99c,241,5
claim-1cc84af60b54d5cd9efb,content/lead-magnets/cycle-syncing-food-workout-planner.mdx,ftc,LOW,"FTC guidance for mobile health apps favors data minimization and clear privacy practices -- the same idea works for your own notes, on paper or in an app.",431cd5e681de3b340b7c6bb8d41f4819896a581c65946c2dfc035390b2b316db,body:root.children[59].sentence[0],d6ded501571ac8bb5ea2f5906068386392888b11695e5d99be21cc0a128f05fb,6238ae5a69afee4bbdca1fe4a84bb6e2aa1cf54a50eb470d176e87d83cd9aca3,e8cd847fd14f4d9854ae328352ad1f93f72e83217586df8bc295879bc055c99c,166,1
claim-7acd5cfd2d9713d160d8,content/lead-magnets/delete-period-data-guide.mdx,ftc,LOW,"Flo faced a 2021 FTC consent order requiring it to get affirmative consent before sharing users' health data, after the FTC alleged Flo shared health data with Facebook and Google analytics through embedded SDKs.",82f68d6e87a186bd4b7c1ed3584efd260b8057c9417a2233e6decafb1eb03c41,body:root.children[20].sentence[0].occurrence[0],6d509e155c936a934e2654412edebdd3680e21aa7135a2dc0bc1289922600ac9,9eb4af77a679bf720ef962a91cedee9f28a30cf55d679d47b35ef75502874a1e,e8cd847fd14f4d9854ae328352ad1f93f72e83217586df8bc295879bc055c99c,68,18
claim-82adcfbb7bf3f584988a,content/lead-magnets/delete-period-data-guide.mdx,ftc,LOW,"Flo faced a 2021 FTC consent order requiring it to get affirmative consent before sharing users' health data, after the FTC alleged Flo shared health data with Facebook and Google analytics through embedded SDKs.",82f68d6e87a186bd4b7c1ed3584efd260b8057c9417a2233e6decafb1eb03c41,body:root.children[20].sentence[0].occurrence[1],6d509e155c936a934e2654412edebdd3680e21aa7135a2dc0bc1289922600ac9,9eb4af77a679bf720ef962a91cedee9f28a30cf55d679d47b35ef75502874a1e,e8cd847fd14f4d9854ae328352ad1f93f72e83217586df8bc295879bc055c99c,68,121
claim-8cd282bb54af98893802,content/lead-magnets/delete-period-data-guide.mdx,ftc,LOW,"The FTC has brought several cases over sensitive location data that can reveal clinic visits: it sued Kochava, alleging it sold location data that could track people to reproductive health clinics and other sensitive places; it finalized an order prohibiting Outlogic (formerly X-Mode) from sharing or selling sensitive location data; it finalized an order prohibiting InMarket from selling or sharing precise location data; and it finalized an order banning Mobilewalla from selling sensitive location data.",0ef3a1cee9852663c2fef78edc5ecc1ffa869310a01cfd192f2380eecf22d15b,body:root.children[64].sentence[0],f5bb57e33842acaf9fa6c75bd5fa89bdcf3f9058c33b5a430977901b7e6bc0d7,9eb4af77a679bf720ef962a91cedee9f28a30cf55d679d47b35ef75502874a1e,e8cd847fd14f4d9854ae328352ad1f93f72e83217586df8bc295879bc055c99c,305,5
claim-feb9acb42b74602622d3,content/lead-magnets/delete-period-data-guide.mdx,ftc,LOW,The FTC has also examined broader data practices at social media and video streaming services.,63c1d1a5e2b74ea0bbe1a495c825e0e7c6ed06dcbc6a96360082a3e935a76e41,body:root.children[64].sentence[1],f5bb57e33842acaf9fa6c75bd5fa89bdcf3f9058c33b5a430977901b7e6bc0d7,9eb4af77a679bf720ef962a91cedee9f28a30cf55d679d47b35ef75502874a1e,e8cd847fd14f4d9854ae328352ad1f93f72e83217586df8bc295879bc055c99c,305,514
claim-e82c21b4833ca6cdbc36,content/lead-magnets/first-period-starter-kit.mdx,ftc,LOW,"FTC guidance for mobile health apps favors minimizing data collection and limiting access -- the same idea works for a teen's own notes, on paper or in an app.",fbec1c4473ae0045de5999941e480478af82b4561b1f7d580de3e32c9c51d7e2,body:root.children[66].sentence[0],b65ef3ff2043602159459688ecc43b5b933b4516403043c929f08041300c2176,303b71af14fadb77c74e45077f72a4ebdc0904927665b529d1a0d872204ab603,e8cd847fd14f4d9854ae328352ad1f93f72e83217586df8bc295879bc055c99c,228,1
claim-fddf2f6554a787cf76a9,content/lead-magnets/heavy-period-clot-tracker.mdx,ftc,LOW,FTC guidance for health apps favors data minimization and clear user choices.,36ffd657e995d413470ffc3ecb5dacbf53ffb974f0aeaf20f4fbc5113f431873,body:root.children[54].sentence[1],f26a15fb9170213f6794b92e4e4a8076f6829f84ea5373ea2d5641337d948cbf,c1b406e9e11e0b71b2977ef0a8d2f1a8c2b7ba7f4662749b69f0f4840d8e9de3,e8cd847fd14f4d9854ae328352ad1f93f72e83217586df8bc295879bc055c99c,202,129
claim-a0effb6551054df9e138,content/lead-magnets/period-app-privacy-audit-kit.mdx,named-case,LOW,"This is the post-Dobbs concern: if law enforcement requests cycle data, what happens next.",60449266d8ff8b4a2f343d28f788c4a54079db52af4f652f7188f49bf633ffff,body:root.children[25].sentence[0],58e1ec6897025ef8e206b357db20a099b4f87099d05404d73186f01399397bca,445efc498823eec50577db4762e32df5092f254fa07a22f43680b104a0b395b4,e8cd847fd14f4d9854ae328352ad1f93f72e83217586df8bc295879bc055c99c,69,18
claim-b5ce7142bf69b8fb2399,content/lead-magnets/period-app-privacy-audit-kit.mdx,ftc,LOW,Search FTC enforcement actions against the app (ftc.gov/cases-proceedings).,a70d4e3fc470225ef82f1a90a233e507d47d5bd450001bdaf200eb782b316208,body:root.children[33].children[0].children[0].sentence[0],d3e8ebb7228fe2dcd7b4033bf568b813f84fafc13b641548dab175876dc0c521,445efc498823eec50577db4762e32df5092f254fa07a22f43680b104a0b395b4,e8cd847fd14f4d9854ae328352ad1f93f72e83217586df8bc295879bc055c99c,95,14
claim-e3f55d7a9000beba1817,content/lead-magnets/period-app-privacy-audit-kit.mdx,ftc,LOW,"The FTC finalized an order in 2021 requiring Flo Health to get affirmative consent before sharing users' health data, after alleging Flo misled users about how it shared data with outside firms.",175e880aa71709de7810ab3f1df7d7a7b6b4875c2efe8cb22871a39dcc4ba293,body:root.children[34].sentence[1],e15190075024045050bba7f1b29b8a3c054466f4339f0ec81e8dd2d2a909df6a,445efc498823eec50577db4762e32df5092f254fa07a22f43680b104a0b395b4,e8cd847fd14f4d9854ae328352ad1f93f72e83217586df8bc295879bc055c99c,100,132
claim-7da225ebde60689caa87,content/lead-magnets/period-app-privacy-audit-kit.mdx,ftc,LOW,"The FTC's case page for Premom's developer, Easy Healthcare, says its 2023 final order bars the company from sharing health data for advertising.",d2ccd745673af1a0b4528b3bfaa431503ec3cfd30df5e2a7a352fc3479594fdc,body:root.children[34].sentence[2],e15190075024045050bba7f1b29b8a3c054466f4339f0ec81e8dd2d2a909df6a,445efc498823eec50577db4762e32df5092f254fa07a22f43680b104a0b395b4,e8cd847fd14f4d9854ae328352ad1f93f72e83217586df8bc295879bc055c99c,100,327
claim-01945eba13ed6fb9844b,content/lead-magnets/period-app-privacy-audit-kit.mdx,ftc,LOW,**Red flags:** A prior FTC consent order or settlement.,30dc951b36ae2a53972cc55d303c381ce353623abd23f8492d101e0498932191,body:root.children[35].sentence[0],18d8e40fff5a873f4ec6e88b6f496fb82e142fd66d4ee1a48d4b68d15dcd517d,445efc498823eec50577db4762e32df5092f254fa07a22f43680b104a0b395b4,e8cd847fd14f4d9854ae328352ad1f93f72e83217586df8bc295879bc055c99c,102,24
claim-fdd1231531ff406d25e9,content/lead-magnets/period-app-privacy-audit-kit.mdx,percent,LOW,"81% of Americans wrongly believe HIPAA covers health apps (ClearDATA/Harris Poll, May 2023, n=2,053, as reported in prior published guidance).",a47b48b2cdcc9544dbdf1afce2496dac9538767b9af60e9cfa8a7ee7166fbe38,body:root.children[5].sentence[0],c030d21159416496d8e1a83ad82bc53c1035bd275cb9fc0de98c0efd3255e6a7,445efc498823eec50577db4762e32df5092f254fa07a22f43680b104a0b395b4,e8cd847fd14f4d9854ae328352ad1f93f72e83217586df8bc295879bc055c99c,12,1
claim-6dda821b5543b8f6b427,content/lead-magnets/period-app-privacy-audit-kit.mdx,percent,LOW,"Wellness incentive rules permit financial pressure of up to 30% of health coverage cost, which is not a fully free choice.",a48cb4fcecc3a3c982abddd522d27a48cd52921baca3dfea1153949eaa767b4b,body:root.children[60].sentence[1],da837fdb396f071775ddc298f8ae7f3404e78b92273ae9e0a52e2d48852901f6,445efc498823eec50577db4762e32df5092f254fa07a22f43680b104a0b395b4,e8cd847fd14f4d9854ae328352ad1f93f72e83217586df8bc295879bc055c99c,210,154
claim-a23607ea9ac9621bfae9,content/lead-magnets/period-app-privacy-audit-kit.mdx,named-case,LOW,"For state-level legal risk context, see the [post-Dobbs digital safety and state risk kit](/free/post-dobbs-digital-safety-kit-hub).",f12c600ecccd9c1528e094f3200c6af1ef63e021c72383df985858d2e5e15b33,body:root.children[78].sentence[1],93e3323c0342d7b335e89723322c500c7c043afaf354b490e97c0c4e36444463,445efc498823eec50577db4762e32df5092f254fa07a22f43680b104a0b395b4,e8cd847fd14f4d9854ae328352ad1f93f72e83217586df8bc295879bc055c99c,270,192
claim-bcf215eee57d6ccd62fb,content/lead-magnets/period-leak-and-product-kit.mdx,ftc,LOW,FTC guidance for mobile health app developers favors minimizing data and limiting access and permissions; the same idea works for your own notes.,2f2609ddd1248047c4aa769495b52d78a209c15022d53136477ed4f638b036ce,body:root.children[78].sentence[0],ee14f20afa5037a8ee10396afa56e37ed3bcf3e47cef8cbbbb303394fd545764,eea6c1e455fe3c1093a1203f2f6c85a2537e09922205d4e6bf2d912f23ff70d1,e8cd847fd14f4d9854ae328352ad1f93f72e83217586df8bc295879bc055c99c,253,1
claim-90c2858d29d172143755,content/lead-magnets/period-pain-cramp-diary.mdx,ftc,LOW,"HHS notes that HIPAA applies to covered entities and business associates, not every consumer app in every use, and the FTC's Health Breach Notification Rule can apply to some health apps when covered health information is breached.",56348d1184b8ff0b5d7347a038e609f0303ac24ffec937298cc4d843ab84524d,body:root.children[88].sentence[2],a7fd9f1697d3fed76945acb30823e7d6ee171013457e0a7a7e5c581a50ab1acf,b876cbdcb38b1673df759cd66e6f9c775a220f21de63cf31f1f5781ee9a87e65,e8cd847fd14f4d9854ae328352ad1f93f72e83217586df8bc295879bc055c99c,289,191
claim-b1ea2dac684526d39ca3,content/lead-magnets/post-dobbs-digital-safety-kit-hub.mdx,ftc,LOW,"Flo, Premom, Glow, and Natural Cycles have all faced FTC actions, state AG settlements, or class actions at various points; check current status before assuming any figure is current.",8dae261c3506a44c0e64d6f2f1048d5ac94a68a88706c438ed322b36cae7eaf4,body:root.children[14].children[2].children[0].sentence[1],f03a9508eaddb19c8d1d1759732ce33ed12e969e6ca8da42303b9a4b959dceee,9ee3ec2bf319f067db8e719ca168d151b2658e69173b98282c01f432ee159432,e8cd847fd14f4d9854ae328352ad1f93f72e83217586df8bc295879bc055c99c,45,120
claim-6d5077e35ffcb74d76de,content/lead-magnets/post-dobbs-digital-safety-kit-hub.mdx,bill-number,LOW,"Florida's six-week abortion ban (HB 5) took effect in May 2024, after an earlier 15-week ban.",c75f49f2f8a13a512154ca4c0eb5cf97a6c0fd3fa89546819f9ea0622dd5e26f,body:root.children[34].sentence[0],1290121091d945f8b1f99f3e1a33506d72f7b60de3e3fa812545f0fa9d33501a,9ee3ec2bf319f067db8e719ca168d151b2658e69173b98282c01f432ee159432,e8cd847fd14f4d9854ae328352ad1f93f72e83217586df8bc295879bc055c99c,99,34
claim-9a039088f6a93cfd3347,content/lead-magnets/post-dobbs-digital-safety-kit-hub.mdx,dollar,LOW,"Florida's Digital Bill of Rights (FDBR), enacted in 2023, only applies to companies with at least $1 billion in annual global revenue that derive at least 50% of that revenue from online advertising.",f19e03e78e5a47b20e1da48f4c1b732db2f3e4c7f0e8b0016f04cebdbc20288a,body:root.children[35].sentence[0],cba3c842d2e815719884824e4864fe2616eccda03abd28291a40cb259815d91a,9ee3ec2bf319f067db8e719ca168d151b2658e69173b98282c01f432ee159432,e8cd847fd14f4d9854ae328352ad1f93f72e83217586df8bc295879bc055c99c,101,99
claim-02695b09d0ce9a61b320,content/lead-magnets/post-dobbs-digital-safety-kit-hub.mdx,percent,LOW,"Florida's Digital Bill of Rights (FDBR), enacted in 2023, only applies to companies with at least $1 billion in annual global revenue that derive at least 50% of that revenue from online advertising.",f19e03e78e5a47b20e1da48f4c1b732db2f3e4c7f0e8b0016f04cebdbc20288a,body:root.children[35].sentence[0],cba3c842d2e815719884824e4864fe2616eccda03abd28291a40cb259815d91a,9ee3ec2bf319f067db8e719ca168d151b2658e69173b98282c01f432ee159432,e8cd847fd14f4d9854ae328352ad1f93f72e83217586df8bc295879bc055c99c,101,156
claim-8298f957c7058bfe76d1,content/lead-magnets/post-dobbs-digital-safety-kit-hub.mdx,since-date,LOW,"Texas has had a near-total criminal abortion ban in effect since 2022, with penalties applying to providers, not patients, under current law.",5cc0dadc42a22cf9f66672862d5de44742cdeccc6a9309341e6129c989f288a6,body:root.children[45].sentence[0],b94823a8b43efd74272172684dd5db0e8376d5980e7c9a07ad5981f3d8d2cc96,9ee3ec2bf319f067db8e719ca168d151b2658e69173b98282c01f432ee159432,e8cd847fd14f4d9854ae328352ad1f93f72e83217586df8bc295879bc055c99c,121,60
claim-5c39a6cebdeda164686c,content/lead-magnets/post-dobbs-digital-safety-kit-hub.mdx,dollar,LOW,"Texas's SB 8 (2021) and HB 7 (effective December 2025) added a distinct civil layer: HB 7 set a $100,000 minimum bounty for a successful civil suit against anyone who performed, aided, or abetted a medication abortion in violation of Texas law, with the first such suit filed in February 2026.",3c058ec25daf4e513cfc63e997e9839faeb1d717c2c5dd736f5cde75a5a23cc4,body:root.children[46].sentence[0],893edbba5143263f073c8b9c5823de7d60bf386248802e55c6f95a3c359f98bc,9ee3ec2bf319f067db8e719ca168d151b2658e69173b98282c01f432ee159432,e8cd847fd14f4d9854ae328352ad1f93f72e83217586df8bc295879bc055c99c,123,97
claim-d0f6738b9535794dbf60,content/lead-magnets/post-dobbs-digital-safety-kit-hub.mdx,bill-number,LOW,"Texas's SB 8 (2021) and HB 7 (effective December 2025) added a distinct civil layer: HB 7 set a $100,000 minimum bounty for a successful civil suit against anyone who performed, aided, or abetted a medication abortion in violation of Texas law, with the first such suit filed in February 2026.",3c058ec25daf4e513cfc63e997e9839faeb1d717c2c5dd736f5cde75a5a23cc4,body:root.children[46].sentence[0].occurrence[0],893edbba5143263f073c8b9c5823de7d60bf386248802e55c6f95a3c359f98bc,9ee3ec2bf319f067db8e719ca168d151b2658e69173b98282c01f432ee159432,e8cd847fd14f4d9854ae328352ad1f93f72e83217586df8bc295879bc055c99c,123,9
claim-ed034734cd3d324622c4,content/lead-magnets/post-dobbs-digital-safety-kit-hub.mdx,bill-number,LOW,"Texas's SB 8 (2021) and HB 7 (effective December 2025) added a distinct civil layer: HB 7 set a $100,000 minimum bounty for a successful civil suit against anyone who performed, aided, or abetted a medication abortion in violation of Texas law, with the first such suit filed in February 2026.",3c058ec25daf4e513cfc63e997e9839faeb1d717c2c5dd736f5cde75a5a23cc4,body:root.children[46].sentence[0].occurrence[1],893edbba5143263f073c8b9c5823de7d60bf386248802e55c6f95a3c359f98bc,9ee3ec2bf319f067db8e719ca168d151b2658e69173b98282c01f432ee159432,e8cd847fd14f4d9854ae328352ad1f93f72e83217586df8bc295879bc055c99c,123,25
claim-ccc4efc31c82d79f7e39,content/lead-magnets/post-dobbs-digital-safety-kit-hub.mdx,bill-number,LOW,"Texas's SB 8 (2021) and HB 7 (effective December 2025) added a distinct civil layer: HB 7 set a $100,000 minimum bounty for a successful civil suit against anyone who performed, aided, or abetted a medication abortion in violation of Texas law, with the first such suit filed in February 2026.",3c058ec25daf4e513cfc63e997e9839faeb1d717c2c5dd736f5cde75a5a23cc4,body:root.children[46].sentence[0].occurrence[2],893edbba5143263f073c8b9c5823de7d60bf386248802e55c6f95a3c359f98bc,9ee3ec2bf319f067db8e719ca168d151b2658e69173b98282c01f432ee159432,e8cd847fd14f4d9854ae328352ad1f93f72e83217586df8bc295879bc055c99c,123,86
claim-3b0a53d7b3f3a4ac52f3,content/lead-magnets/privacy-guide.mdx,ftc,LOW,"In 2021, the FTC finalized a consent order against Flo Health after finding that the company shared users' health data with third-party analytics and advertising companies, including Facebook and Google, despite promises that such data would be kept private.",ced15945a742e6ece11b58a5d1e5cbbf1b3b21249347b241cd7a9758f3513f66,body:root.children[16].sentence[0],0ad2e7311dc1e799e57e0f4ef27f4be88f57ba8fcf0b6eba3dbc69f4339bc071,dfdc02dd539de56285016e6c5460288b2b1e5635167b26783cdad81276c4216a,e8cd847fd14f4d9854ae328352ad1f93f72e83217586df8bc295879bc055c99c,36,14
claim-2e4b1346b89effc48950,content/lead-magnets/privacy-guide.mdx,dollar,LOW,"A combined class action settlement against Flo, Google, and Flurry reached $59.5 million in September 2025 (as of original publication; check current rates).",a3a38150d41096469cc9828e2e8755abdb2c6cb470b723cb7612e3009a6a4eea,body:root.children[16].sentence[1],0ad2e7311dc1e799e57e0f4ef27f4be88f57ba8fcf0b6eba3dbc69f4339bc071,dfdc02dd539de56285016e6c5460288b2b1e5635167b26783cdad81276c4216a,e8cd847fd14f4d9854ae328352ad1f93f72e83217586df8bc295879bc055c99c,36,335
claim-defcc128d45bd5e0a1b2,content/lead-magnets/privacy-guide.mdx,ftc,LOW,The FTC order is worth understanding in detail because it illustrates exactly how privacy promises break down in practice.,0be2ee8c10c25dee5d5c6ab79c4ddc2d769c86b9915895bf08b3744996bc31dd,body:root.children[17].sentence[0],8ca3cf849f5fd8a1bdb53781e2a6320892fd516511aeddfac9bdb225450a7626,dfdc02dd539de56285016e6c5460288b2b1e5635167b26783cdad81276c4216a,e8cd847fd14f4d9854ae328352ad1f93f72e83217586df8bc295879bc055c99c,38,5
claim-20d24b22a6fa78ddaa9a,content/lead-magnets/privacy-guide.mdx,named-case,LOW,"In the post-Dobbs legal environment, this data has been sought by law enforcement in multiple states.",4c0f3812a3569e4bacd8e88881cafa3242419c25a933056002ee88b65b50901c,body:root.children[2].sentence[3],f72a136001952391457efb8c8c7792b3a3aa0ba6cd5520d5f6f157c89e3629ea,dfdc02dd539de56285016e6c5460288b2b1e5635167b26783cdad81276c4216a,e8cd847fd14f4d9854ae328352ad1f93f72e83217586df8bc295879bc055c99c,6,213
claim-acf3d1c48ef080d42ada,content/lead-magnets/privacy-guide.mdx,ftc,LOW,"The FTC rejected this distinction, noting that the timing and pattern of analytics events from a period tracker app is inherently health data.",30c9252cd995f80c835d6e5ca73a96c71a365b12fd59a4847c577b5f21d79a08,body:root.children[20].sentence[1],7f03f65c8df67e01b47d3998345b70e4794c60a60c63c8522d0d136a32eabc18,dfdc02dd539de56285016e6c5460288b2b1e5635167b26783cdad81276c4216a,e8cd847fd14f4d9854ae328352ad1f93f72e83217586df8bc295879bc055c99c,44,110
claim-a348e56f88e9125af731,content/lead-magnets/privacy-guide.mdx,ftc,LOW,"Flo's FTC case is the most prominent, but it is not the only example of period tracker privacy failures.",715ccc7db8320b8478db40164252810b31c1e862ea1f78c7498c059e2d6e3408,body:root.children[53].sentence[0],b40dd94bd93bd87f93b97da5c57dec411044c2fd58a472342b2591ef296c3b49,dfdc02dd539de56285016e6c5460288b2b1e5635167b26783cdad81276c4216a,e8cd847fd14f4d9854ae328352ad1f93f72e83217586df8bc295879bc055c99c,115,7
claim-6e5db7989aca274bbc42,content/lead-magnets/privacy-guide.mdx,since-date,LOW,**Ovia** (owned by Labcorp since 2021) operates both a consumer app and an employer-sponsored version.,e07a3b1e6c406587bb47c28d1f3ddff050d379dceafeef672b6e53f7bf266cce,body:root.children[55].sentence[0],92bf8575cdf5c5ce94f6250aaf51832b3d5058ea94c61fe91d84e17dff5dea79,dfdc02dd539de56285016e6c5460288b2b1e5635167b26783cdad81276c4216a,e8cd847fd14f4d9854ae328352ad1f93f72e83217586df8bc295879bc055c99c,119,28
claim-b61f5a2a20aba6387db1,content/lead-magnets/privacy-guide.mdx,named-case,LOW,"Since the Dobbs decision in 2022, reproductive health data has taken on a new legal dimension.",e90528f0ddc1f47341d4537288ced505aaf0ed711c18c697bb2822e6a5df32eb,body:root.children[66].sentence[0],7f10a000240347b39626f603373de3552047a53e2bb3683adf9765baefdc01b5,dfdc02dd539de56285016e6c5460288b2b1e5635167b26783cdad81276c4216a,e8cd847fd14f4d9854ae328352ad1f93f72e83217586df8bc295879bc055c99c,141,11
claim-0158b7454e936fe7fe8f,content/lead-magnets/privacy-guide.mdx,percent,LOW,"81% of Americans wrongly believe HIPAA protects their health app data (ClearDATA/Harris Poll, May 2023, n=2,053).",aafaa719ec41cc38ee6f969ba6813abdf1c90424dbc30bfcf3de4e9f184ddd5d,body:root.children[72].sentence[0],0c11efe05a50f99a1061b2e782124d1725d96e5533279d73701b8dd2432d67bd,dfdc02dd539de56285016e6c5460288b2b1e5635167b26783cdad81276c4216a,e8cd847fd14f4d9854ae328352ad1f93f72e83217586df8bc295879bc055c99c,154,1
claim-c4081f09c60b3382386f,content/lead-magnets/privacy-guide.mdx,ftc,LOW,The FTC found Flo Health sending events with descriptive names like R_PREGNANCY_WEEK_CHOSEN and P_ACCEPT_PUSHES_PERIOD to Facebook and Google SDKs.,693aeadab5a19b02ebf3bb0d40d4eefa2c6755582a1e2b378747862787fba26d,body:root.children[75].sentence[1],05d353c6c3a7733fb4b4669f084ef23a61a9544c3a098e598abf880c5fd44480,dfdc02dd539de56285016e6c5460288b2b1e5635167b26783cdad81276c4216a,e8cd847fd14f4d9854ae328352ad1f93f72e83217586df8bc295879bc055c99c,160,115
claim-4086597b4f4fcb8a7cad,content/lead-magnets/privacy-guide.mdx,dollar,LOW,SafeGraph sold location data covering 600+ Planned Parenthood locations for $160 (as of original publication; check current rates).,d26eb963e9c4fbb1a431536aa541be163b58f14a42755a4194c28564bb8d98d5,body:root.children[78].sentence[2],a7d1d8b985a296621af0c2b105461990fb81693b9134089aaf20a735e34036e3,dfdc02dd539de56285016e6c5460288b2b1e5635167b26783cdad81276c4216a,e8cd847fd14f4d9854ae328352ad1f93f72e83217586df8bc295879bc055c99c,166,218
claim-f4ee0f1406f9054627fc,content/lead-magnets/privacy-guide.mdx,dollar,LOW,Vice/Motherboard purchased data from broker Narrative for approximately $100 that identified Android devices with Clue installed.,621bee4bc45a4fa76cf7a25ae03314c24e297c6be36053bb6404c0c9a73d61f4,body:root.children[78].sentence[3],a7d1d8b985a296621af0c2b105461990fb81693b9134089aaf20a735e34036e3,dfdc02dd539de56285016e6c5460288b2b1e5635167b26783cdad81276c4216a,e8cd847fd14f4d9854ae328352ad1f93f72e83217586df8bc295879bc055c99c,166,346
claim-8e75d2772e412dfddad8,content/lead-magnets/privacy-guide.mdx,ftc,LOW,"The FTC has taken enforcement action against several data brokers since 2022, but the broader ecosystem remains operational.",8641bf22bc3a8ad23e987863cf692201d8a21e88840e0bb95c8033680a0f1032,body:root.children[78].sentence[5],a7d1d8b985a296621af0c2b105461990fb81693b9134089aaf20a735e34036e3,dfdc02dd539de56285016e6c5460288b2b1e5635167b26783cdad81276c4216a,e8cd847fd14f4d9854ae328352ad1f93f72e83217586df8bc295879bc055c99c,166,539
claim-94594f77120868dba574,content/lead-magnets/privacy-guide.mdx,since-date,LOW,"The FTC has taken enforcement action against several data brokers since 2022, but the broader ecosystem remains operational.",8641bf22bc3a8ad23e987863cf692201d8a21e88840e0bb95c8033680a0f1032,body:root.children[78].sentence[5],a7d1d8b985a296621af0c2b105461990fb81693b9134089aaf20a735e34036e3,dfdc02dd539de56285016e6c5460288b2b1e5635167b26783cdad81276c4216a,e8cd847fd14f4d9854ae328352ad1f93f72e83217586df8bc295879bc055c99c,166,601
claim-7ce65c4bd1502a9e3a4b,content/lead-magnets/reproductive-visit-prep-kit.mdx,ftc,LOW,FTC guidance tells mobile health app developers to limit data collection and be clear about privacy practices.,4f9bac9a7385e90fce2b23c09e5df87860cebeb429615f22d022527cb5bd8905,body:root.children[113].sentence[1],dafa503f294da5ce5b5bb08a0354629f5371159664afcd9628d260195881575a,6e1da78ef47268bf2679105706c09aea81e74f02915f7e0bd012cf69f4bc9a3d,e8cd847fd14f4d9854ae328352ad1f93f72e83217586df8bc295879bc055c99c,455,238
claim-c4c5a1026d85cce5ed7f,content/lead-magnets/reproductive-visit-prep-kit.mdx,ftc,LOW,"FTC guidance for mobile health apps includes minimizing data, limiting access and permissions, and using privacy-protective default settings.",dbbcb0ede62e542006ce250a28b0cef0c0880b9b9db18949de1729733ad103ba,body:root.children[93].sentence[0],5a3a0de6fbc2f5c2dc6e95f0b5665551149c34dcc61f2850e7734fcba3ff768d,6e1da78ef47268bf2679105706c09aea81e74f02915f7e0bd012cf69f4bc9a3d,e8cd847fd14f4d9854ae328352ad1f93f72e83217586df8bc295879bc055c99c,389,1
claim-43b2aa2f6ba57c6d46e7,content/lead-magnets/vaginal-discharge-odor-checklist.mdx,ftc,LOW,FTC guidance says privacy and security are important for apps that collect or share consumer health information.,45c49db0b48000e0637ab22567b7b0f58e2346dd03ad71cc9dcafdb6f8434a8f,body:root.children[68].sentence[0],b6dc490d679f0be6ad8dd8ab115d339d9cdbb5e03f180961dce3991535db9e6b,badb940cb02e5fff07b3b47f0d084281cdbadff44c54b000ac30ecc9d2b6ecf0,e8cd847fd14f4d9854ae328352ad1f93f72e83217586df8bc295879bc055c99c,257,1
claim-e3c95a198f031af48faa,content/life-stage-guides/birth-control-period-changes.mdx,ftc,MED,Flo Health's 2021 FTC settlement showed that detailed reproductive health data from a period tracking app was shared with third-party advertisers.,d6adeba0737a6817108678eb3f999a0b5385c623dc2cfcab6dc310175b76614a,body:root.children[42].sentence[0],0d7ba2b5d2a1e5379b163497b5f40812cd0035748f8419ead46e5c9e8ae2a040,5ef9dafee194f5e0fbbcd96491539b814feee94d028e12222e72416b94affb25,e8cd847fd14f4d9854ae328352ad1f93f72e83217586df8bc295879bc055c99c,97,19
claim-5fcb12856e417ab5663d,content/life-stage-guides/luteal-phase-length-guide.mdx,ftc,MED,Flo Health's 2021 FTC settlement showed that period and cycle data was shared with third-party analytics platforms despite user expectations.,447d7482ac6f8abe969f7bda35109da126f0a60315419b6f0867addc36f98ac2,body:root.children[33].sentence[0],e1ac77a95862ea73827d53b86a913103bd90c76b762e77c633c6ad4dfe3b9b67,57a6b20be88395a0f12b42d65cb936c9ae7c81c36082fe46a38a8593b875fb5d,e8cd847fd14f4d9854ae328352ad1f93f72e83217586df8bc295879bc055c99c,75,19
claim-17f65a9c28180c7d35cb,content/life-stage-guides/menstrual-cycle-phases-symptoms.mdx,ftc,MED,"Flo Health, one of the most downloaded period apps, settled FTC action in 2021 for sharing user data with Facebook and Google.",43218e6f367772dc665d0dd820f8712920504bc585ecd2c552740e82f864647f,body:root.children[37].sentence[1],dc36dfdd13b4349757a9f5d4ddb0af272cd5493e650587dff92c51d23bb08562,03d30edfa972e652c7c2c6978de31fee710363c25ace93c2dc1bb830d1ffa757,e8cd847fd14f4d9854ae328352ad1f93f72e83217586df8bc295879bc055c99c,93,216
claim-423e69e8d8a692578f3c,content/life-stage-guides/perimenopause-period-changes.mdx,ftc,MED,Flo Health's 2021 FTC settlement demonstrated that even period tracking data can be shared with third-party advertisers without users' meaningful awareness.,7d6225deccecc4f3ebc171f81b76b0663396b7bbc6cfe783aa2325e17bd96169,body:root.children[32].sentence[2],dbc26c7f1c6dac4d5454f1002acf060740555e5ca741100ca22f36de29c97bbb,b891f23449e00676cd51d6ccb622c7620ca1a21995c524b30a0baa7e7a271681,e8cd847fd14f4d9854ae328352ad1f93f72e83217586df8bc295879bc055c99c,84,206
claim-f6be63c98d0b505a5f0b,content/life-stage-guides/plan-b-period-timing.mdx,percent,MED,Emergency contraception is not 100% effective.,61be48bfcd0cff2503688e6073988bdcde42c04d749970b7c8d26962dffc541c,body:root.children[21].sentence[0],08dbcc514db7d4cde9f7cd1a574bf4a23c8726a42aeb423994274489bca27d15,6b8d27524dcbcf53c81f198879d3f0088a91f23826d9c201d53a368f76d49c7c,e8cd847fd14f4d9854ae328352ad1f93f72e83217586df8bc295879bc055c99c,47,32
claim-32de75bf378562d0ac4d,content/life-stage-guides/plan-b-period-timing.mdx,ftc,MED,Flo Health settled FTC action in 2021 for sharing user reproductive health data with Facebook and Google.,bb41b895de7442f1d514f5571fdfccf47d7c6050e8df00e720c3cf8d3bee13b4,body:root.children[31].sentence[1],2879b754acff807d2f2edb02a756aa8abd583dfe474b51e0bcdaee290622aca8,6b8d27524dcbcf53c81f198879d3f0088a91f23826d9c201d53a368f76d49c7c,e8cd847fd14f4d9854ae328352ad1f93f72e83217586df8bc295879bc055c99c,71,184
claim-7b4e2f9854d4cf3293e8,content/life-stage-guides/signs-your-period-is-coming.mdx,ftc,MED,Flo Health settled an FTC action in 2021 over health data sharing with third parties.,416005ba4419d6b85f6a253fb62a9d6824c92b537f04dc9602f18fdf57f0f73a,body:root.children[43].sentence[2],52a4d4ecbb8fcfcc5b315ee230a2bd1f52fa49f654794687e9cf78be1e158435,a2240874a8c859572be5eb7abdd34163889e793ae3cbb6ca1946a1e2c068d979,e8cd847fd14f4d9854ae328352ad1f93f72e83217586df8bc295879bc055c99c,90,251
claim-0df575df2e8d2c177713,content/listicles/best-apps-to-track-pcos-symptoms.mdx,ftc,LOW,The FTC enforcement action against [Flo](/compare/alternatives/flo-app-alternative/) in 2021 was specifically about sharing reproductive health data with Facebook and Google.,6be3bf5eff795c0a49fdb151acf9837b2efb87e34c02cade7a8572cf7c1cbae3,body:root.children[2].sentence[0],a469383eb6783b1a73b68dddcde733b31eae6d4e003d2fc4e2f215c662f69b25,2aa6a7e722ce4aa4b429933b6103b49c749f31bb65235b6c5693883b0b4e842d,e8cd847fd14f4d9854ae328352ad1f93f72e83217586df8bc295879bc055c99c,6,5
claim-bbde68f231510f1bc208,content/listicles/best-apps-to-track-pcos-symptoms.mdx,dollar,LOW,The [$59.5M settlement](/resources/guides/flo-period-tracker-lawsuit-settlement/) resolved those claims.,f1baa4bba60d48096420d2854bb4087578572e4f9d2b2412385456c316ce4b48,body:root.children[2].sentence[3],a469383eb6783b1a73b68dddcde733b31eae6d4e003d2fc4e2f215c662f69b25,2aa6a7e722ce4aa4b429933b6103b49c749f31bb65235b6c5693883b0b4e842d,e8cd847fd14f4d9854ae328352ad1f93f72e83217586df8bc295879bc055c99c,6,445
claim-4d884b77631033154be9,content/listicles/best-apps-tracking-bleeding-between-periods.mdx,ftc,LOW,The FTC enforcement action against [Flo](/compare/alternatives/flo-app-alternative/) in 2021 specifically concerned sharing reproductive health data with Facebook and Google.,4225047ab67ffb3d60dff06d394007bdffa97201b3727e944aa7a674e08cf1de,body:root.children[8].sentence[3],3fadefa6173ea6baf4cd1151e00974e059578cdcb84d453efe918acdfa8b3f73,072d4b71b69f12cc83290c5edbb44df7da1b9c016d35efe7ef0b13a7a5ae958e,e8cd847fd14f4d9854ae328352ad1f93f72e83217586df8bc295879bc055c99c,18,223
claim-aa91aadc98504bafaee6,content/listicles/best-cycle-tracking-apps-postpartum.mdx,ftc,LOW,The [FTC action against Flo](/compare/alternatives/flo-app-alternative/) in 2021 established that period app companies will share health data with advertisers unless enforcement stops them.,3572876e0297699c222101c6b68453ceef2bf139e20a67318d868e0dd07c765b,body:root.children[8].sentence[0],e251e9c548cb91db4d1d1a6a12e1e8ccfc90cd93ae45f0b0314012106e86befa,5782f4a1ea1676b4bbb339507e362d2bfe95e142123815c082c98801188d37b8,e8cd847fd14f4d9854ae328352ad1f93f72e83217586df8bc295879bc055c99c,18,6
claim-c1f1ac9e034dc6b1bc5c,content/listicles/best-fertility-awareness-apps-no-data-selling.mdx,ftc,LOW,The [FTC enforcement action against Flo](/compare/alternatives/flo-app-alternative/) in 2021 was specifically about sharing reproductive health data with Facebook and Google.,981bdd6714a03a573cf9d059563288c733c9f44f59b33755dbc4bf0964e30f59,body:root.children[3].sentence[0],662fad2674d58aec75af8217441ae902b0b5ea488fba3bf4b8aadde1a95bc420,c0dd503e5906ffc92bfba6e268fedaaa850c0c5760b85e03410ebb4fdb300383,e8cd847fd14f4d9854ae328352ad1f93f72e83217586df8bc295879bc055c99c,8,6
claim-082200ca57e1981f3b43,content/listicles/best-fertility-awareness-apps-no-data-selling.mdx,dollar,LOW,A $59.5M class action settlement followed in September 2025.,129adfbe841454b8080c4100a1b93ca97f036092a583cc5eda56f52fe35790a1,body:root.children[3].sentence[1],662fad2674d58aec75af8217441ae902b0b5ea488fba3bf4b8aadde1a95bc420,c0dd503e5906ffc92bfba6e268fedaaa850c0c5760b85e03410ebb4fdb300383,e8cd847fd14f4d9854ae328352ad1f93f72e83217586df8bc295879bc055c99c,8,178
claim-ce1450f251d9a5ae02c6,content/listicles/best-free-period-tracker-no-subscription.mdx,ftc,LOW,[Flo](/compare/alternatives/flo-app-alternative/) built a huge free tier and then faced FTC action over how user data moved through third-party SDKs.,1ab225622b47cfbb9d46443240909a8caed55d51f5a8beb0188f73bb08ca3100,body:root.children[2].sentence[5],97755e6055490ab84fdb30d364635934cc849ac8094b7ca869963bfce62c2749,69659442b7977e65f5df8a959e611f81b501bcdf152d63dc6b0c3d0e9bd2fe21,e8cd847fd14f4d9854ae328352ad1f93f72e83217586df8bc295879bc055c99c,6,449
claim-aa3926ad5bc29d62de98,content/listicles/best-period-apps-after-roe.mdx,case-citation,LOW,The Supreme Court's 2022 Dobbs v. Jackson Women's Health Organization decision eliminated the federal right to abortion established by Roe v. Wade.,e49051c356b468a20eaca2d12c5616d6bf423428773d8491348aa882d8211dfa,body:root.children[1].sentence[0].occurrence[0],48485f3432cedf760656b79916c26c562456cd834a7f828a2591b6a3545e2f8b,46a2872c7ac587f79e61c1ac18865f4fc7b181df14c12800a347f1bdcaa0801a,e8cd847fd14f4d9854ae328352ad1f93f72e83217586df8bc295879bc055c99c,4,26
claim-cfe42d0f204e8055d572,content/listicles/best-period-apps-after-roe.mdx,named-case,LOW,The Supreme Court's 2022 Dobbs v. Jackson Women's Health Organization decision eliminated the federal right to abortion established by Roe v. Wade.,e49051c356b468a20eaca2d12c5616d6bf423428773d8491348aa882d8211dfa,body:root.children[1].sentence[0].occurrence[0],48485f3432cedf760656b79916c26c562456cd834a7f828a2591b6a3545e2f8b,46a2872c7ac587f79e61c1ac18865f4fc7b181df14c12800a347f1bdcaa0801a,e8cd847fd14f4d9854ae328352ad1f93f72e83217586df8bc295879bc055c99c,4,26
claim-f990f604b0cb3fab5840,content/listicles/best-period-apps-after-roe.mdx,case-citation,LOW,The Supreme Court's 2022 Dobbs v. Jackson Women's Health Organization decision eliminated the federal right to abortion established by Roe v. Wade.,e49051c356b468a20eaca2d12c5616d6bf423428773d8491348aa882d8211dfa,body:root.children[1].sentence[0].occurrence[1],48485f3432cedf760656b79916c26c562456cd834a7f828a2591b6a3545e2f8b,46a2872c7ac587f79e61c1ac18865f4fc7b181df14c12800a347f1bdcaa0801a,e8cd847fd14f4d9854ae328352ad1f93f72e83217586df8bc295879bc055c99c,4,136
claim-34cbaa0ce8b249c2bb84,content/listicles/best-period-apps-after-roe.mdx,named-case,LOW,The Supreme Court's 2022 Dobbs v. Jackson Women's Health Organization decision eliminated the federal right to abortion established by Roe v. Wade.,e49051c356b468a20eaca2d12c5616d6bf423428773d8491348aa882d8211dfa,body:root.children[1].sentence[0].occurrence[1],48485f3432cedf760656b79916c26c562456cd834a7f828a2591b6a3545e2f8b,46a2872c7ac587f79e61c1ac18865f4fc7b181df14c12800a347f1bdcaa0801a,e8cd847fd14f4d9854ae328352ad1f93f72e83217586df8bc295879bc055c99c,4,136
claim-3f8cf56dae72c0e7e29a,content/listicles/best-period-apps-data-cant-be-subpoenaed.mdx,named-case,LOW,We built Floriva with on-device storage because the post-Dobbs landscape requires architectural solutions.,b1b98a965b7585ef29aad765853d62a3068ebd0249d6bd150240c358c0c65c79,body:root.children[10].sentence[0],8e7a4e2fd8bb87045fe8ba85880385415a3ff7dbb9c007cfbe5c35c1f3347973,60c370c5e9b6ff6e8851bafc4295d38067fabb4cf12032d5b7d157040311f3d6,e8cd847fd14f4d9854ae328352ad1f93f72e83217586df8bc295879bc055c99c,22,58
claim-4cd9b4853db3148887cb,content/listicles/best-period-apps-data-cant-be-subpoenaed.mdx,named-case,LOW,"After the Dobbs decision, several period tracker companies updated their privacy policies to promise stronger data protections.",7d2b78b4f9c7179c9829fc496db2fb32a6e97a9a0e417055da93dd812b49dc5f,body:root.children[8].sentence[0],15c6914c24e7ff4d334e0b547937ee269e6543e092b5218e03bf7f860f6bb61d,60c370c5e9b6ff6e8851bafc4295d38067fabb4cf12032d5b7d157040311f3d6,e8cd847fd14f4d9854ae328352ad1f93f72e83217586df8bc295879bc055c99c,18,11
claim-6fbec1d0d559fe25899e,content/listicles/best-period-tracker-after-iud.mdx,ftc,LOW,"More immediately, your IUD type and insertion date (stored in a cloud-based app) are part of the same server-side health record that was involved in [the Flo FTC case](/compare/alternatives/flo-app-alternative/).",ab9a0262a93fd64979f34cd5b90cf211bc049f4157d4594db3da39b3de068cfc,body:root.children[5].sentence[2],449ea77bd9412775dccf2dba0de4c9bc505be45072417064eaedaf0bffeadad9,367cf5350298bc046096cfcddf1d000f93d43503defa149a802f3071eaa76ff7,e8cd847fd14f4d9854ae328352ad1f93f72e83217586df8bc295879bc055c99c,12,359
claim-38f24e017cb0d3ccad31,content/listicles/best-period-tracker-after-iud.mdx,dollar,LOW,The $59.5M class action that settled in September 2025 covered data sharing that included reproductive health events.,60fb14de4489bebcebabbf8ef7a278ab002bf941c697579b90add21513927e58,body:root.children[6].sentence[0],afd6db68f56102b4b0b69417b9d00dad1df9a18f3d1b2298da40ebc5cfa69125,367cf5350298bc046096cfcddf1d000f93d43503defa149a802f3071eaa76ff7,e8cd847fd14f4d9854ae328352ad1f93f72e83217586df8bc295879bc055c99c,14,5
claim-13c6c1100469920f4cf9,content/listicles/best-period-tracker-apps-2026-irregular-cycles.mdx,percent,LOW,"A 2019 analysis of 612,613 cycles from Clue users published in npj Digital Medicine found that only 13% of cycles fell within one day of 28 days.",f053271229b670a2f0038e6e47575f0325c206138d26356fd9bba1ce6bbaaf18,body:root.children[0].sentence[2],5278da3e920c6956841bd5bd6addf9d6e9c50287b1d3f30e4812c71bc529ccc5,11755fbbf951f9c036e6ffa1a354a2aa1343c2af7c1e13497440d51b3af89718,e8cd847fd14f4d9854ae328352ad1f93f72e83217586df8bc295879bc055c99c,2,317
claim-97a14fc4332ed4ce2c4e,content/listicles/best-period-tracker-apps-2026-irregular-cycles.mdx,as-of-date,LOW,*The five apps reviewed here represent the range of approaches to irregular cycle tracking as of 2026.,198e2788f9b30c3111571f30f928a1856785fe4056faa0e8d082b9266d74bb63,body:root.children[18].sentence[0],7fb87b4bf9b63892c4feaef58a83ed3010144d15adb9e849f494c06806a7b4af,11755fbbf951f9c036e6ffa1a354a2aa1343c2af7c1e13497440d51b3af89718,e8cd847fd14f4d9854ae328352ad1f93f72e83217586df8bc295879bc055c99c,42,92
claim-361c42253f0ba4d0e0f8,content/listicles/best-period-tracker-apps-2026.mdx,ftc,LOW,Two period and fertility tracker apps have faced FTC enforcement: Flo (2021) and Premom (2023).,83e0ad18e9f2b49b0ce5f9c7a4dc8f847cc357f0b3d0db06d4944d50c5da6323,body:root.children[17].sentence[0],04748e0e8ea242540cc0aee7b391f9b9c14c8e2b9eb0ee31c7a339e8b46361d0,165c5f09df72e7b7e33adaa65aa4746b630a347ea78b24c27707df3689d456fa,e8cd847fd14f4d9854ae328352ad1f93f72e83217586df8bc295879bc055c99c,40,50
claim-eb9c18a802ab9319c094,content/listicles/best-period-tracker-apps-2026.mdx,dollar,LOW,Flo's case resulted in a $59.5M combined settlement in 2025.,5feca084d94f54bc97d2510e833d2aad6aea709610871825e35e8ee85ed153f3,body:root.children[18].sentence[0],aa6ff3cafae5b5a6571afabc692dbfbb3593b1a1621216b8c96578b277e861f8,165c5f09df72e7b7e33adaa65aa4746b630a347ea78b24c27707df3689d456fa,e8cd847fd14f4d9854ae328352ad1f93f72e83217586df8bc295879bc055c99c,42,26
claim-22a2126a6bae19509ddb,content/listicles/best-period-tracker-apps-2026.mdx,named-case,LOW,"The Bureau of Investigative Journalism reported that after the Dobbs ruling, Meta ""was caught eavesdropping on a period app"" through the Facebook SDK embedded in Flo.",cd3ea92d0a857100b18bd3820e2c2b33d0174a6750e07956f4909c827c92ae93,body:root.children[18].sentence[1],aa6ff3cafae5b5a6571afabc692dbfbb3593b1a1621216b8c96578b277e861f8,165c5f09df72e7b7e33adaa65aa4746b630a347ea78b24c27707df3689d456fa,e8cd847fd14f4d9854ae328352ad1f93f72e83217586df8bc295879bc055c99c,42,125
claim-6cc301e78606772c34b4,content/listicles/best-period-tracker-apps-2026.mdx,ftc,LOW,The FTC took enforcement action against Flo (2021) and Premom (2023).,6b3b3eb7df77068daf084c7ed32ae5230a94e41d9825d788c994c2e23f467aa8,body:root.children[3].sentence[0],5a9af3c325974beed185dada8b6ac25fe6c3820f437c97780eb21d9ca5571498,165c5f09df72e7b7e33adaa65aa4746b630a347ea78b24c27707df3689d456fa,e8cd847fd14f4d9854ae328352ad1f93f72e83217586df8bc295879bc055c99c,8,5
claim-67a40b61b0b31443c3e5,content/listicles/best-period-tracker-apps-android-2026.mdx,named-case,LOW,"For period tracking post-Dobbs, this matters.",b819db72b6216fb4ae7ff023b76dfb61c73838c876bb95a1904c5c1be2b5c0d4,body:root.children[3].sentence[4],07d50c36eb7421d199fa654ed81761c435636ad7d34a9a7fb07a2dd2c2de3ec7,f389aac4e228a8b409ea04d89e9a6d4d8b546000f2d3b1282bfb701bc6540a27,e8cd847fd14f4d9854ae328352ad1f93f72e83217586df8bc295879bc055c99c,8,314
claim-b79a39ffed7f6357981f,content/listicles/best-period-tracker-apps-android-2026.mdx,ftc,LOW,Flo was explicitly cited in the FTC action for sharing data via Facebook's SDK.,a92385c6a6b8bf34c5da80152208cd261499246f065079f79eab5e2d3551fc52,body:root.children[4].sentence[3],e97b4c6b5079fcbba7743677e81ecc568d72ec8bb1e58c2ca227b9dd1cd3b872,f389aac4e228a8b409ea04d89e9a6d4d8b546000f2d3b1282bfb701bc6540a27,e8cd847fd14f4d9854ae328352ad1f93f72e83217586df8bc295879bc055c99c,10,239
claim-82a0fc502ddc66e1cefb,content/listicles/best-period-tracker-apps-no-data-selling.mdx,ftc,LOW,Then the FTC found they shared user health data with Facebook and Google SDKs.,5f5c728c7ff2235a19e295a2234b3789d19c2ceb98ed8a898de7dfa1813ad326,body:root.children[1].sentence[2],704d3b07a9d2de25e3aeebbaafd4a0839322c3f45df1701d78221dcd3346eea9,d3a63f55733269ecdc9efd7e2c42cd9133adf1b3e243d0809094f66855892962,e8cd847fd14f4d9854ae328352ad1f93f72e83217586df8bc295879bc055c99c,4,89
claim-9cec5e7062fadd42bd20,content/listicles/best-period-tracker-apps-no-data-selling.mdx,named-case,LOW,"For reproductive health data specifically, the post-Dobbs legal environment adds another dimension.",4194211ed75fde13d3bc258be61a1bd0467cfcec7ac401e8447ac2661740e43a,body:root.children[3].sentence[0],016b9436c6be11160de5c04eb72b15cf98848b0dc54444cc33a9b1397c01fe0e,d3a63f55733269ecdc9efd7e2c42cd9133adf1b3e243d0809094f66855892962,e8cd847fd14f4d9854ae328352ad1f93f72e83217586df8bc295879bc055c99c,8,53
claim-5f3dcf32a2f5cd40196a,content/listicles/best-period-tracker-apps-recommended-by-gynecologists.mdx,ftc,LOW,The FTC enforcement action against [Flo](/compare/alternatives/flo-app-alternative/) in 2021 showed what this gap means in practice.,db7d706badf40abd22232c77fa25a7bb445e914efb9e42564ae4949567df4e5a,body:root.children[5].sentence[0],719741aa76488269d081249dc60900267578c61edf25e7f00ce7944ab88cc854,c402c31617ab805ebab89e223291c326bdf7996e6d0927763a72929f2613584c,e8cd847fd14f4d9854ae328352ad1f93f72e83217586df8bc295879bc055c99c,12,5
claim-44b46e21720ff29ad675,content/listicles/best-period-tracker-fertility-tracking.mdx,ftc,LOW,Premom's FTC enforcement (2023) covered health data shared with Chinese third parties.,06246ae01d9f266030217c9dc0a9f96c70dce12f9cd029ea9494e7c653ebd6e4,body:root.children[19].sentence[1],464b6a74ae70e43a6f89caf9838dba6e1fd077526836f16760d94f0cd16f67c5,b2aa5720dc5ceabb8ed0cfceb844e3dcf7e5cde98100232f11a031fc848beaa8,e8cd847fd14f4d9854ae328352ad1f93f72e83217586df8bc295879bc055c99c,40,121
claim-2b323697ef79df2195ee,content/listicles/best-period-tracker-for-breastfeeding.mdx,ftc,LOW,The FTC settlement over sharing health data with Facebook and Google is especially relevant for postpartum users logging sensitive recovery data.,f8aa963f7c28c541cbade2d7edbcb49e2f45addcaf096a723fdb872312ebed0b,body:root.children[12].sentence[1],33e20970d2dabfd5d6f2751052dffaa3d3e1c8f40c71a2195ee3cb2023a4cac9,8bb3e72bb50b3b1b61f930a0b4e9b914001c2ae340c4c384527876f86a0cb0c3,e8cd847fd14f4d9854ae328352ad1f93f72e83217586df8bc295879bc055c99c,26,146
claim-179ef84edff7f769d214,content/listicles/best-period-tracker-for-endometriosis.mdx,ftc,LOW,"The FTC enforcement action against [Flo](/compare/alternatives/flo-app-alternative/) in 2021 showed what can happen when that record sits on a company server with embedded analytics SDKs: period dates, pregnancy status, and health symptoms were automatically transmitted to Facebook and Google.",2d069fca4f227c5ba6d526ca46962a5bcd092ce2e6b7a899799862a25afa3b08,body:root.children[2].sentence[0],40782d5a8db32de0a555164885b1c5962a66348aaf6cbca8ab97010ff1701df7,cfb4a4b2ead8ca3cf6e52f62cebb467ddd4465962897801ab200cfcfe920c9c9,e8cd847fd14f4d9854ae328352ad1f93f72e83217586df8bc295879bc055c99c,6,5
claim-483c5dbebb8f2f30c6a1,content/listicles/best-period-tracker-for-endometriosis.mdx,dollar,LOW,The [$59.5M class action settlement](/resources/guides/flo-period-tracker-lawsuit-settlement/) in September 2025 resolved those claims.,e82389cb4392689de1f20cc770c3bf4007ee0b558bdacc7196ec93cbde3a58a7,body:root.children[2].sentence[2],40782d5a8db32de0a555164885b1c5962a66348aaf6cbca8ab97010ff1701df7,cfb4a4b2ead8ca3cf6e52f62cebb467ddd4465962897801ab200cfcfe920c9c9,e8cd847fd14f4d9854ae328352ad1f93f72e83217586df8bc295879bc055c99c,6,465
claim-d733d0648d320d0410ac,content/listicles/best-period-tracker-for-teens.mdx,ftc,LOW,Behavioral advertising to teenagers is subject to stricter FTC regulations under COPPA.,7262ea74cbc7f8010f3b4b0a6e0bcb9099525cf3266b344964dc7029c3953c61,body:root.children[4].sentence[1],0f6a16575c3a68af7693e4f26c886b7fa52bddcb9b25b730f3bee4b056981d10,f2913b3b0bbc7832a4850bec8892dc5108daf8283b6f9c29eedd2ba19dfc984a,e8cd847fd14f4d9854ae328352ad1f93f72e83217586df8bc295879bc055c99c,10,143
claim-aa6cfb78c06cc832dce2,content/listicles/best-period-tracker-for-teens.mdx,named-case,LOW,The legal exposure from health data in a [post-Dobbs](/resources/guides/reproductive-data-prosecutions-after-dobbs/) environment is more serious for younger users who may face longer-term consequences.,2133a97a10ccef24d166bcc1190581ebfb72dbcbd6e615aaf9718cd2d934b8cf,body:root.children[4].sentence[2],0f6a16575c3a68af7693e4f26c886b7fa52bddcb9b25b730f3bee4b056981d10,f2913b3b0bbc7832a4850bec8892dc5108daf8283b6f9c29eedd2ba19dfc984a,e8cd847fd14f4d9854ae328352ad1f93f72e83217586df8bc295879bc055c99c,10,219
claim-7e4674091a84fba590cb,content/listicles/best-period-tracker-pcos.mdx,ftc,LOW,The FTC enforcement action against [Flo](/compare/alternatives/flo-app-alternative/) in 2021 was specifically about sharing reproductive health data with Facebook and Google.,6be3bf5eff795c0a49fdb151acf9837b2efb87e34c02cade7a8572cf7c1cbae3,body:root.children[2].sentence[0],f084d1694d7c9916fe6003ec8ce910f100f0da1c4a2f81e32f239f40c3ce0a02,5f470e545f480532e5bffd079a47d445af51bb8efa211f099c32f7138e6896ff,e8cd847fd14f4d9854ae328352ad1f93f72e83217586df8bc295879bc055c99c,6,5
claim-856dfcd36c00b7669802,content/listicles/best-period-tracker-pcos.mdx,dollar,LOW,That is the same pattern that produced the [$59.5M settlement](/resources/guides/flo-period-tracker-lawsuit-settlement/).,f7973395d2ee56d5b643f38dc6e63b648c3f31bc097d5b9558aba462ca8342ff,body:root.children[2].sentence[2],f084d1694d7c9916fe6003ec8ce910f100f0da1c4a2f81e32f239f40c3ce0a02,5f470e545f480532e5bffd079a47d445af51bb8efa211f099c32f7138e6896ff,e8cd847fd14f4d9854ae328352ad1f93f72e83217586df8bc295879bc055c99c,6,425
claim-bbbbbdf1a3a34363989c,content/listicles/best-period-tracker-perimenopause.mdx,dollar,LOW,"If that record is on a cloud server, particularly one with a documented history of sharing reproductive health data with advertisers, as in the Flo FTC case and the [$59.5M settlement](/resources/guides/flo-period-tracker-lawsuit-settlement/), it is accessible in ways you may not have consented to when you started tracking.",6dd8d7de9c8e67fed3d0e3b13bfb58455e142fd96e789a5f6bbdfc2392941724,body:root.children[6].sentence[0],d43ffc0ac157370586fbb4fe4831452ff5447627e18a931c92b5d996e6b9ba8f,50aeef20547015ae81862b3355e767cbc6122ec8360a4eb0dfb8c8249a2268f4,e8cd847fd14f4d9854ae328352ad1f93f72e83217586df8bc295879bc055c99c,14,167
claim-02373792f856ff669917,content/listicles/best-period-tracker-perimenopause.mdx,ftc,LOW,"If that record is on a cloud server, particularly one with a documented history of sharing reproductive health data with advertisers, as in the Flo FTC case and the [$59.5M settlement](/resources/guides/flo-period-tracker-lawsuit-settlement/), it is accessible in ways you may not have consented to when you started tracking.",6dd8d7de9c8e67fed3d0e3b13bfb58455e142fd96e789a5f6bbdfc2392941724,body:root.children[6].sentence[0],d43ffc0ac157370586fbb4fe4831452ff5447627e18a931c92b5d996e6b9ba8f,50aeef20547015ae81862b3355e767cbc6122ec8360a4eb0dfb8c8249a2268f4,e8cd847fd14f4d9854ae328352ad1f93f72e83217586df8bc295879bc055c99c,14,149
claim-ec9b0dec00cd3dc2dff7,content/listicles/best-period-trackers-after-flo-privacy-scandal.mdx,ftc,LOW,The next FTC enforcement action could involve any app that stores health data on company servers.,11bde32c4e505340597bd0bea66057e2ee83f75cd5e731aea65789587fa78f74,body:root.children[10].sentence[1],04aecb5276669cb96793bb0290a69d37a31a8148f051a07ce19e8f655dccb2a6,18ee89b51d718da5c0a82a5ef169daf348f9a6a1c6e3cf5cb1d74bb770dc7068,e8cd847fd14f4d9854ae328352ad1f93f72e83217586df8bc295879bc055c99c,22,167
claim-6f52efb47560bd1867ab,content/listicles/best-period-trackers-heavy-bleeding.mdx,ftc,LOW,The [FTC enforcement action against Flo](/compare/alternatives/flo-app-alternative/) in 2021 established that period app companies have shared this category of health data with advertising platforms.,458ae30fde8f0f9ed9c77b03af3ed6c7f226408f4105ba12f0f3afe8f41232b7,body:root.children[8].sentence[0],3e74dd6c7228ca9f317b9fb7988ea2b64a8411b25e079696b1f75ba20f395a62,74c577f4d7e7b9cbba21c679bb77cc6d285a5f253a491a9cf4a6164618423efd,e8cd847fd14f4d9854ae328352ad1f93f72e83217586df8bc295879bc055c99c,18,6
claim-95eee45cbecbd811d0a0,content/listicles/best-period-trackers-no-data-sharing.mdx,ftc,LOW,The FTC found those claims were not reflected in actual behavior.,25bd7ac5e8d05c937ec8e7558029ae9ac286530346c270b22983e770a6ba4efc,body:root.children[3].sentence[2],6d3d7c4068adb21f97c7526bc38e61919c73c4e7edf65bea60bd4341a5d04cb1,1b0b4a21f47af855bd4a8fbf3ce79416b678b15e3f36763f2920f9fe3a3af030,e8cd847fd14f4d9854ae328352ad1f93f72e83217586df8bc295879bc055c99c,8,166
claim-9a7b75ef97ba7044b22f,content/listicles/best-period-trackers-no-data-sharing.mdx,ftc,LOW,The FTC's 2021 enforcement action against Flo documented a pattern that is structurally possible in any cloud-based app with embedded third-party SDKs.,9d9ad8e20dadf463063cb28497a7c0086fba9cd3b2d02099d9c7f147301b1a0c,body:root.children[5].sentence[0],45abb92f176e12e3adcdfde81dcd4418e7d5050d0c8fe6c8c688db21a03838e5,1b0b4a21f47af855bd4a8fbf3ce79416b678b15e3f36763f2920f9fe3a3af030,e8cd847fd14f4d9854ae328352ad1f93f72e83217586df8bc295879bc055c99c,12,5
claim-af56756ec77df723805e,content/listicles/best-period-trackers-no-data-sharing.mdx,ftc,LOW,Flo may not have intended to share data in the way the FTC described.,df32174d8c9470cf6c0d7e854138fc083f50f4dbefc2f091ce9c888b11ada693,body:root.children[5].sentence[2],45abb92f176e12e3adcdfde81dcd4418e7d5050d0c8fe6c8c688db21a03838e5,1b0b4a21f47af855bd4a8fbf3ce79416b678b15e3f36763f2920f9fe3a3af030,e8cd847fd14f4d9854ae328352ad1f93f72e83217586df8bc295879bc055c99c,12,325
claim-eea22a4a13294b3836d1,content/listicles/best-period-trackers-no-data-sharing.mdx,ftc,LOW,This is why on-device storage with no third-party SDKs is the only architecture that cannot produce an FTC enforcement scenario.,128c0bd862b4e70faf01b477bc7cbc67a53fd9204870a8016bb28e4602494521,body:root.children[6].sentence[0],67cd8dc7b6773c060541d779e78e5e64b7bf5169c9a02db6c1771d06068cfc66,1b0b4a21f47af855bd4a8fbf3ce79416b678b15e3f36763f2920f9fe3a3af030,e8cd847fd14f4d9854ae328352ad1f93f72e83217586df8bc295879bc055c99c,14,104
claim-b5cc9b2621075ece4b6d,content/listicles/best-period-trackers-that-work-offline.mdx,ftc,LOW,The distinction matters because the Flo FTC case was specifically about automatic data transmission via embedded SDKs.,e8add14ab41a0c00f2328b2a49f209ac934c90b4b0b4c2601ba0eec6283de545,body:root.children[3].sentence[0],d9eedbfa634cdbb340ebdb984efa15a6aa7e9c565a18fcd5647b5d78c35ddc2d,2874f52542df54f78b35701f420debc44143a094e088808eb8d4c29bbb9e2fb5,e8cd847fd14f4d9854ae328352ad1f93f72e83217586df8bc295879bc055c99c,8,41
claim-fd1d787661337624b8be,content/listicles/best-privacy-first-health-apps.mdx,dollar,LOW,The Flo FTC enforcement action in 2021 and the $59.5M combined settlement in 2025 shifted how many women evaluate period and reproductive health apps.,fa37c41b285e1bbaf9183bb19c8e2b626397a58b46597c27ef04d06f5149c679,body:root.children[1].sentence[0],89d7d10a13cac51e5e5138e08b5f41af695b213d190311a04552a33b7c89adfe,b6b987ff529ed3ec14a423d36c9e223baca3ef7a0acd2e209e4b8f0ba56e582c,e8cd847fd14f4d9854ae328352ad1f93f72e83217586df8bc295879bc055c99c,4,48
claim-e0694ca6c689ee3b12ba,content/listicles/best-privacy-first-health-apps.mdx,ftc,LOW,The Flo FTC enforcement action in 2021 and the $59.5M combined settlement in 2025 shifted how many women evaluate period and reproductive health apps.,fa37c41b285e1bbaf9183bb19c8e2b626397a58b46597c27ef04d06f5149c679,body:root.children[1].sentence[0],89d7d10a13cac51e5e5138e08b5f41af695b213d190311a04552a33b7c89adfe,b6b987ff529ed3ec14a423d36c9e223baca3ef7a0acd2e209e4b8f0ba56e582c,e8cd847fd14f4d9854ae328352ad1f93f72e83217586df8bc295879bc055c99c,4,9
claim-6c19c4e2f2f8aff8308c,content/listicles/best-privacy-first-health-apps.mdx,ftc,LOW,The FTC's enforcement action against Flo specifically referenced the sensitivity of this data category.,5654d2dc50b9c20790eaadf2e16fe4d320bb9fd690f5ab10181c029cba83e18b,body:root.children[4].sentence[2],2a153e4b67f163d3363ea74e49db6c6a79e62ec41aede60c197fd8161ec71af1,b6b987ff529ed3ec14a423d36c9e223baca3ef7a0acd2e209e4b8f0ba56e582c,e8cd847fd14f4d9854ae328352ad1f93f72e83217586df8bc295879bc055c99c,10,270
claim-b273670317052a71766e,content/listicles/best-privacy-first-period-trackers.mdx,ftc,LOW,"We gave zero weight to privacy policy language because policy and architecture are independent variables, as Flo's FTC settlement demonstrated.",5dc383ae2af1338ab9e52d155c15e3e657c40e6c2f8cf53f698f8018ca2fbf94,body:root.children[1].sentence[2],f636bc99652422eb2fc933fee38935e43638c68651df9125aef25c73f292a60f,ad2eadb5e9c9337892520b1994aebeb53f32a298e7a935a4e744cbd04b229150,e8cd847fd14f4d9854ae328352ad1f93f72e83217586df8bc295879bc055c99c,4,324
claim-a6bb69ce1cfa094fa0d4,content/listicles/best-privacy-first-period-trackers.mdx,ftc,LOW,"With server-based US apps (Flo), you trust a privacy policy enforced by the FTC after the fact.",20cfdd76e9080cf34d0c71c84c12b0ee311d39547c103f455c15d1c1dc2fbd45,body:root.children[8].sentence[4],588f0c9579453f9a9c3b619b7292fbe3bb5ef326c5e438e7fedcc0563c512bba,ad2eadb5e9c9337892520b1994aebeb53f32a298e7a935a4e744cbd04b229150,e8cd847fd14f4d9854ae328352ad1f93f72e83217586df8bc295879bc055c99c,18,403
claim-9f745d28c5456610fee2,content/listicles/best-private-period-tracker-apps.mdx,ftc,LOW,The FTC enforcement actions against Flo (2021) and Premom (2023) show that privacy policies can be violated.,ffe6c104fe562976502c3c2fc1575cad42aee48d954c456e5f5fd4859b53744c,body:root.children[1].sentence[1],91c6bcf91e657f64624c33a41e098fe0817ee33f266d56b8bc9cf652e48cd277,fb8c19981ab4fea18962f9d83698b4b2e6641e262f5b44031eed7b13a6e34608,e8cd847fd14f4d9854ae328352ad1f93f72e83217586df8bc295879bc055c99c,4,147
claim-fa1290a0e8b1bd01a639,content/listicles/best-private-period-tracker-apps.mdx,named-case,LOW,This is the core argument for on-device trackers in the post-Dobbs environment.,5fb6929f8f03aea81df947cba44146db79de41de0865d626dde369cf98b8e64a,body:root.children[2].sentence[1],ab14801fe8d1d15dace3273beb21949c223f5e373a4a7c00b252a3acb31d3250,fb8c19981ab4fea18962f9d83698b4b2e6641e262f5b44031eed7b13a6e34608,e8cd847fd14f4d9854ae328352ad1f93f72e83217586df8bc295879bc055c99c,6,251
claim-1d9f846e1099622fbf83,content/listicles/period-tracking-apps-without-ads.mdx,dollar,LOW,"Flo's $59.5M combined FTC settlement was the most visible consequence of this model, but the incentive structure exists across the ad-funded period tracking industry.",e2098396c8ffd2291c220b445f1309c0e08212676190803dbbd081aba89e6215,body:root.children[1].sentence[0],321aa896bedceeed5221e72a9fe59204498554c7fd413148448161024f6e7622,5694ba78deb72a9a997fb73d129331cf62afb4222811c8b67e0c2ef3a2af99cb,e8cd847fd14f4d9854ae328352ad1f93f72e83217586df8bc295879bc055c99c,4,7
claim-a7e94aa29549d9e87cae,content/listicles/period-tracking-apps-without-ads.mdx,ftc,LOW,"Flo's $59.5M combined FTC settlement was the most visible consequence of this model, but the incentive structure exists across the ad-funded period tracking industry.",e2098396c8ffd2291c220b445f1309c0e08212676190803dbbd081aba89e6215,body:root.children[1].sentence[0],321aa896bedceeed5221e72a9fe59204498554c7fd413148448161024f6e7622,5694ba78deb72a9a997fb73d129331cf62afb4222811c8b67e0c2ef3a2af99cb,e8cd847fd14f4d9854ae328352ad1f93f72e83217586df8bc295879bc055c99c,4,23
claim-177ebb7996ae5cc73145,content/pricing-breakdowns/clue-plus-pricing-vs-privacy-cost.mdx,dollar,LOW,[Clue](/compare/alternatives/clue-alternative-no-cloud/) has two tiers: free and Plus at $9.99/mo or $59.99/yr.,e604333bf98b2c84171460f713991edfa53b6f93293f573c710b4d138450c6b2,body:root.children[1].sentence[0].occurrence[0],736259ef0f9968346dcefb7dd14b414544a07adb37a6cf6c4a04dc758ab63cae,fa77b16519560d762f5573a5abf9c1a219c33d0edc9ceaf43a5313dc40c9e910,e8cd847fd14f4d9854ae328352ad1f93f72e83217586df8bc295879bc055c99c,4,90
claim-04d163013c2222e30a29,content/pricing-breakdowns/clue-plus-pricing-vs-privacy-cost.mdx,dollar,LOW,[Clue](/compare/alternatives/clue-alternative-no-cloud/) has two tiers: free and Plus at $9.99/mo or $59.99/yr.,e604333bf98b2c84171460f713991edfa53b6f93293f573c710b4d138450c6b2,body:root.children[1].sentence[0].occurrence[1],736259ef0f9968346dcefb7dd14b414544a07adb37a6cf6c4a04dc758ab63cae,fa77b16519560d762f5573a5abf9c1a219c33d0edc9ceaf43a5313dc40c9e910,e8cd847fd14f4d9854ae328352ad1f93f72e83217586df8bc295879bc055c99c,4,102
claim-1021b6103dd20851ece4,content/pricing-breakdowns/clue-plus-pricing-vs-privacy-cost.mdx,ftc,LOW,Flo shared reproductive health data with Facebook and Google before the FTC intervened.,a863528d3f9343e854ec95a79edcaa2fe122c479a9a06a44c024690c6440ab91,body:root.children[2].sentence[2],4011fe05b04a689e62cbd08c8a104cc092ffa3cd07f152327099b36fb333a3e8,fa77b16519560d762f5573a5abf9c1a219c33d0edc9ceaf43a5313dc40c9e910,e8cd847fd14f4d9854ae328352ad1f93f72e83217586df8bc295879bc055c99c,6,197
claim-6b7f01e5e2030f3b3e30,content/pricing-breakdowns/clue-plus-pricing-vs-privacy-cost.mdx,dollar,LOW,"The $9.99/mo buys features, not a different data structure.",416f655471611de55d8ad00d3c8ee78305fd80c4fd2b16808088e432905bbc73,body:root.children[8].sentence[1],0a60cc539adade456c2d1e4efc017281ae1679783aae43e5e03cb03f54c44427,fa77b16519560d762f5573a5abf9c1a219c33d0edc9ceaf43a5313dc40c9e910,e8cd847fd14f4d9854ae328352ad1f93f72e83217586df8bc295879bc055c99c,18,50
claim-506b007a4fa5d2bac519,content/pricing-breakdowns/euki-app-cost.mdx,dollar,LOW,"If $0 is the requirement, Euki is a solid choice.",a6180deefb49a1cbb668aa8203bae861090cd19e16ea3bf0d30781fdcbd187ea,body:root.children[10].sentence[0],031c18b6b218f0625e9d13fc3616caedb9e96d8f153334747bb2e481c66c6ba2,3dca36f4dc7a361cd3bce79d80f062677cb415fae107d04e3a9b35df6108ce51,e8cd847fd14f4d9854ae328352ad1f93f72e83217586df8bc295879bc055c99c,24,4
claim-51c8948b1e0fe3c50c68,content/pricing-breakdowns/flo-premium-pricing-worth-privacy-risk.mdx,dollar,LOW,"Flo has three tiers: a free ad-supported tier, Premium at $4.99/mo, and Premium Plus at $9.99/mo.",908a135af912297e82bc10a712623fafa2f3eaa2a3c2faaeb44825051c5c7f7f,body:root.children[1].sentence[0].occurrence[0],0cf2d65f5fb140778982c438fcb0e8b9bbbf49f935e6a33c491cc0a141fab481,d1e6795f30a17860dd74a5da09537a3d505f8c79f5e884e2f3c2f0efc114e4df,e8cd847fd14f4d9854ae328352ad1f93f72e83217586df8bc295879bc055c99c,4,59
claim-eda12a4b49f610609c1e,content/pricing-breakdowns/flo-premium-pricing-worth-privacy-risk.mdx,dollar,LOW,"Flo has three tiers: a free ad-supported tier, Premium at $4.99/mo, and Premium Plus at $9.99/mo.",908a135af912297e82bc10a712623fafa2f3eaa2a3c2faaeb44825051c5c7f7f,body:root.children[1].sentence[0].occurrence[1],0cf2d65f5fb140778982c438fcb0e8b9bbbf49f935e6a33c491cc0a141fab481,d1e6795f30a17860dd74a5da09537a3d505f8c79f5e884e2f3c2f0efc114e4df,e8cd847fd14f4d9854ae328352ad1f93f72e83217586df8bc295879bc055c99c,4,89
claim-c8709761c66b02cfb77a,content/pricing-breakdowns/flo-premium-pricing-worth-privacy-risk.mdx,dollar,LOW,"In September 2025, a combined $59.5M class action settlement resolved claims by affected users.",644037087be3cb473e85cac2b2e72d897e043754bd82ca4e7664f25254a138db,body:root.children[10].sentence[0],6828fb6e1336b789df2c64a3c99b45afa86397c20842d59f700e635ece368529,d1e6795f30a17860dd74a5da09537a3d505f8c79f5e884e2f3c2f0efc114e4df,e8cd847fd14f4d9854ae328352ad1f93f72e83217586df8bc295879bc055c99c,22,31
claim-7c63a7336cfaa29d54e0,content/pricing-breakdowns/flo-premium-pricing-worth-privacy-risk.mdx,dollar,LOW,"Flo Premium at $4.99/mo buys ad removal, health features, and a privacy control layer on top of server-based storage.",53ffe33675a40ddb2620cd2349aa18d3d04faab055095e6d9745d8fc760a3e0d,body:root.children[12].sentence[0],1fab9372e32f31143e403be8bd2969f18216cd739f93c48a2a717540cd3ecae8,d1e6795f30a17860dd74a5da09537a3d505f8c79f5e884e2f3c2f0efc114e4df,e8cd847fd14f4d9854ae328352ad1f93f72e83217586df8bc295879bc055c99c,26,16
claim-3a2573e399a0348c3061,content/pricing-breakdowns/flo-premium-pricing-worth-privacy-risk.mdx,ftc,LOW,"In 2021, the FTC found that Flo shared user health data with advertising partners.",3471b0c55c17485c30a7e3ecb8caeddb6db9dbd16eeaaa888a0a828ba7554705,body:root.children[8].sentence[0],8dcc41a34828ebdaf809fa131a37cd9eafbcdf59166a9009fc84bcbffa430973,d1e6795f30a17860dd74a5da09537a3d505f8c79f5e884e2f3c2f0efc114e4df,e8cd847fd14f4d9854ae328352ad1f93f72e83217586df8bc295879bc055c99c,18,14
claim-60ded749dc4669f599fc,content/pricing-breakdowns/floriva-pricing-and-value.mdx,dollar,LOW,Free / $79.99/year (Premium),c4bcda1911a02e16d105d0d55f223135b21572b725952143cc87b343f94426b6,body:root.children[2].children[1].children[1],49e603e909774d816053248b4b041b7bce681d08a2393556c95184694819ae93,6cdfc907b40df258c27da7ac1c71096b8cc1cabe3d0c2e52881d6158827c5041,e8cd847fd14f4d9854ae328352ad1f93f72e83217586df8bc295879bc055c99c,8,16
claim-8d5a6a8eaf6b8f1dc9f3,content/pricing-breakdowns/floriva-pricing-and-value.mdx,dollar,LOW,Free / $59.99/year (Plus),cc7887f2b7d93f0da145177b99b72e95cc1a5e31265dde88b6fdd68733caaa4e,body:root.children[2].children[2].children[1],49e603e909774d816053248b4b041b7bce681d08a2393556c95184694819ae93,6cdfc907b40df258c27da7ac1c71096b8cc1cabe3d0c2e52881d6158827c5041,e8cd847fd14f4d9854ae328352ad1f93f72e83217586df8bc295879bc055c99c,9,17
claim-737be97cd2d929b83d2f,content/pricing-breakdowns/floriva-pricing-and-value.mdx,dollar,LOW,$99.99/year or $12.99/month,b1d2623a5af794a7e75ded0ff51fa686fc1123ef5a96854bdaa068d121932a3e,body:root.children[2].children[3].children[1].occurrence[0],49e603e909774d816053248b4b041b7bce681d08a2393556c95184694819ae93,6cdfc907b40df258c27da7ac1c71096b8cc1cabe3d0c2e52881d6158827c5041,e8cd847fd14f4d9854ae328352ad1f93f72e83217586df8bc295879bc055c99c,10,20
claim-035b4b55cb745ff97bfc,content/pricing-breakdowns/floriva-pricing-and-value.mdx,dollar,LOW,$99.99/year or $12.99/month,b1d2623a5af794a7e75ded0ff51fa686fc1123ef5a96854bdaa068d121932a3e,body:root.children[2].children[3].children[1].occurrence[1],49e603e909774d816053248b4b041b7bce681d08a2393556c95184694819ae93,6cdfc907b40df258c27da7ac1c71096b8cc1cabe3d0c2e52881d6158827c5041,e8cd847fd14f4d9854ae328352ad1f93f72e83217586df8bc295879bc055c99c,10,35
claim-50582568b64a227b1687,content/pricing-breakdowns/floriva-pricing-and-value.mdx,dollar,LOW,Free / $9.99/month,64ee51dc85e9013bde3f825d5bb94edd54166b37f7caa1d6b4ccedbec5e54f7b,body:root.children[2].children[4].children[1],49e603e909774d816053248b4b041b7bce681d08a2393556c95184694819ae93,6cdfc907b40df258c27da7ac1c71096b8cc1cabe3d0c2e52881d6158827c5041,e8cd847fd14f4d9854ae328352ad1f93f72e83217586df8bc295879bc055c99c,11,21
claim-17e4bb75e4048b7cb2b2,content/pricing-breakdowns/floriva-pricing-and-value.mdx,ftc,LOW,"**Privacy-conscious users who do not want to be the product:** Anyone who has read the Flo FTC complaint and decided that ""free"" apps have costs they do not want to pay.",910b9ef739dfde2bf0bce09e25766c524a4a3c65a6ff21e5c9bde2a2495b55af,body:root.children[26].sentence[0],a1e6d9114fb3d614dab29f968e1b25fac730138436acb415d08aad2098cd8216,6cdfc907b40df258c27da7ac1c71096b8cc1cabe3d0c2e52881d6158827c5041,e8cd847fd14f4d9854ae328352ad1f93f72e83217586df8bc295879bc055c99c,60,92
claim-7327daeaf1c7b0d41851,content/pricing-breakdowns/floriva-pricing-and-value.mdx,ftc,LOW,The FTC charged Flo Health in 2021 because its free tier was paid for with user data.,d1b9c38481e16eeb9b72786df05232c768b82781127cfa6f0b9e08d2c4ee533e,body:root.children[8].sentence[0],7a27c2b41afee7afd7176db53756c1ca5fe866e95f8395fa0e281a00a4e4c2cc,6cdfc907b40df258c27da7ac1c71096b8cc1cabe3d0c2e52881d6158827c5041,e8cd847fd14f4d9854ae328352ad1f93f72e83217586df8bc295879bc055c99c,24,5
claim-d0f00531501014e3d511,content/pricing-breakdowns/maya-period-tracker-pricing.mdx,dollar,LOW,Maya costs $0 and your reproductive health data.,4d07d32acd3fa76d332176db7c350d00aff9c1dec684e37e00f33a2a7c49ca30,body:root.children[22].sentence[0],4e03dde58329a2e52c92ac47a2b187faaf51a52476560116d790d62b2cb3cdad,71b5eb3550be3ff3c3bf07f61505dde548666742305585fb308792c50de6a833,e8cd847fd14f4d9854ae328352ad1f93f72e83217586df8bc295879bc055c99c,49,12
claim-f2bddd235529a25cdead,content/pricing-breakdowns/natural-cycles-pricing-review.mdx,dollar,LOW,Natural Cycles charges $12.99/mo or $99.99/yr.,63b5a3b85620f68fe7f03f288f60d031147f04559344ac2c414519615f9b1258,body:root.children[1].sentence[0].occurrence[0],e4ea4624fa79c93ef02021acf509b1d546eb03092ef75b0626cc14990787c4f5,20d061e617fb1268959533066ce55c64668c783af05cf2e3d8f5e9411c9df5c1,e8cd847fd14f4d9854ae328352ad1f93f72e83217586df8bc295879bc055c99c,4,24
claim-e6665e147ac5890a8d0e,content/pricing-breakdowns/natural-cycles-pricing-review.mdx,dollar,LOW,Natural Cycles charges $12.99/mo or $99.99/yr.,63b5a3b85620f68fe7f03f288f60d031147f04559344ac2c414519615f9b1258,body:root.children[1].sentence[0].occurrence[1],e4ea4624fa79c93ef02021acf509b1d546eb03092ef75b0626cc14990787c4f5,20d061e617fb1268959533066ce55c64668c783af05cf2e3d8f5e9411c9df5c1,e8cd847fd14f4d9854ae328352ad1f93f72e83217586df8bc295879bc055c99c,4,37
claim-c33c6dc6b7aeffa33c21,content/pricing-breakdowns/natural-cycles-pricing-review.mdx,dollar,LOW,"At $99.99/yr, Natural Cycles works out to about $8.33/mo, well above Clue Plus at $59.99/yr.",5881a87d39d780fafb0e673ff4dd99da7d963a5ec61b2aea975130409f226e00,body:root.children[14].sentence[0].occurrence[0],03cf4f0cff7962b13da1ffc6f724a1c6671a62ac8ece442684805a56909a1aa6,20d061e617fb1268959533066ce55c64668c783af05cf2e3d8f5e9411c9df5c1,e8cd847fd14f4d9854ae328352ad1f93f72e83217586df8bc295879bc055c99c,30,4
claim-f0cfc609c5e376c93f22,content/pricing-breakdowns/natural-cycles-pricing-review.mdx,dollar,LOW,"At $99.99/yr, Natural Cycles works out to about $8.33/mo, well above Clue Plus at $59.99/yr.",5881a87d39d780fafb0e673ff4dd99da7d963a5ec61b2aea975130409f226e00,body:root.children[14].sentence[0].occurrence[1],03cf4f0cff7962b13da1ffc6f724a1c6671a62ac8ece442684805a56909a1aa6,20d061e617fb1268959533066ce55c64668c783af05cf2e3d8f5e9411c9df5c1,e8cd847fd14f4d9854ae328352ad1f93f72e83217586df8bc295879bc055c99c,30,49
claim-9974ae3ca52544a171b4,content/pricing-breakdowns/natural-cycles-pricing-review.mdx,dollar,LOW,"At $99.99/yr, Natural Cycles works out to about $8.33/mo, well above Clue Plus at $59.99/yr.",5881a87d39d780fafb0e673ff4dd99da7d963a5ec61b2aea975130409f226e00,body:root.children[14].sentence[0].occurrence[2],03cf4f0cff7962b13da1ffc6f724a1c6671a62ac8ece442684805a56909a1aa6,20d061e617fb1268959533066ce55c64668c783af05cf2e3d8f5e9411c9df5c1,e8cd847fd14f4d9854ae328352ad1f93f72e83217586df8bc295879bc055c99c,30,83
claim-33c6e479a139a4ff361c,content/pricing-breakdowns/natural-cycles-pricing-review.mdx,dollar,LOW,"The figures cited here ($12.99/mo, $99.99/yr) were current at original publication.",88e1c301d1cc9ccc8e3b9962d5cd68789042dbfd2e79e39332dc72f0a54a1358,body:root.children[3].sentence[1].occurrence[0],ed1ccb92a20ee4f8c64f071fd1d7ec66b66e1a3fa5e79e5786f4de48aece5361,20d061e617fb1268959533066ce55c64668c783af05cf2e3d8f5e9411c9df5c1,e8cd847fd14f4d9854ae328352ad1f93f72e83217586df8bc295879bc055c99c,8,74
claim-253480e185fd3d6af5b9,content/pricing-breakdowns/natural-cycles-pricing-review.mdx,dollar,LOW,"The figures cited here ($12.99/mo, $99.99/yr) were current at original publication.",88e1c301d1cc9ccc8e3b9962d5cd68789042dbfd2e79e39332dc72f0a54a1358,body:root.children[3].sentence[1].occurrence[1],ed1ccb92a20ee4f8c64f071fd1d7ec66b66e1a3fa5e79e5786f4de48aece5361,20d061e617fb1268959533066ce55c64668c783af05cf2e3d8f5e9411c9df5c1,e8cd847fd14f4d9854ae328352ad1f93f72e83217586df8bc295879bc055c99c,8,85
claim-64a19535e466ed7f0992,content/pricing-breakdowns/period-tracker-subscription-costs.mdx,ftc,LOW,These are the only two period tracker companies with FTC enforcement on record for data sharing as of early 2026.,31f81b8ef81d26193dc051918da8d163885227877127be9181fbe63b151f5158,body:root.children[10].sentence[0],709941a3a64c332b264c67af27611979e2026f636dfe149a40879ab69bb976a1,ff476d13929b52092ea489a2622994f3e9c4afaadf39de32253bebe260ec5ff9,e8cd847fd14f4d9854ae328352ad1f93f72e83217586df8bc295879bc055c99c,22,54
claim-d5dbd69bc0878c8f21a4,content/pricing-breakdowns/period-tracker-subscription-costs.mdx,ftc,LOW,The FTC documented this with Flo in 2021.,560884de5e922659578f157e60d7d64a4311492177fe7dc8923fcfdde83dca26,body:root.children[2].sentence[2],84b63f5604754c2453c3798e4eb9d1219ea789bf8b772260ae23338171a16e54,ff476d13929b52092ea489a2622994f3e9c4afaadf39de32253bebe260ec5ff9,e8cd847fd14f4d9854ae328352ad1f93f72e83217586df8bc295879bc055c99c,6,130
claim-d9c61cb72afc457da09b,content/pricing-breakdowns/period-tracker-subscription-costs.mdx,dollar,LOW,"**Paid subscription**: Flo Premium ($4.99/mo), Clue Plus ($9.99/mo), Stardust ($7.99/mo), Glow ($9.99/mo), Natural Cycles ($12.99/mo), Floriva (paid, no free tier).",19131f777228fc944ffd9d94fc38b4844a57c22873e7fb4477e3603ebf118b5f,body:root.children[4].sentence[0].occurrence[0],a0e6c9639b239a8d6c4f1f711082e7383d9fcd9d96098f800ba1457bee18931c,ff476d13929b52092ea489a2622994f3e9c4afaadf39de32253bebe260ec5ff9,e8cd847fd14f4d9854ae328352ad1f93f72e83217586df8bc295879bc055c99c,10,37
claim-eb757527644bc751c05a,content/pricing-breakdowns/period-tracker-subscription-costs.mdx,dollar,LOW,"**Paid subscription**: Flo Premium ($4.99/mo), Clue Plus ($9.99/mo), Stardust ($7.99/mo), Glow ($9.99/mo), Natural Cycles ($12.99/mo), Floriva (paid, no free tier).",19131f777228fc944ffd9d94fc38b4844a57c22873e7fb4477e3603ebf118b5f,body:root.children[4].sentence[0].occurrence[1],a0e6c9639b239a8d6c4f1f711082e7383d9fcd9d96098f800ba1457bee18931c,ff476d13929b52092ea489a2622994f3e9c4afaadf39de32253bebe260ec5ff9,e8cd847fd14f4d9854ae328352ad1f93f72e83217586df8bc295879bc055c99c,10,59
claim-f5efedab939ad65dab87,content/pricing-breakdowns/period-tracker-subscription-costs.mdx,dollar,LOW,"**Paid subscription**: Flo Premium ($4.99/mo), Clue Plus ($9.99/mo), Stardust ($7.99/mo), Glow ($9.99/mo), Natural Cycles ($12.99/mo), Floriva (paid, no free tier).",19131f777228fc944ffd9d94fc38b4844a57c22873e7fb4477e3603ebf118b5f,body:root.children[4].sentence[0].occurrence[2],a0e6c9639b239a8d6c4f1f711082e7383d9fcd9d96098f800ba1457bee18931c,ff476d13929b52092ea489a2622994f3e9c4afaadf39de32253bebe260ec5ff9,e8cd847fd14f4d9854ae328352ad1f93f72e83217586df8bc295879bc055c99c,10,80
claim-c5bf5b26459b99de6671,content/pricing-breakdowns/period-tracker-subscription-costs.mdx,dollar,LOW,"**Paid subscription**: Flo Premium ($4.99/mo), Clue Plus ($9.99/mo), Stardust ($7.99/mo), Glow ($9.99/mo), Natural Cycles ($12.99/mo), Floriva (paid, no free tier).",19131f777228fc944ffd9d94fc38b4844a57c22873e7fb4477e3603ebf118b5f,body:root.children[4].sentence[0].occurrence[3],a0e6c9639b239a8d6c4f1f711082e7383d9fcd9d96098f800ba1457bee18931c,ff476d13929b52092ea489a2622994f3e9c4afaadf39de32253bebe260ec5ff9,e8cd847fd14f4d9854ae328352ad1f93f72e83217586df8bc295879bc055c99c,10,97
claim-76544a4216d4e18a856a,content/pricing-breakdowns/period-tracker-subscription-costs.mdx,dollar,LOW,"**Paid subscription**: Flo Premium ($4.99/mo), Clue Plus ($9.99/mo), Stardust ($7.99/mo), Glow ($9.99/mo), Natural Cycles ($12.99/mo), Floriva (paid, no free tier).",19131f777228fc944ffd9d94fc38b4844a57c22873e7fb4477e3603ebf118b5f,body:root.children[4].sentence[0].occurrence[4],a0e6c9639b239a8d6c4f1f711082e7383d9fcd9d96098f800ba1457bee18931c,ff476d13929b52092ea489a2622994f3e9c4afaadf39de32253bebe260ec5ff9,e8cd847fd14f4d9854ae328352ad1f93f72e83217586df8bc295879bc055c99c,10,124
claim-9824a3e7ad9593d19bb7,content/pricing-breakdowns/period-tracker-subscription-costs.mdx,dollar,LOW,The $12.99/mo figure listed here was current at original publication.,520e061353b97ef9c28622a7a9fb6cf28fdb00a63407f3d7f27fabf3798679ef,body:root.children[5].sentence[1],b6e015066b443cef475d867a319969f8d32a937c70c51c7c23124859fab02bb6,ff476d13929b52092ea489a2622994f3e9c4afaadf39de32253bebe260ec5ff9,e8cd847fd14f4d9854ae328352ad1f93f72e83217586df8bc295879bc055c99c,12,54
claim-32ffe87680aef4b3785b,content/pricing-breakdowns/period-tracker-subscription-costs.mdx,ftc,LOW,Two apps in this comparison have documented FTC enforcement actions.,b4ac4b3c5c3f47055bb09e71f767191f91e22f535dfc3fe3691a93241d7625fc,body:root.children[7].sentence[0],6a34e4a8d3e32c9816e3bcb2c98957330e9e514af668b3398b6b1b3c82c8ae8b,ff476d13929b52092ea489a2622994f3e9c4afaadf39de32253bebe260ec5ff9,e8cd847fd14f4d9854ae328352ad1f93f72e83217586df8bc295879bc055c99c,16,45
claim-096d593478cbeee69958,content/pricing-breakdowns/period-tracker-subscription-costs.mdx,ftc,LOW,"**Flo Health (2021)**: The FTC found Flo shared health data, including period dates, pregnancy status, and symptoms, with Facebook and Google advertising SDKs without user consent.",e1e21057c02fc086e3fd62d904d890fbeecc601d5ec7165a7b6dd0021f60e833,body:root.children[8].sentence[0],68b6a9969f931b901da44cc94051e9f245912854c5bcbfe9248cc797dddaa50c,ff476d13929b52092ea489a2622994f3e9c4afaadf39de32253bebe260ec5ff9,e8cd847fd14f4d9854ae328352ad1f93f72e83217586df8bc295879bc055c99c,18,28
claim-ff69ab29fb0cfa49e4aa,content/pricing-breakdowns/period-tracker-subscription-costs.mdx,ftc,LOW,The FTC issued a consent order.,a87e517864715b69068ecbe202193449b4b815cc724ee748a30507f423ce9cc1,body:root.children[8].sentence[1],68b6a9969f931b901da44cc94051e9f245912854c5bcbfe9248cc797dddaa50c,ff476d13929b52092ea489a2622994f3e9c4afaadf39de32253bebe260ec5ff9,e8cd847fd14f4d9854ae328352ad1f93f72e83217586df8bc295879bc055c99c,18,186
claim-0af8c5e1be2f2e2180f0,content/pricing-breakdowns/period-tracker-subscription-costs.mdx,dollar,LOW,"In September 2025, a combined $59.5M class action resolved claims by affected users.",aae735abc2947c29a43315de54e18eed49998fc87868cd5deec12493aa2712ca,body:root.children[8].sentence[2],68b6a9969f931b901da44cc94051e9f245912854c5bcbfe9248cc797dddaa50c,ff476d13929b52092ea489a2622994f3e9c4afaadf39de32253bebe260ec5ff9,e8cd847fd14f4d9854ae328352ad1f93f72e83217586df8bc295879bc055c99c,18,244
claim-d5d17dedea693cbbc447,content/pricing-breakdowns/period-tracker-subscription-costs.mdx,ftc,LOW,**Premom / Easy Healthcare (2023)**: The FTC found Premom shared sensitive health and location data with Chinese analytics firms Umeng and Jiguang without adequate disclosure.,4b4cb278eb4750fdcc75d7c9061dc2dde6b33f07b6364b078ee8299158cfd812,body:root.children[9].sentence[0],491158fbd01730c5e56bd17a3165afe7f4888feed4d03e640036558927f9d092,ff476d13929b52092ea489a2622994f3e9c4afaadf39de32253bebe260ec5ff9,e8cd847fd14f4d9854ae328352ad1f93f72e83217586df8bc295879bc055c99c,20,42
claim-f0735a1b894cbf328ab2,content/pricing-breakdowns/stardust-period-app-pricing.mdx,case-citation,LOW,Stardust launched after Dobbs v. Jackson Women's Health Organization raised public concern about period tracker privacy.,525db7fa140a41d70bf4b10244bb91e07cb33b2dfe7876fa24b5172c5ec04fcb,body:root.children[1].sentence[0],272282fdc520879b3022e72f11edf3c43ace6de76a6ad223a7ec7cec25f473c7,b9a94e9945fa4d5a88a777c4d85d26be059e352ed77d7fdd5c35e4b4818dae1b,e8cd847fd14f4d9854ae328352ad1f93f72e83217586df8bc295879bc055c99c,4,25
claim-9ca8196dfca1e2feb7b7,content/pricing-breakdowns/stardust-period-app-pricing.mdx,named-case,LOW,Stardust launched after Dobbs v. Jackson Women's Health Organization raised public concern about period tracker privacy.,525db7fa140a41d70bf4b10244bb91e07cb33b2dfe7876fa24b5172c5ec04fcb,body:root.children[1].sentence[0],272282fdc520879b3022e72f11edf3c43ace6de76a6ad223a7ec7cec25f473c7,b9a94e9945fa4d5a88a777c4d85d26be059e352ed77d7fdd5c35e4b4818dae1b,e8cd847fd14f4d9854ae328352ad1f93f72e83217586df8bc295879bc055c99c,4,25
claim-1766f7b943d2d1ed4a04,content/pricing-breakdowns/stardust-period-app-pricing.mdx,dollar,LOW,Stardust Premium costs $69.99/yr for policy-based privacy on Stardust's servers.,64046470135e53fef5dcec50a10b7db48e441d362bb41ec3aa793aebc62f59d4,body:root.children[10].sentence[0],3888d0d113f3bba86f5e6733ebad1c187f6c2bf1c7b3247f64486e659186094a,b9a94e9945fa4d5a88a777c4d85d26be059e352ed77d7fdd5c35e4b4818dae1b,e8cd847fd14f4d9854ae328352ad1f93f72e83217586df8bc295879bc055c99c,23,24
claim-437a47e77f753b0f92bb,content/pricing-breakdowns/stardust-period-app-pricing.mdx,dollar,LOW,But there is a distinction worth understanding before paying $7.99/mo for it.,da3eb699299cbbd09170f8091b250484af961ee17f73ff43cf4b153398432b35,body:root.children[2].sentence[2],aea8da0da3c461a087ad61d9892c91a6166d69d0851b843e0627125f9d7794bd,b9a94e9945fa4d5a88a777c4d85d26be059e352ed77d7fdd5c35e4b4818dae1b,e8cd847fd14f4d9854ae328352ad1f93f72e83217586df8bc295879bc055c99c,6,169
claim-f249c302e6650858563d,content/pricing-breakdowns/stardust-period-app-pricing.mdx,ftc,LOW,"This is the same commitment every period tracker makes, including Flo before the FTC found otherwise in 2021.",8e0fad3a6d4326fba08bcd1365b751eff6934fe75ccda2b02d2a3397b7036d8b,body:root.children[4].sentence[2],9d189c03cf4284155c62456afa388970144027cc9f6bb4c6c0bc8b5d350c78e2,b9a94e9945fa4d5a88a777c4d85d26be059e352ed77d7fdd5c35e4b4818dae1b,e8cd847fd14f4d9854ae328352ad1f93f72e83217586df8bc295879bc055c99c,10,165
claim-e98383b5e30028dc84d9,content/pricing-breakdowns/what-does-free-period-tracker-cost-your-data.mdx,ftc,LOW,The FTC's complaint against Flo Health (settled January 2021) provides the clearest documented example of how free period tracking is monetized.,353e02930545b30f96ddd17acf0fbad6ece4bb98deec487b252de230adebf313,body:root.children[16].sentence[0],2d948bee7254fd2685ae09a185b81305da6c9034c4f8e7dc95b9f2ff71108a37,09aa4800ebfc3f5f1d5c37d801419484e01fd6e456f84d025cc17b10c00d2304,e8cd847fd14f4d9854ae328352ad1f93f72e83217586df8bc295879bc055c99c,38,5
claim-88c2cc2891d551d2c8ab,content/pricing-breakdowns/what-does-free-period-tracker-cost-your-data.mdx,ftc,LOW,**What the FTC found:** Unfair and deceptive practices.,7349fc05d52b7e06bd3187783f5915e5214ebedf13bf1dd11ecb54da322c78ed,body:root.children[21].sentence[0],7de3cb39e1c0b62badb08e9934519ace754ca0f2190e7f7d7feb48d0d4ee8c29,09aa4800ebfc3f5f1d5c37d801419484e01fd6e456f84d025cc17b10c00d2304,e8cd847fd14f4d9854ae328352ad1f93f72e83217586df8bc295879bc055c99c,48,12
claim-4898b4f8808af43212f0,content/pricing-breakdowns/what-does-free-period-tracker-cost-your-data.mdx,dollar,LOW,| Monthly subscription | $0 | $X/month |,d0dcfdca1bec3ad91262a9b014f15f6cd019a921576ab7185d3692d519078a30,body:root.children[24].children[1],01c88d943e399bf79ecaea703ac14f2550218fef7acf9f78125677046c5cf907,09aa4800ebfc3f5f1d5c37d801419484e01fd6e456f84d025cc17b10c00d2304,e8cd847fd14f4d9854ae328352ad1f93f72e83217586df8bc295879bc055c99c,56,26
claim-48a5190e49d81709855b,content/pricing-breakdowns/what-does-free-period-tracker-cost-your-data.mdx,ftc,LOW,The FTC documented them.,f4d6ae31dd070e1df3cd00b79affedff06d36f7a78b92ada64018fa63da2fb6a,body:root.children[26].sentence[1],6d1c7389d8fb9c4df9c8eb593d3994da64845df26e26abd4a4fe76d69f5284de,09aa4800ebfc3f5f1d5c37d801419484e01fd6e456f84d025cc17b10c00d2304,e8cd847fd14f4d9854ae328352ad1f93f72e83217586df8bc295879bc055c99c,65,35
claim-7d116ea488d890c61182,content/pricing-breakdowns/what-does-free-period-tracker-cost-your-data.mdx,ftc,LOW,"For these users, free apps with improved practices, such as post-FTC Flo or EU-based Clue's free tier, may be acceptable.",f317d876a8e7f92770b434b2499c90ea23d1675ed94a28187480d0b0d56e4b26,body:root.children[30].sentence[0],ac3529c24aa5b1bb60eecd2de52041004d4fbdd0176a8b28597f5011dfe5e66a,09aa4800ebfc3f5f1d5c37d801419484e01fd6e456f84d025cc17b10c00d2304,e8cd847fd14f4d9854ae328352ad1f93f72e83217586df8bc295879bc055c99c,74,66
claim-09c9dec7334ac4659f37,content/pricing-breakdowns/what-does-free-period-tracker-cost-your-data.mdx,ftc,LOW,The costs you are not paying are visible in the FTC's Flo complaint.,913d6fa5b9d161ef89fcdd93059d6b2309515775ca75e722649b77ab7bcdd146,body:root.children[33].sentence[4],edc057aba86065c103f8e15e1b3a08737a79116d837c23e2c28f33931fd1e3a6,09aa4800ebfc3f5f1d5c37d801419484e01fd6e456f84d025cc17b10c00d2304,e8cd847fd14f4d9854ae328352ad1f93f72e83217586df8bc295879bc055c99c,80,334
claim-171a41c8e2324fccf829,content/pricing-breakdowns/what-does-free-period-tracker-cost-your-data.mdx,ftc,LOW,This is what the FTC documented in its Flo action.,5ffce3cf0625e208161ac8c87299c3e3433e25e2b92a6ad9fb29e345ca32e239,body:root.children[8].sentence[0],caee3c283ceb7bb2464b4148b7d20265d04caf1db2a932b515e3df90aa7ed613,09aa4800ebfc3f5f1d5c37d801419484e01fd6e456f84d025cc17b10c00d2304,e8cd847fd14f4d9854ae328352ad1f93f72e83217586df8bc295879bc055c99c,22,18
claim-07108d5cde6a34b7f4ec,content/privacy-in-practice/adenomyosis-data-privacy-checklist.mdx,ftc,LOW,The FTC says some health apps may still have privacy or breach duties.,802625ea2b3cb8859dc9198f22f918df4708773a0280256e24d3fc9906ef268d,body:root.children[53].sentence[0],71b9bb568a105be425641842ad0d977e09ddb1f9e293ce96eef460472561dda7,1ba5e8f4f811753d10ce20b6eb25149145fecdf82b2521669a612e0147de9924,e8cd847fd14f4d9854ae328352ad1f93f72e83217586df8bc295879bc055c99c,225,5
claim-177e45f6517590f57309,content/privacy-in-practice/android-private-space-period-app-checklist.mdx,ftc,LOW,"FTC guidance tells health app makers to collect less data, build privacy in, limit access, test security, and give clear choices.",528928821732ed30c9784e60a648fd18177d79837347caadde66eb97b318bd6f,body:root.children[37].sentence[0],7445cf5b51e8c5b86a42a26d84cdb7de38fdc7170652a58185dbcb16db63e8e6,e2b0e82626b4901c0fcc0066415974726d5bebe5d43790ac0de50a705927b9a5,e8cd847fd14f4d9854ae328352ad1f93f72e83217586df8bc295879bc055c99c,124,1
claim-b4a1a66bf56482241bb8,content/privacy-in-practice/audit-period-data-on-android.mdx,ftc,LOW,The FTC charged that Premom's developer deceived users by sharing sensitive personal information with third parties.,50c0172130c49055fdf961e15e09d4edcf5ef9236d157a010539114ab9ef0045,body:root.children[1].sentence[1],b6be4277b2519c5f7e92cb2c3d2588f8a468481102755f3460015fb018b534f7,1f05600f9dfad0da024bae9fccfb38f84ee4e65270f1b30cc2fa8f12f956fabe,e8cd847fd14f4d9854ae328352ad1f93f72e83217586df8bc295879bc055c99c,4,45
claim-6013a0bae8ecee947b7a,content/privacy-in-practice/audit-period-data-on-iphone.mdx,ftc,LOW,"The FTC alleged that Flo shared users' health data with Facebook, Google, and analytics providers after telling users it would keep that data private.",4b89aabfc13ae253001e465edb56f91c7bff68b095689f2867ae3f0112eabcca,body:root.children[1].sentence[1],0ca6d5048fe3c06ded5327209170a144c3a211c375dbb3c9bed6dab1ded85856,464a6fad7cfd8ab2b3882c4cfa72390ab03042a46e29e35304f33dcfd1955564,e8cd847fd14f4d9854ae328352ad1f93f72e83217586df8bc295879bc055c99c,4,27
claim-a756f1ac673f3b99214a,content/privacy-in-practice/birth-control-data-privacy-checklist.mdx,ftc,LOW,The FTC says health apps and similar tools can have breach-notice duties when the Health Breach Notification Rule applies.,974c27db94f1c3457c033eb70e6f77aa385d47db19bea9e3d36f056dd8564a35,body:root.children[23].sentence[0],079513a981fa8a394fce80b08f38430e0fcbb3074d72de83a79428525cf18d8d,5b0665bd5d65e6050e873c656974960f33f82a8dc22bd1f8557a7ff3c7452215,e8cd847fd14f4d9854ae328352ad1f93f72e83217586df8bc295879bc055c99c,89,5
claim-1b63fb642b5dde7f2c97,content/privacy-in-practice/can-employer-see-period-tracker-data.mdx,ftc,LOW,The FTC has documented this ecosystem.,e614c8e226991dea2f5cdd691a5b5ef1c11f036915f89a58a66af58e08e4cf4e,body:root.children[14].sentence[0],da41979f29d68a21426be82ad440d885050bf8609f57d918c45213709a5cb09e,992470d046e72ce7177e48b6c0c00b3ba2917355427380ff3a28b3bb97b07b96,e8cd847fd14f4d9854ae328352ad1f93f72e83217586df8bc295879bc055c99c,30,5
claim-399341b2494a6cec9c9a,content/privacy-in-practice/can-employer-see-period-tracker-data.mdx,ftc,LOW,"The FTC found that data brokers sell health condition segments to employers and others, segments with names like ""diabetes interest"" or ""pregnancy"" derived from consumer app behavior.",88c6b13e1066405d092cff90178b78355b8ff66fcc3e062a8f61b95e7b8f6f3b,body:root.children[14].sentence[1],da41979f29d68a21426be82ad440d885050bf8609f57d918c45213709a5cb09e,992470d046e72ce7177e48b6c0c00b3ba2917355427380ff3a28b3bb97b07b96,e8cd847fd14f4d9854ae328352ad1f93f72e83217586df8bc295879bc055c99c,30,44
claim-e2703104cd0b3d3da4ac,content/privacy-in-practice/can-employer-see-period-tracker-data.mdx,ftc,LOW,The FTC's 2021 enforcement action against Flo Health documented that health event data (including pregnancy status and period dates) was transmitted to Facebook and Google via embedded SDKs.,8b88cdce26a719210d58b881b613f8679620fc8431433550d19ed9749d0e7e6f,body:root.children[15].sentence[2],31198846a5fff43f5485e281dbb4bef9959e6c0fee9bebe97c9bdf59b0063e06,992470d046e72ce7177e48b6c0c00b3ba2917355427380ff3a28b3bb97b07b96,e8cd847fd14f4d9854ae328352ad1f93f72e83217586df8bc295879bc055c99c,32,211
claim-a6846500a955fe779827,content/privacy-in-practice/check-period-app-for-trackers.mdx,ftc,LOW,The FTC cases against Flo and Premom are the reason this check matters.,ab2736ac49eaadb44448e362f8c317c2000566b5458efb6ff6f8ed3e583e8f88,body:root.children[1].sentence[0],07ac67b817d766e82fddd319709ec43478af3941f1e2490a491d1d887d4a5721,693518ab6444c45c1ef40548ab42f0cab1da2a579d9ee722661fdb907329fb77,e8cd847fd14f4d9854ae328352ad1f93f72e83217586df8bc295879bc055c99c,4,5
claim-928f316c717dcc108a4b,content/privacy-in-practice/cycle-prediction-data-privacy-checklist.mdx,ftc,LOW,The FTC says health app makers should minimize data and limit access.,6e5e4a59f3b16b767c64d4a98340592c746fa2e86f90c1856f73e4a05611bd62,body:root.children[41].sentence[0],ecb2e1b0343bd163b99621c39dbe057d06b3b7d669c2debc7e04918f0e7eed04,944019e5ae04a9effd922e6bee6aa273d94dc19f08d80a1b6bbd4480e2283a47,e8cd847fd14f4d9854ae328352ad1f93f72e83217586df8bc295879bc055c99c,151,5
claim-4333050e202f424c3b6e,content/privacy-in-practice/data-broker-exposure-check.mdx,ftc,LOW,"The FTC has taken action against brokers selling sensitive location data, but the practice continues in forms the FTC has not yet addressed.",c0efe8f3b7bbc97766fe94147f3d2c19375c21c613e1fe6fae248f0fd7e7799c,body:root.children[11].sentence[2].occurrence[0],a0a2b0d778672076e97ca7822ecbc5545ab0576367f3b3b0c83d4dcdd25cd264,4f5c95bbf20a9d8d20784554664a690b954a38e2bb80e1e98e32cb55dc097340,e8cd847fd14f4d9854ae328352ad1f93f72e83217586df8bc295879bc055c99c,24,151
claim-2f9ac79ea169e1d72104,content/privacy-in-practice/data-broker-exposure-check.mdx,ftc,LOW,"The FTC has taken action against brokers selling sensitive location data, but the practice continues in forms the FTC has not yet addressed.",c0efe8f3b7bbc97766fe94147f3d2c19375c21c613e1fe6fae248f0fd7e7799c,body:root.children[11].sentence[2].occurrence[1],a0a2b0d778672076e97ca7822ecbc5545ab0576367f3b3b0c83d4dcdd25cd264,4f5c95bbf20a9d8d20784554664a690b954a38e2bb80e1e98e32cb55dc097340,e8cd847fd14f4d9854ae328352ad1f93f72e83217586df8bc295879bc055c99c,24,261
claim-78a29927b035da90c38b,content/privacy-in-practice/digestive-cycle-data-privacy-checklist.mdx,ftc,LOW,The FTC says some health apps and related companies may still have privacy or breach duties.,9afdafed060e3c267bcedf123918077c032570e9529974d3f5ca4acb975224da,body:root.children[37].sentence[0],b0e91f23cc50808a392ad5643e1544898cafd07bc09f442ffdc8daa47ec0615c,41c007dba9c3aa4a670fdd8d382d1c731c13242222cda0d01f3c11200c854970,e8cd847fd14f4d9854ae328352ad1f93f72e83217586df8bc295879bc055c99c,168,5
claim-1a7d5e1ed9cffda96e06,content/privacy-in-practice/digital-vs-paper-period-tracking-privacy.mdx,ftc,LOW,"The FTC enforcement action against Flo Health, finalized in 2021, documented what can happen when a cloud-based period tracker embeds third-party analytics SDKs: reproductive health data, including period dates and pregnancy status, was automatically transmitted to Facebook and Google as named health events.",3368527ce831f6f9270190053de008193dbe3535d47ab1e9f602777f48248db5,body:root.children[14].sentence[0],2fb0d542a94e688d4ff40955e1e80f43467933c11d8ea1ae9cafc3af02316eba,7357ed19cfb53ee5e45fc0680094efd04d2e3eda5abbabb42912114618c245f8,e8cd847fd14f4d9854ae328352ad1f93f72e83217586df8bc295879bc055c99c,36,5
claim-cb7f89fa9f2ba46dbca3,content/privacy-in-practice/digital-vs-paper-period-tracking-privacy.mdx,dollar,LOW,A $59.5M class action settlement followed in September 2025 (Reuters).,b0ac8a177df4366e08467b98a5257b192d163d46b824684d6b797c6a789f5dc3,body:root.children[14].sentence[1],2fb0d542a94e688d4ff40955e1e80f43467933c11d8ea1ae9cafc3af02316eba,7357ed19cfb53ee5e45fc0680094efd04d2e3eda5abbabb42912114618c245f8,e8cd847fd14f4d9854ae328352ad1f93f72e83217586df8bc295879bc055c99c,36,313
claim-94954f6c871437e6f29e,content/privacy-in-practice/digital-vs-paper-period-tracking-privacy.mdx,ftc,LOW,"The FTC's action was notable because Flo's SDKs transmitted health events with descriptive labels, but the basic pattern of health data reaching analytics companies through SDK integrations is widespread.",da5c23f296534d5efad5e962f93b0b803e2fb56b4e0a6db1df6c45c04432412d,body:root.children[15].sentence[2],1fed032757e2635f36bb671112417bda0c33944bca8411d43e627ceb1178726b,7357ed19cfb53ee5e45fc0680094efd04d2e3eda5abbabb42912114618c245f8,e8cd847fd14f4d9854ae328352ad1f93f72e83217586df8bc295879bc055c99c,38,116
claim-64676ce03257d3ba0079,content/privacy-in-practice/digital-vs-paper-period-tracking-privacy.mdx,ftc,LOW,Documented risk (Flo FTC case),7ddb3bdefa5ee2e5872f0397bb98dc9e473018cc89f8fd51fdc2b7ca1b9b778c,body:root.children[18].children[1].children[2],7fbb91d9e275c30574a21cbf2b8d276b59abc0e3e2cf9dbce1ed642bb0cd31b2,7357ed19cfb53ee5e45fc0680094efd04d2e3eda5abbabb42912114618c245f8,e8cd847fd14f4d9854ae328352ad1f93f72e83217586df8bc295879bc055c99c,48,56
claim-4433cfca804d92f27540,content/privacy-in-practice/emergency-contraception-data-privacy-checklist.mdx,ftc,LOW,The FTC tells health app makers to minimize data and limit access.,22e1ceed5000a3634b29ceac96a4d8d74f3a2803b0a917c98885256952aaaac2,body:root.children[56].sentence[0],d7dfd95155a278f646436cf89f741c3190ce7ce7a20b58dc9a3b1dfb42fbdbad,8476eb689d5a324d6dcf4b008c22e9313fbfa52f2f8892c73b6bee61546992f0,e8cd847fd14f4d9854ae328352ad1f93f72e83217586df8bc295879bc055c99c,189,5
claim-0ea77155312752f06fa5,content/privacy-in-practice/endometriosis-data-privacy-checklist.mdx,ftc,LOW,The FTC says consumer health apps may have privacy and breach duties even when HIPAA does not cover them.,f73523ff8ae4042103e49656c62fadd0c304e1c85a3ee2336e5b6274519fa7e6,body:root.children[35].sentence[0],2eb6c32bb37f12ca1ed899bd678a4da426e67c1cf9a69c19815424721890db56,057036b78faede07b61579a0bedc6a01815bf34fd3935a50c280280fdec77279,e8cd847fd14f4d9854ae328352ad1f93f72e83217586df8bc295879bc055c99c,164,5
claim-719af68dfc3e09a719d2,content/privacy-in-practice/focus-mood-cycle-data-privacy-checklist.mdx,ftc,LOW,"The FTC says websites and apps can use tools like cookies, pixels, device fingerprinting, and advertising identifiers to collect information.",03eeb4edc598f8a5741f35160b7a89be096dd00e6d57ebd0f2be939684ea500a,body:root.children[23].sentence[0],91d938190e51d643210d7275647e036540d70125335c8488931c35450dc5c746,96feeba0c0a73bbec95562c89d4c15bbe60a348ab912b3f088c0be150cf191ab,e8cd847fd14f4d9854ae328352ad1f93f72e83217586df8bc295879bc055c99c,92,5
claim-72f0ac7d82db843d3074,content/privacy-in-practice/focus-mood-cycle-data-privacy-checklist.mdx,ftc,LOW,"The FTC Mobile Health Apps Interactive Tool also points developers to laws that may apply, including HIPAA, the FTC Act, and the Health Breach Notification Rule.",f96286cce9c13e220583080bcbbf70c672a1d052352592dce4ea32cacb61b791,body:root.children[31].sentence[0].occurrence[0],762741ad2cdb744fb2ec1af0e651a3bd53de59a2b905d93e8801cdac9621f71d,96feeba0c0a73bbec95562c89d4c15bbe60a348ab912b3f088c0be150cf191ab,e8cd847fd14f4d9854ae328352ad1f93f72e83217586df8bc295879bc055c99c,118,5
claim-1c986355825f0f49c5f4,content/privacy-in-practice/focus-mood-cycle-data-privacy-checklist.mdx,ftc,LOW,"The FTC Mobile Health Apps Interactive Tool also points developers to laws that may apply, including HIPAA, the FTC Act, and the Health Breach Notification Rule.",f96286cce9c13e220583080bcbbf70c672a1d052352592dce4ea32cacb61b791,body:root.children[31].sentence[0].occurrence[1],762741ad2cdb744fb2ec1af0e651a3bd53de59a2b905d93e8801cdac9621f71d,96feeba0c0a73bbec95562c89d4c15bbe60a348ab912b3f088c0be150cf191ab,e8cd847fd14f4d9854ae328352ad1f93f72e83217586df8bc295879bc055c99c,118,113
claim-776c001d5cdcf588c6d5,content/privacy-in-practice/how-to-audit-your-phone-period-data.mdx,bill-number,LOW,"Under California CCPA, Nevada SB 370, and Washington MHMD, companies must honor deletion requests from residents of those states",39df9d3c28438a7fcbe9a24f1ef7639178531c1231d396ed44ede811a99726a3,body:root.children[46].children[2].children[0].sentence[0],73532ae00f3df6352caef3a542fab4d8e0c92c7ceaca5ffe6e46f8cf85bda93b,6027a048a6b0b0d42e23c30eb0bb2436e2c3ea8aba646cd3ae62c2ffae113dde,e8cd847fd14f4d9854ae328352ad1f93f72e83217586df8bc295879bc055c99c,112,33
claim-cee9b4b062cc562905a5,content/privacy-in-practice/insurance-period-data-risks.mdx,percent,LOW,"**Key point:** Wellness program participation is technically voluntary under EEOC rules, but employers can offer incentives up to 30% of self-only health coverage cost.",fdd4d5555b5357536f2a26d3631c6d1a365fe803b06609058973665dd153c1eb,body:root.children[12].sentence[0],4e64715940fd7bae8b713c41140c08d392cb800c6379924e60116f6990f3bc3a,28879d61fdf95ed65d7736c862579845f962058b56894ddd536e08d268d6b744,e8cd847fd14f4d9854ae328352ad1f93f72e83217586df8bc295879bc055c99c,28,131
claim-1af9b2287cb1650a2835,content/privacy-in-practice/insurance-period-data-risks.mdx,ftc,LOW,The FTC Act (which prohibits deceptive practices),5e5ab4489aa939dfbebb6a6eb7294864d1ffdefe94a7de2e9bf1f1763cf0746f,body:root.children[5].children[1].children[0].sentence[0],39e8541b1846bd8631087d1c37a137690c1881c24afa439bb09bce28f28bd8df,28879d61fdf95ed65d7736c862579845f962058b56894ddd536e08d268d6b744,e8cd847fd14f4d9854ae328352ad1f93f72e83217586df8bc295879bc055c99c,12,7
claim-5b60be8d2b7a3539723c,content/privacy-in-practice/insurance-period-data-risks.mdx,ftc,LOW,"The FTC can act against deceptive practices, as it did in the Flo case, but it cannot prevent data practices that are disclosed in a privacy policy.",7f5e8cfc6747ca9e83ea2abddd6c7f71b6ef0897ada0a4b46006311520d05504,body:root.children[6].sentence[1],0b8b5dcdf3b0975fc495ede68ffe7c49e8941434ae41e5a6c80ce0115926a2b7,28879d61fdf95ed65d7736c862579845f962058b56894ddd536e08d268d6b744,e8cd847fd14f4d9854ae328352ad1f93f72e83217586df8bc295879bc055c99c,16,66
claim-3d6040ba0490a212c8dc,content/privacy-in-practice/iphone-hide-period-app-privacy-checklist.mdx,ftc,LOW,"FTC guidance tells health app makers to use privacy by design, collect less data, use access controls, test security, and give clear choices.",bc73f6a923927b2f32abfe01a8670744e2b5a661fbbab264efcea58f8dd8df99,body:root.children[32].sentence[0],6f0d082df6cf12babe5b67e340197cb3d44b20b268a4769a6008cec2948e2782,c28d18dde3b3c5a3105deb9243e0475cdb7d4af142d620ebdb92e4bcbd142a30,e8cd847fd14f4d9854ae328352ad1f93f72e83217586df8bc295879bc055c99c,103,1
claim-1a3e08c2beaa48d3883c,content/privacy-in-practice/partner-sync-privacy-checklist.mdx,ftc,LOW,The FTC has brought cases against period and fertility apps over health data sharing.,9141591f9e04280128eb9ad57754adec5fffb1093a98e8bcd305bce4f074d1e6,body:root.children[28].sentence[0],a9caa14fd2b305b4f8caf092a991a4bf0e1a16a0626fe5377638befcfb5adfa5,1fd4c69ef0e36793ec4f9a4b589ccca124f4b29b5e7560c9b7f5c7008737bf55,e8cd847fd14f4d9854ae328352ad1f93f72e83217586df8bc295879bc055c99c,100,5
claim-dd1e62438f3536d2ab70,content/privacy-in-practice/pcos-data-sharing-privacy-checklist.mdx,ftc,LOW,The FTC says health apps and similar tools can fall under its health breach rule when HIPAA does not cover them.,c491ba18b106020bb01d98431d5da07ff220c9ea49bd078bbc59dc8eb5621ac8,body:root.children[18].sentence[0],b65d3d79c212828be018423826850e17464a8d76352f36a2f33b2a021038e282,b36c06beb879682f301eee7e31de54c91e1d10ba8b0cd660376017c8f21cc163,e8cd847fd14f4d9854ae328352ad1f93f72e83217586df8bc295879bc055c99c,71,5
claim-0bccf82c495f79683615,content/privacy-in-practice/pcos-symptom-documentation-insurance.mdx,ftc,LOW,"The FTC has documented health data broker practices, and researchers have shown that inferred health conditions, including menstrual irregularities, appear in commercial data profiles.",0467cc128f96693bbf2b2f26a1de58d9d92716c304a33a6fdcf14b48d8971951,body:root.children[15].sentence[2],ddf77a614269a3834a7e599dcb4a759997142eb69b4d832bf9aa1579b37cde46,3f1dfeee1e36ea3a83b5326717f4546aaa5d59b8cc5139e03c4281f6578fc98e,e8cd847fd14f4d9854ae328352ad1f93f72e83217586df8bc295879bc055c99c,32,221
claim-d83b5af1a4d6b47c8102,content/privacy-in-practice/pcos-symptom-documentation-insurance.mdx,ftc,LOW,"Flo stores your health data on servers and has a documented history of transmitting it to third-party advertising platforms (Facebook and Google, per the 2021 FTC enforcement action).",e47c3ec34d2dc19a59f7f4eca9356d0345a029de9e58ae4c4ff2ccda14fd02c2,body:root.children[17].sentence[0],15b05c850a6322343a81abdf5deaac822fb32b2d2871d4d1c48f5ffed82c7357,3f1dfeee1e36ea3a83b5326717f4546aaa5d59b8cc5139e03c4281f6578fc98e,e8cd847fd14f4d9854ae328352ad1f93f72e83217586df8bc295879bc055c99c,36,160
claim-d1aebb438f14723a0f59,content/privacy-in-practice/pcos-symptom-documentation-insurance.mdx,dollar,LOW,"Even after the $59.5M class action settlement in 2025 and the changes Flo made to its practices, the server-based model means your data exists somewhere outside your device.",a280625235bb885866f216419a52be4806b92128a8728450c4cf2d07d073a6bb,body:root.children[17].sentence[1],15b05c850a6322343a81abdf5deaac822fb32b2d2871d4d1c48f5ffed82c7357,3f1dfeee1e36ea3a83b5326717f4546aaa5d59b8cc5139e03c4281f6578fc98e,e8cd847fd14f4d9854ae328352ad1f93f72e83217586df8bc295879bc055c99c,36,200
claim-5d9a04b8e2d6ed042e49,content/privacy-in-practice/perimenopause-data-privacy-checklist.mdx,ftc,LOW,The FTC says some health apps and similar tools can have breach-notice duties when its health breach rule applies.,5e792e98618141d54f5cd747c709cb99b6489285714fa61da8f3e7b0854b60f9,body:root.children[21].sentence[0],5633a429dc26314723be5c18b7ed59afc5c40fb87dde8d8f5c095ee4b2467957,da7cc00d63e4d23f5f4983f73720cbbc1e5a3df2e8dc8ae9b95281ae357dbd88,e8cd847fd14f4d9854ae328352ad1f93f72e83217586df8bc295879bc055c99c,86,5
claim-7ef90bd56ceb619a6259,content/privacy-in-practice/period-anxiety-data-privacy-checklist.mdx,ftc,LOW,The FTC tool points to laws that may apply.,d6b7209f2758fe3465234912c632f534814cc33f736ebe80cf1cb4943b6b6f9d,body:root.children[26].sentence[0],33e06fed991f991ac13ef2e5d65110008d3c6edee5e6a9afde4bc40e0978d47b,ca266a4533912590b68c0be6b6fd25fa2d0ddcec0e76e4fa4dd95dfd17e0bef7,e8cd847fd14f4d9854ae328352ad1f93f72e83217586df8bc295879bc055c99c,88,5
claim-4782d5e51865af10de23,content/privacy-in-practice/period-app-data-criminal-investigation-risk.mdx,named-case,LOW,It is a legal question with a clear answer and at least one documented post-Dobbs precedent.,1caac1501c22c1c6e5d5b720c2a47d915880819a9d5432a85edb5ced62488704,body:root.children[0].sentence[1],16f51821b72516fce00eba4573c820a5ac57052e5e034d02f73aa9629919092c,f79383feec972780274b942b2e5066f350a2ae82f504811d780c426f2c55a203,e8cd847fd14f4d9854ae328352ad1f93f72e83217586df8bc295879bc055c99c,2,177
claim-b7a80196e66bbc7f5fe8,content/privacy-in-practice/period-app-data-criminal-investigation-risk.mdx,named-case,LOW,"In June 2022, following the Dobbs decision, Nebraska law enforcement investigated a 17-year-old and her mother for a medication abortion.",755181c0b6b6335462260815ad9e26d301b8abbfb9283a82ad20f758ddc97de1,body:root.children[2].sentence[0],aa294b585487bdd71482166f3ac77bb1219a05ea835fdd8856a6563cce8f0a02,f79383feec972780274b942b2e5066f350a2ae82f504811d780c426f2c55a203,e8cd847fd14f4d9854ae328352ad1f93f72e83217586df8bc295879bc055c99c,6,29
claim-1bada761294da721c6f6,content/privacy-in-practice/period-app-data-criminal-investigation-risk.mdx,case-citation,LOW,"The Supreme Court carved out an exception for location data in Carpenter v. United States (2018), holding that cell site location information required a warrant due to its comprehensive nature.",aadfe7a7b0f29295a6a6142ded27483df8dae38ef8a003714e56e1bdb65da11f,body:root.children[21].sentence[0],b4db96f76ef8ea4ff86f90b0d6566452f4c5a27594ccee5810f481a00128dd64,f79383feec972780274b942b2e5066f350a2ae82f504811d780c426f2c55a203,e8cd847fd14f4d9854ae328352ad1f93f72e83217586df8bc295879bc055c99c,48,64
claim-c4da96e0a031094d82a6,content/privacy-in-practice/period-app-data-criminal-investigation-risk.mdx,ftc,LOW,**Flo Health (post-FTC settlement):** Has stated it would notify users of law enforcement requests unless legally prohibited from doing so.,529d5cf310c5cc8d090b3d00df290c4bd8691c90f30c10f792abb2e538d16d42,body:root.children[29].children[0].children[0].sentence[0],f0d184fdae081928fa4aa8207c0fedbac9c2c66522fd296dad6c4366ebb5b2de,f79383feec972780274b942b2e5066f350a2ae82f504811d780c426f2c55a203,e8cd847fd14f4d9854ae328352ad1f93f72e83217586df8bc295879bc055c99c,64,22
claim-e64364bfbb9f6237ac3c,content/privacy-in-practice/period-app-location-permission-audit.mdx,ftc,LOW,The FTC case against Flo is the reason to check quiet settings.,96c4866e806848c96740449d384491dec8cad65e18f374fc2ede8298796a723c,body:root.children[2].sentence[0],e9734bc74daf9ebfa4bf99a110d80021e30ddd53e858dd12417213c752bfe0f2,c3f4bf0181a5dd70ab51ed831765c36b9a78ae9e44706aae1b92866517e7cb31,e8cd847fd14f4d9854ae328352ad1f93f72e83217586df8bc295879bc055c99c,6,5
claim-ed46aed72561bf701d65,content/privacy-in-practice/period-cramp-data-privacy-checklist.mdx,ftc,LOW,The FTC says more than one federal law may apply to a mobile health app.,1d0ecd80c4aae854e1237aac78f89d9de55eeb5294e17b4d66b2c698cd563da4,body:root.children[18].sentence[0],44dfc1f14687c94577d1b4547005e1d1685da9f175705de942035cf06c9b31b3,5a4544c78b107e3a8c51c8e2d4967309bf9b61d365ca96b4fb6ffe9992fd73f2,e8cd847fd14f4d9854ae328352ad1f93f72e83217586df8bc295879bc055c99c,77,5
claim-d86f2692479a3d2d6226,content/privacy-in-practice/period-cramp-data-privacy-checklist.mdx,ftc,LOW,The FTC tells health app developers to minimize data.,f3baf6cf837753e9be3a929b67092a9346bb1e7960c4fb4ab80773fd8e2fb191,body:root.children[9].sentence[0],6afe98a38a8940f0814942688bba49730d56414428e914c1b8e2528e034f2522,5a4544c78b107e3a8c51c8e2d4967309bf9b61d365ca96b4fb6ffe9992fd73f2,e8cd847fd14f4d9854ae328352ad1f93f72e83217586df8bc295879bc055c99c,39,5
claim-53066828e4311002dbb2,content/privacy-in-practice/period-data-for-endometriosis-diagnosis.mdx,dollar,LOW,"Flo's history includes a 2021 FTC enforcement action and a $59.5M class action settlement in 2025, both documenting that the company transmitted health data to advertising platforms without meaningful user consent.",659589814e1e309de3c718d5d6ca221fd987cc66c4d5489bb52543ce4568a976,body:root.children[23].sentence[2],ca39cd1ec96c8d055c9067dca4f6deb7bc308c825abd2391ae15b49ef6152038,5b3a0b06942dc53c810fa061f9995d76ef5b21042791f0797e5cdac6c17caedf,e8cd847fd14f4d9854ae328352ad1f93f72e83217586df8bc295879bc055c99c,48,241
claim-403b0490cd2ae51d83c0,content/privacy-in-practice/period-data-for-endometriosis-diagnosis.mdx,ftc,LOW,"Flo's history includes a 2021 FTC enforcement action and a $59.5M class action settlement in 2025, both documenting that the company transmitted health data to advertising platforms without meaningful user consent.",659589814e1e309de3c718d5d6ca221fd987cc66c4d5489bb52543ce4568a976,body:root.children[23].sentence[2],ca39cd1ec96c8d055c9067dca4f6deb7bc308c825abd2391ae15b49ef6152038,5b3a0b06942dc53c810fa061f9995d76ef5b21042791f0797e5cdac6c17caedf,e8cd847fd14f4d9854ae328352ad1f93f72e83217586df8bc295879bc055c99c,48,212
claim-8718c5107a8524677800,content/privacy-in-practice/period-flow-change-data-privacy-checklist.mdx,ftc,LOW,Those laws can include HIPAA and FTC rules.,3cd13bd1c48f0200eaf43eabb8c8684077dc984d322affb894b253e595be2e85,body:root.children[42].sentence[0],b7ad943f64a4544ac52475c5991fee8da4b72e7ef3a84163b1b3e2d2d88b37d5,4652ad0b431ee14768affdbba9d8b0f72ee9e3682890ffd96f962936368741b8,e8cd847fd14f4d9854ae328352ad1f93f72e83217586df8bc295879bc055c99c,150,34
claim-594dbc247755a97b8349,content/privacy-in-practice/period-flow-change-data-privacy-checklist.mdx,ftc,LOW,"The FTC says the Health Breach Notification Rule can apply to vendors of personal health records, PHR related entities, and some service providers.",e8f5588a1efc7b2467821daac424391162be20390da3c553031ee71ac9aef9ca,body:root.children[44].sentence[0],a8df258d6ed47ecaa345fd552dcac5b3da94d5fbd49a378e9beeabd1dfb45386,4652ad0b431ee14768affdbba9d8b0f72ee9e3682890ffd96f962936368741b8,e8cd847fd14f4d9854ae328352ad1f93f72e83217586df8bc295879bc055c99c,154,5
claim-0876fb2d091bea7228e1,content/privacy-in-practice/period-flu-data-privacy-checklist.mdx,ftc,LOW,The FTC Health Breach Notification Rule can apply to some health apps and related companies after certain breaches.,62233f6be30608b8d4146e6d5be222bc177ec60bde642779444270004e591c40,body:root.children[36].sentence[0],a73c75e29760cae81c6d32f097974b210375682ccaa02c917de318c722f35cba,e39cb7aeb8664ac13a168dde1eeee5c5c247fadd47574185e9f641d9c9797aa4,e8cd847fd14f4d9854ae328352ad1f93f72e83217586df8bc295879bc055c99c,159,5
claim-ed711a12611db1bdf52f,content/privacy-in-practice/period-pain-location-data-privacy-checklist.mdx,ftc,LOW,"HHS also points health app makers to tools for checking which federal laws may apply, including HIPAA and FTC rules.",b5d958904227268cfdbb975ad244590b78798b619929717e5cf1039fd911d9b7,body:root.children[32].sentence[1],e98c6d19092783c1f3ffcb4d951cc1704a764445347a7f81c8bbda2f959a6e1b,550ac17157a13c52376f34221282b36b3a493dee45b4242490bb5e34f6c54bba,e8cd847fd14f4d9854ae328352ad1f93f72e83217586df8bc295879bc055c99c,134,186
claim-c678425c80240d401008,content/privacy-in-practice/period-pain-location-data-privacy-checklist.mdx,ftc,LOW,"The FTC says the Health Breach Notification Rule can apply to vendors of personal health records, PHR related entities, and some service providers when covered health information is breached.",82cc39796c346d9e294d65492933b44d57ee1141a1a6e5334e57a0a1d6fa4156,body:root.children[34].sentence[0],c4253d44486e0240e3205818f8fdb430e2ece83597e17b832d74142df1d56aa9,550ac17157a13c52376f34221282b36b3a493dee45b4242490bb5e34f6c54bba,e8cd847fd14f4d9854ae328352ad1f93f72e83217586df8bc295879bc055c99c,138,5
claim-f0bdaf25f41f587e4792,content/privacy-in-practice/period-product-symptom-data-privacy-checklist.mdx,ftc,LOW,The FTC says some non-HIPAA health apps and related services may have breach notice duties.,c104e5b1423eee2f3e42bd8157f82b4f08e06a298f9734a503ef01adee75b51a,body:root.children[35].sentence[0],c5cd9894c5952804c404e83756b10955ca3c523ef6d5aefab15b29272d5af4cb,3f8daca94b7c272c9ce0d9a60975784d6c59f8405d82b0aed0938fe3669f7690,e8cd847fd14f4d9854ae328352ad1f93f72e83217586df8bc295879bc055c99c,135,5
claim-8e130be711be90d2fa36,content/privacy-in-practice/period-tracker-data-fertility-clinic.mdx,ftc,LOW,Flo's 2021 FTC enforcement action established that the company transmitted health data including pregnancy status to Facebook and Google without meaningful user consent.,7fb399280685e80d98ae7cfe9f242bcd1c3b0c75b9edb558478b5766170c5cde,body:root.children[22].sentence[1],76f02dd5a3df0c64ebb73854d65354eefebb06b0b90e7aea898902bf622ccc45,d0c58f320c4f8159f9f69feb66ca3c6df0f9f4d60ea2f082d2074e24cde0a605,e8cd847fd14f4d9854ae328352ad1f93f72e83217586df8bc295879bc055c99c,49,166
claim-0b1b27e11f00639a78a3,content/privacy-in-practice/period-tracker-data-fertility-clinic.mdx,dollar,LOW,The $59.5M class action settlement in September 2025 resolved civil claims related to that conduct.,6300e2e34ffc0f769d1dea4894b7db6a12944a90561c008aa99126a120c8c3d6,body:root.children[22].sentence[2],76f02dd5a3df0c64ebb73854d65354eefebb06b0b90e7aea898902bf622ccc45,d0c58f320c4f8159f9f69feb66ca3c6df0f9f4d60ea2f082d2074e24cde0a605,e8cd847fd14f4d9854ae328352ad1f93f72e83217586df8bc295879bc055c99c,49,329
claim-5ae92d1b0a0d270ce500,content/privacy-in-practice/period-tracker-data-insurance-discrimination.mdx,ftc,LOW,The FTC confirmed this clearly in its enforcement action against Flo Health in 2021.,b17aea552dba6c5af328251ac7e119bd6b9d684cc6494f0cc6edafac12e1e32b,body:root.children[2].sentence[1],a96f520947c1ae304b6255b4a67f91767e9e6d5423d3684cea1fcfa978f3fafd,c8a8181b7e3d576d05dd9d74af66c859fd721fa263de3681f10c173485eb8b60,e8cd847fd14f4d9854ae328352ad1f93f72e83217586df8bc295879bc055c99c,6,45
claim-d6f598f177777e03e6de,content/privacy-in-practice/period-tracker-data-insurance-discrimination.mdx,ftc,LOW,"The FTC found Flo shared period dates, pregnancy status, and health symptoms with Facebook and Google.",c98b8388e5cd66144c00bd2a5345d26e16b4449269fba6f6c620addacab83dc2,body:root.children[2].sentence[2],a96f520947c1ae304b6255b4a67f91767e9e6d5423d3684cea1fcfa978f3fafd,c8a8181b7e3d576d05dd9d74af66c859fd721fa263de3681f10c173485eb8b60,e8cd847fd14f4d9854ae328352ad1f93f72e83217586df8bc295879bc055c99c,6,130
claim-a1427fa145f2e29693db,content/privacy-in-practice/period-tracker-data-insurance-discrimination.mdx,ftc,LOW,"The FTC's authority came from general consumer protection law (Section 5 of the FTC Act), not HIPAA, because HIPAA simply didn't apply.",e7a15dff5e556a38ceceda80bdb57ce3b9dae5cc09eac1409ee822584b2802c1,body:root.children[2].sentence[3].occurrence[0],a96f520947c1ae304b6255b4a67f91767e9e6d5423d3684cea1fcfa978f3fafd,c8a8181b7e3d576d05dd9d74af66c859fd721fa263de3681f10c173485eb8b60,e8cd847fd14f4d9854ae328352ad1f93f72e83217586df8bc295879bc055c99c,6,233
claim-310ba69c88697bdd5102,content/privacy-in-practice/period-tracker-data-insurance-discrimination.mdx,ftc,LOW,"The FTC's authority came from general consumer protection law (Section 5 of the FTC Act), not HIPAA, because HIPAA simply didn't apply.",e7a15dff5e556a38ceceda80bdb57ce3b9dae5cc09eac1409ee822584b2802c1,body:root.children[2].sentence[3].occurrence[1],a96f520947c1ae304b6255b4a67f91767e9e6d5423d3684cea1fcfa978f3fafd,c8a8181b7e3d576d05dd9d74af66c859fd721fa263de3681f10c173485eb8b60,e8cd847fd14f4d9854ae328352ad1f93f72e83217586df8bc295879bc055c99c,6,309
claim-d483e92dbab65d19d09a,content/privacy-in-practice/period-tracker-data-insurance-discrimination.mdx,dollar,LOW,The $59.5M class action that settled in September 2025 was a civil action.,9714ee5aee4a1447a6e88d2ff655aae143c5b932de91c163dca122893d940009,body:root.children[2].sentence[4],a96f520947c1ae304b6255b4a67f91767e9e6d5423d3684cea1fcfa978f3fafd,c8a8181b7e3d576d05dd9d74af66c859fd721fa263de3681f10c173485eb8b60,e8cd847fd14f4d9854ae328352ad1f93f72e83217586df8bc295879bc055c99c,6,369
claim-b6f0c3577decdc5522f6,content/privacy-in-practice/period-tracker-data-insurance-discrimination.mdx,ftc,LOW,The FTC found the opposite happened.,c889e0af7f7556b4ccaf9c912b0277d169a5e54985a14af9dfa25a0febe75567,body:root.children[27].sentence[3],42c9de6e77fff996cbdb4190827c2d3392d1e055af25d996091855bb935bfc2c,c8a8181b7e3d576d05dd9d74af66c859fd721fa263de3681f10c173485eb8b60,e8cd847fd14f4d9854ae328352ad1f93f72e83217586df8bc295879bc055c99c,56,319
claim-b2f7de0b15d3bd83650f,content/privacy-in-practice/period-tracker-data-insurance-discrimination.mdx,dollar,LOW,The $59.5M settlement resolved the legal claims; it didn't undo the data exposure.,ea2de96af67dc88c1a75c36cd945854832c97a8fc99c0d1d91486916625e404b,body:root.children[27].sentence[4],42c9de6e77fff996cbdb4190827c2d3392d1e055af25d996091855bb935bfc2c,c8a8181b7e3d576d05dd9d74af66c859fd721fa263de3681f10c173485eb8b60,e8cd847fd14f4d9854ae328352ad1f93f72e83217586df8bc295879bc055c99c,56,356
claim-acc831e651ac6f16de58,content/privacy-in-practice/period-tracker-data-insurance-discrimination.mdx,ftc,LOW,"The FTC's 2014 data broker report and subsequent investigations confirmed that health segment data is sold to and used by insurers for marketing and, in some contexts, underwriting decisions.",51fcf3dc5f97b0c27c0c62c3d02cbb322767f1a2c0a268dd2e8a5cfc22471fe5,body:root.children[8].sentence[1],213027db402f4c11747591240a196454bfe76f5d3fbd3c589de79fcb063c571d,c8a8181b7e3d576d05dd9d74af66c859fd721fa263de3681f10c173485eb8b60,e8cd847fd14f4d9854ae328352ad1f93f72e83217586df8bc295879bc055c99c,18,140
claim-4b3b9d49cbb1df508fe2,content/privacy-in-practice/period-tracker-privacy-audit-parents.mdx,ftc,LOW,"Search for ""[app name] data breach,"" ""[app name] FTC,"" or ""[app name] privacy lawsuit.""",3f2bc4a3f3400c60a05299de660a7722e7475f3c74d7972bcbb1cb9d17d612fe,body:root.children[18].sentence[0],ea05397c62e00ce6d238b479d965110fc1ba88dbdca983a54ea4d7bee5918012,ad0d2f9f4d1490426d47e23acf291ac08345b0d810c93fcb08025916257230f0,e8cd847fd14f4d9854ae328352ad1f93f72e83217586df8bc295879bc055c99c,44,50
claim-164b523b465acd1ec129,content/privacy-in-practice/period-tracker-privacy-audit-parents.mdx,ftc,LOW,The [Flo case](/compare/alternatives/flo-app-alternative) resulted in a major FTC enforcement action.,7c0ff64d3a128716f03827a9602cd991f065538d38fe71fdf5ecb62d94dfa489,body:root.children[18].sentence[2],ea05397c62e00ce6d238b479d965110fc1ba88dbdca983a54ea4d7bee5918012,ad0d2f9f4d1490426d47e23acf291ac08345b0d810c93fcb08025916257230f0,e8cd847fd14f4d9854ae328352ad1f93f72e83217586df8bc295879bc055c99c,44,214
claim-3bac691ee26dfe9e2d40,content/privacy-in-practice/period-tracking-abroad-different-laws.mdx,ftc,LOW,The FTC has jurisdiction and has acted against Flo (2021 enforcement action).,9c9751a9dbfdf6bf2c152834e6c2ce9e168fb93bfd28b28a6e7b6fe6eded1a49,body:root.children[17].sentence[1],7e46dc44dd47bbe4630b4f92af9838524f0d03c2300a462f06489bc215fcd1af,03a1e9d4a749a26db2491e628eb29e1a7103a77c62e4d1bb954e2c2e7c85e705,e8cd847fd14f4d9854ae328352ad1f93f72e83217586df8bc295879bc055c99c,38,64
claim-bff770d1cd368a2f1918,content/privacy-in-practice/period-tracking-abroad-different-laws.mdx,ftc,LOW,"Flo is incorporated in the US; its servers are primarily in the US, meaning US law (and the FTC's jurisdiction) applies to how it handles your data regardless of where you use the app.",aff269567d9995f574ee19545ba33b8cf68f85826ad5b5eca1e79df3f965ecec,body:root.children[2].sentence[1],f8d42e757ad4dd7ca954100763dac679419897955163631536c1e27d80856052,03a1e9d4a749a26db2491e628eb29e1a7103a77c62e4d1bb954e2c2e7c85e705,e8cd847fd14f4d9854ae328352ad1f93f72e83217586df8bc295879bc055c99c,6,176
claim-db240b3a0fcd7001d9ea,content/privacy-in-practice/period-tracking-data-for-doctor-appointments.mdx,dollar,LOW,Flo settled a $59.5M class action in September 2025 following an FTC enforcement action.,f68af6289182423b49d0b6f85e3c44530c030f124bd063ba87da086322bf3537,body:root.children[17].sentence[1],b62be0c7640c69fcca61c083015d3408bb59815db097cdf27a8663bf947ff64f,3e031ed170b2562f8ba686cbca2e06d0829b3e917656034d04aa752176e5c67f,e8cd847fd14f4d9854ae328352ad1f93f72e83217586df8bc295879bc055c99c,36,171
claim-9a9d74df21e5e2cbc929,content/privacy-in-practice/period-tracking-data-for-doctor-appointments.mdx,ftc,LOW,Flo settled a $59.5M class action in September 2025 following an FTC enforcement action.,f68af6289182423b49d0b6f85e3c44530c030f124bd063ba87da086322bf3537,body:root.children[17].sentence[1],b62be0c7640c69fcca61c083015d3408bb59815db097cdf27a8663bf947ff64f,3e031ed170b2562f8ba686cbca2e06d0829b3e917656034d04aa752176e5c67f,e8cd847fd14f4d9854ae328352ad1f93f72e83217586df8bc295879bc055c99c,36,222
claim-112a9739c8d111114e74,content/privacy-in-practice/period-tracking-data-for-doctor-appointments.mdx,ftc,LOW,The FTC found that Flo shared period and pregnancy data with Facebook and Google via embedded SDKs.,d3f9e0d5d16852c54a047601836fbd1e22f6d8cbab3f27d63a8761fff1079f79,body:root.children[17].sentence[2],b62be0c7640c69fcca61c083015d3408bb59815db097cdf27a8663bf947ff64f,3e031ed170b2562f8ba686cbca2e06d0829b3e917656034d04aa752176e5c67f,e8cd847fd14f4d9854ae328352ad1f93f72e83217586df8bc295879bc055c99c,36,250
claim-7833dae7ec0b3127960a,content/privacy-in-practice/period-tracking-workplace-accommodation.mdx,ftc,LOW,"The FTC found that Flo Health shared reproductive health data, including period dates, pregnancy status, and health symptoms, with Facebook and Google.",77f572400e460ca47f15b12969860b55a394d89ce9709bfc72cab23dac726fb3,body:root.children[14].sentence[0],3aafddeac86c619f321344fd75d81a77c7d8fa37e8f6106e4b0f395c2457eec5,46e1e1c24bf9cd743272bd449f020187f0998291fd7d17873e325818f2c565c4,e8cd847fd14f4d9854ae328352ad1f93f72e83217586df8bc295879bc055c99c,33,5
claim-32d9b4c7162d944b52b6,content/privacy-in-practice/pmdd-data-privacy-checklist.mdx,ftc,LOW,The FTC says health apps and similar tools can fall under its health breach rule when HIPAA does not cover them.,c491ba18b106020bb01d98431d5da07ff220c9ea49bd078bbc59dc8eb5621ac8,body:root.children[28].sentence[0],db2d2d58276f3882477e75ecb721107460b0a9d1eac414c40f7e85585d7baa2e,84a5e1962f3d355a871f82fe07c2f92f111ba543dcdab0d3f01870c901b0c43e,e8cd847fd14f4d9854ae328352ad1f93f72e83217586df8bc295879bc055c99c,110,5
claim-6bdcb65b4cdb08ff4c71,content/privacy-in-practice/pms-body-data-privacy-checklist.mdx,ftc,LOW,The FTC Health Breach Notification Rule can apply to some health apps and related companies after certain breaches.,62233f6be30608b8d4146e6d5be222bc177ec60bde642779444270004e591c40,body:root.children[37].sentence[0],b599871cbdacd6a0e73d864f847f1dec7b777e390330632f835a21bbf8dc4967,2581a67ea4852f973c95a1f7c04e0a379c5b41835b04e4ab3fcbde39ce0f512a,e8cd847fd14f4d9854ae328352ad1f93f72e83217586df8bc295879bc055c99c,161,5
claim-019fd5e105351186a767,content/privacy-in-practice/reset-ad-id-after-period-apps.mdx,ftc,LOW,This is why the FTC Flo and Premom cases matter.,68f924a502b2eb164a9c0b1a0365d60cca9943d0adb3ef2af9ab0bc391aaefc5,body:root.children[49].sentence[0],db4988a772b6f3be911bd43a975445875f8e517b61a3d80c33828d609f4f04d2,103fe9a8b2b43a7858e1b33524eeb1f18343f049c58cf09f9382df19807c4cb4,e8cd847fd14f4d9854ae328352ad1f93f72e83217586df8bc295879bc055c99c,164,17
claim-a3fe4cf01d6d4aac9daa,content/privacy-in-practice/samsung-secure-folder-period-app-checklist.mdx,ftc,LOW,"FTC guidance tells health app makers to build privacy in, collect less data, limit access, test security, and give clear choices.",885cd27dbf042e9802ef84fe1876fb0a4e01eb46043f117f2b670c627726ba7c,body:root.children[33].sentence[0],efba31cc7889c76ae2a742beb574d5c35fb14829b9f22f707470b7e12c578764,6ee59a45b7ea897b092b6d18468dfd0325001348cf6bf3ca772cb5643638322d,e8cd847fd14f4d9854ae328352ad1f93f72e83217586df8bc295879bc055c99c,112,1
claim-b5467c594dc17818f4e8,content/privacy-in-practice/school-health-apps-period-tracking-teens.mdx,ftc,LOW,The FTC enforcement action found that Flo shared reproductive health data with Facebook and Google via embedded SDKs.,c3bb9dd93b4622b5eb034d348c29e9478f1826b7d50fc7247ddba88619defd90,body:root.children[13].sentence[2],6f899af51deed423de3a75101aef1ff958ef252691b346781b3b139728d9cdc1,3f30f3d43ccf6f472637eaafd84097794784194bd6fd7029ac6b24fcf38953ff,e8cd847fd14f4d9854ae328352ad1f93f72e83217586df8bc295879bc055c99c,30,54
claim-c854a5135c2f6a64afdc,content/privacy-in-practice/school-health-apps-period-tracking-teens.mdx,since-date,LOW,The legal landscape around reproductive health data has changed since 2022.,3b4be0339eec6d4715766fee9459289cc698fff05ecb94ba8df17d51589dd41b,body:root.children[20].sentence[0],15abbe0d20b7b6019c526e1d064aa1a6c80c223b2a79d0e5348358c5096feb6b,3f30f3d43ccf6f472637eaafd84097794784194bd6fd7029ac6b24fcf38953ff,e8cd847fd14f4d9854ae328352ad1f93f72e83217586df8bc295879bc055c99c,44,65
claim-db1db13aba9c6b604d2d,content/privacy-in-practice/sex-pain-and-bleeding-data-privacy-checklist.mdx,ftc,LOW,The FTC says some health apps and related companies may still have privacy or breach duties.,9afdafed060e3c267bcedf123918077c032570e9529974d3f5ca4acb975224da,body:root.children[37].sentence[0],729e6781ae6255ecbee2ba6852c356704e43879fd3c57f8f087cfe0323544748,5c0abbaaf1fe377d64c574eb473b1e77db9b56c8523e0b5ecfeb639107908ae5,e8cd847fd14f4d9854ae328352ad1f93f72e83217586df8bc295879bc055c99c,165,5
claim-b919dc1091e497013be3,content/privacy-in-practice/sleep-cycle-data-privacy-checklist.mdx,ftc,LOW,The FTC's 2021 Flo case involved allegations that a period and fertility app shared health information with outside analytics providers after privacy promises.,256ebbf8b2c70add1f77d604283b8a206b1b8c6ba8e1a44639afeca569a4e17d,body:root.children[22].sentence[0],93215893f03822db90d35740a467af08f2e742466a7d8b256a0e7f2aaa407ebe,007d2845bd8cb6a982f0aa355eb9100ac3aed1c2886e21b74a6291e75d4eb8d9,e8cd847fd14f4d9854ae328352ad1f93f72e83217586df8bc295879bc055c99c,87,5
claim-dadb29bf2b356dd9cdcc,content/privacy-in-practice/sleep-cycle-data-privacy-checklist.mdx,ftc,LOW,"The FTC Health Breach Notification Rule can apply to some vendors of personal health records, PHR related entities, and service providers after certain breaches.",147dfddd145cd733d114450460cd10afb8c928adc713c87e0e100ded86b6aa42,body:root.children[30].sentence[0],8b98837415f34908e8ba62f8c0b90d26456dcfc3b862171ba78f4e8e9aea4a21,007d2845bd8cb6a982f0aa355eb9100ac3aed1c2886e21b74a6291e75d4eb8d9,e8cd847fd14f4d9854ae328352ad1f93f72e83217586df8bc295879bc055c99c,112,5
claim-ca18cb47d944788c099f,content/privacy-in-practice/telehealth-period-tracking-data-risks.mdx,ftc,LOW,Several states have enacted health data privacy laws that go further than HIPAA and the FTC Act.,a67deb851ed6321768962d0dfd9c1436422d501baf887f60830f0b816f3a54bb,body:root.children[19].sentence[1],1a9a2a71a378ea433b272bd4deb0cc84ecac28bf2d65cb6b839d8d8f3d99e74a,158e5c7ca3016c98a588be303b282de4cbc78b2dc3272292a8cddc2f9029004a,e8cd847fd14f4d9854ae328352ad1f93f72e83217586df8bc295879bc055c99c,40,139
claim-def3f0777da978b2e1f0,content/privacy-in-practice/telehealth-period-tracking-data-risks.mdx,ftc,LOW,"The FTC made this clear in its 2021 enforcement action against Flo Health, which found that Flo shared user reproductive health data with Facebook and Google via embedded analytics SDKs.",e559d1fa6ba0a1d70fc83efdf423325ca64a1b3e8d361a421a527114e76cb966,body:root.children[3].sentence[1],c0dcf06c6b765ea881a43433550b8c124ac0f9ef002390d5ab5f1493050c015c,158e5c7ca3016c98a588be303b282de4cbc78b2dc3272292a8cddc2f9029004a,e8cd847fd14f4d9854ae328352ad1f93f72e83217586df8bc295879bc055c99c,8,54
claim-adf8124ba4ab3411d679,content/privacy-in-practice/telehealth-period-tracking-data-risks.mdx,ftc,LOW,"The FTC used Section 5 of the FTC Act, which prohibits unfair or deceptive trade practices, to take action.",0e1e15b746b1dbd2188edde77840a73533aa3bb69265c4b26f14a7fa729572e9,body:root.children[3].sentence[3].occurrence[0],c0dcf06c6b765ea881a43433550b8c124ac0f9ef002390d5ab5f1493050c015c,158e5c7ca3016c98a588be303b282de4cbc78b2dc3272292a8cddc2f9029004a,e8cd847fd14f4d9854ae328352ad1f93f72e83217586df8bc295879bc055c99c,8,305
claim-c71a44b2986c92d696db,content/privacy-in-practice/telehealth-period-tracking-data-risks.mdx,ftc,LOW,"The FTC used Section 5 of the FTC Act, which prohibits unfair or deceptive trade practices, to take action.",0e1e15b746b1dbd2188edde77840a73533aa3bb69265c4b26f14a7fa729572e9,body:root.children[3].sentence[3].occurrence[1],c0dcf06c6b765ea881a43433550b8c124ac0f9ef002390d5ab5f1493050c015c,158e5c7ca3016c98a588be303b282de4cbc78b2dc3272292a8cddc2f9029004a,e8cd847fd14f4d9854ae328352ad1f93f72e83217586df8bc295879bc055c99c,8,331
claim-6c12095e079658f43906,content/privacy-in-practice/thyroid-iron-lab-privacy-checklist.mdx,ftc,LOW,FTC health app guidance favors less data.,35f3d738e6f199d1af7e27176786afadc151cf0ea3dbc3edb402ed1f6bf46440,body:root.children[42].sentence[0],d6646f7cfb737622b798dd6fc0ffc8be550bb40b82ffd8cbcd3ac812679a7f0a,6d2e5f364062bde9b4d17c59f93597c89aeb891b7672d3c177a529393a7773f1,e8cd847fd14f4d9854ae328352ad1f93f72e83217586df8bc295879bc055c99c,138,1
claim-c7277d5eccbc7685471e,content/privacy-in-practice/uti-and-bladder-data-privacy-checklist.mdx,ftc,LOW,The FTC says some health apps and related companies may still have privacy or breach duties.,9afdafed060e3c267bcedf123918077c032570e9529974d3f5ca4acb975224da,body:root.children[37].sentence[0],b0e91f23cc50808a392ad5643e1544898cafd07bc09f442ffdc8daa47ec0615c,06f5f3d59f5f7ef2b4d078033f3a98f8c9f8b4a26d709d62f52be8bf6ced4e2c,e8cd847fd14f4d9854ae328352ad1f93f72e83217586df8bc295879bc055c99c,157,5
claim-af821f40b59430d8c900,content/privacy-in-practice/vaginal-discharge-data-privacy-checklist.mdx,ftc,LOW,The FTC also has rules that may apply to some health apps and health data breaches.,0009333bb2c0dcc377549a645db26558aa0f7eab1a792033e18826ab8d65db4b,body:root.children[24].sentence[1],07533650d8cd05ab104dee0f665454f45536d756383a2448b4ca99b4babd91b6,68bdbcd9a565ff8b537d8bfa528f9c107de48bf65a2f704ead04dad412fa78a9,e8cd847fd14f4d9854ae328352ad1f93f72e83217586df8bc295879bc055c99c,109,44
claim-2442aa6418f74c9db650,content/privacy-in-practice/verify-on-device-storage-claims.mdx,ftc,LOW,The [Flo FTC settlement](/compare/alternatives/flo-app-alternative) showed the gap between marketing and reality.,84984d60b5b3e12d9b8d3c69e49a058728dddcf038227ede834f409328f642a0,body:root.children[2].sentence[0],f45d47fafedc51f5221812bf0f6468ac2f5c1aef85f09da7bb068dcd03bd57c2,3c836aa7adfcdf4693fca85082bb9c4cc24b745e66828502709b2eef1379a803,e8cd847fd14f4d9854ae328352ad1f93f72e83217586df8bc295879bc055c99c,6,10
claim-885727974073315994df,content/privacy-in-practice/vulvar-symptom-data-privacy-checklist.mdx,ftc,LOW,The FTC also has rules that may apply to some health apps and health data breaches.,0009333bb2c0dcc377549a645db26558aa0f7eab1a792033e18826ab8d65db4b,body:root.children[25].sentence[1],a874f369d2079ac5051cfe0bea7f671d49bc0a6422c599892f8215823379154f,f824eac1c95a9565e6fa47ce147e061e05b41d373a226005f7ecf622c8dbdef7,e8cd847fd14f4d9854ae328352ad1f93f72e83217586df8bc295879bc055c99c,114,44
claim-b440e28f1070354e78d8,content/privacy-in-practice/wearable-devices-period-data.mdx,dollar,LOW,"The $59.5M class action settlement that included Flo Health in September 2025 also included Google, specifically for receiving Flo's reproductive health data via Firebase Analytics.",2b7c5c0cb5527f16434db1b3a1a141ff2e8484fa2ebe3c548b4b52801acfec50,body:root.children[12].sentence[1],eef8e5c55017735c1b62477fa55c362a46d139c4dad6a73a4f79608040378b89,c6226033a5a0271d4d286cdc6399e4aef73519a3d8a5ffc73f704bef7980e3af,e8cd847fd14f4d9854ae328352ad1f93f72e83217586df8bc295879bc055c99c,26,30
claim-fc2637ea3385e83151c3,content/privacy-in-practice/wearable-devices-period-data.mdx,ftc,LOW,Garmin does not have a documented history of selling individual health data or of FTC enforcement action.,6b184d7503b310c5813be98cbb2ef475fa0b4ec50629236f467da2bd6edbd323,body:root.children[16].sentence[2],a13303b77600022e6f2aa80351434c3c03329beb59a0c898a0aa56ff00860b40,c6226033a5a0271d4d286cdc6399e4aef73519a3d8a5ffc73f704bef7980e3af,e8cd847fd14f4d9854ae328352ad1f93f72e83217586df8bc295879bc055c99c,34,253
claim-1152790877a90e585160,content/privacy-in-practice/wearable-devices-period-data.mdx,dollar,LOW,Google acquired Fitbit in January 2021 for $2.1 billion.,38f79f7fe58adff36f6aba372e515601a61a93b12743f6b94e7117f6bb96cbe3,body:root.children[9].sentence[0],e65d7a1af7e6611f2cb906c6ea58665e491dd905009d853c2e52ea16dfaea26a,c6226033a5a0271d4d286cdc6399e4aef73519a3d8a5ffc73f704bef7980e3af,e8cd847fd14f4d9854ae328352ad1f93f72e83217586df8bc295879bc055c99c,20,44
claim-da8519e2695611c1e689,content/privacy-in-practice/what-subpoenas-actually-request.mdx,ftc,LOW,"The [Flo FTC settlement](/compare/alternatives/flo-app-alternative) revealed the extent of server-side data collection, including data shared with third-party analytics providers.",047637d143aa9c0303d5e87539ee4c434ecabd5e2c7d8de61d49541260131ebf,body:root.children[16].sentence[3],b4a1c3e7356809e6a9d143344b3f8b0eb730c442dc0083997b98636e3c487da4,346814999cc5d1f1f6e920a2de38defeb30195e584bf52b68aedcae4d6c538a5,e8cd847fd14f4d9854ae328352ad1f93f72e83217586df8bc295879bc055c99c,34,234
claim-0d62a24faa93a27fe03a,content/questionnaires/cloud-or-local-period-tracker-quiz.mdx,ftc,LOW,FTC cases involving Flo and Premom show why server-side claims deserve a careful read.,cd3ef8c2d9296c8b0e3701fcc34de613ce57ce3c74a04b62934b59d44cc5844e,body:root.children[20].sentence[0],5d8cae6d906776d29d81017ac8987a6043c249ab72f4cafc4c5c8432fad01386,5e9ebe26bf5c559602ae17cec40322319868078459e6c756ff5993daca8367f6,e8cd847fd14f4d9854ae328352ad1f93f72e83217586df8bc295879bc055c99c,54,1
claim-7ca2316ecb8d0a8f2403,content/questionnaires/cloud-vs-local-storage-quiz.mdx,ftc,LOW,Flo's privacy promises came before their 2021 FTC consent order.,0c4bb1288096face2c7df4cc29401f2bb098c4bd81a193ac7b9f84e61efb5fe0,body:root.children[20].children[0].children[0].sentence[3],b8269d76cd46cbf7afc26e5a1482302eb5e2d8d9458cadc44d8892787a74888e,7b87ebc3400859e161e08494f80ddbd00b40e715d458301a46c3a93aa280e13c,e8cd847fd14f4d9854ae328352ad1f93f72e83217586df8bc295879bc055c99c,50,165
claim-c7b3a81703d5bd74fd40,content/questionnaires/how-much-data-have-you-shared.mdx,ftc,LOW,"If your app has been named by the FTC, the Norwegian Consumer Council, Privacy International, Mozilla, or investigative journalists for data sharing, assume your data was included.",4adaf6b9179096064c0068936d330b7981a9a464aaa9fcd4d13d33399a3eb998,body:root.children[24].children[0].children[0].sentence[1],dcde4224f39b031267bbdce62e3de2ec45cad9c4a2b72a681419a7614c44fd81,ed45bf54ee0cbe354d1e5495b9928e911ac905d980b6e4bba6c6405642e863f1,e8cd847fd14f4d9854ae328352ad1f93f72e83217586df8bc295879bc055c99c,63,56
claim-91109335341f1f7935cc,content/questionnaires/how-private-is-your-period-tracker.mdx,ftc,LOW,Flo settled with the FTC in 2021.,64e5071d41d52b1790005762e8723203b89afb428d540d4a305fbfa14f59a555,body:root.children[16].children[0].children[0].sentence[1],ab120cde8ac7c3cbb11ae92c50b9410ea6018e529c682b8ef890d723d7071639,5cb194bb7d34503560477620ee41d6607572ad2daba2ad664ea6712dc2b791f0,e8cd847fd14f4d9854ae328352ad1f93f72e83217586df8bc295879bc055c99c,40,43
claim-26549e6ad0ab000de20f,content/questionnaires/how-private-is-your-period-tracker.mdx,ftc,LOW,Premom was charged by the FTC in 2023 for sharing data with analytics firms.,e7f155a5426e4a0a570015b183a6052a0d7ef18148d3c1374884d94e9bed119f,body:root.children[16].children[0].children[0].sentence[2],ab120cde8ac7c3cbb11ae92c50b9410ea6018e529c682b8ef890d723d7071639,5cb194bb7d34503560477620ee41d6607572ad2daba2ad664ea6712dc2b791f0,e8cd847fd14f4d9854ae328352ad1f93f72e83217586df8bc295879bc055c99c,40,82
claim-cfd7448ebc6f013e04c9,content/questionnaires/is-my-period-app-asking-too-much-quiz.mdx,ftc,LOW,"The FTC alleged that Flo shared users' health data with Facebook, Google, and analytics providers after privacy promises.",837b0349b0c9df6e1072c11d3408ed94bbdd38bcec09a136a1203b521cd51c0c,body:root.children[1].sentence[1],261c1261fe59d4e339def862712f0a6287cfabccdfd16859a236bdd12df9a58f,d59da5114aa6c264e8b160926541932616a5357c013bad7be43e86e3a0b9984b,e8cd847fd14f4d9854ae328352ad1f93f72e83217586df8bc295879bc055c99c,4,73
claim-7788fa3f716f14b5c43e,content/questionnaires/is-my-period-app-asking-too-much-quiz.mdx,ftc,LOW,The FTC also charged Premom's developer with deceiving users by sharing sensitive personal information with third parties.,a1cabb1e384c685df5c28b769cd7ae8e025b2bbf03496be08301f1ff6080bf19,body:root.children[1].sentence[2],261c1261fe59d4e339def862712f0a6287cfabccdfd16859a236bdd12df9a58f,d59da5114aa6c264e8b160926541932616a5357c013bad7be43e86e3a0b9984b,e8cd847fd14f4d9854ae328352ad1f93f72e83217586df8bc295879bc055c99c,4,195
claim-db834bff594a51a076d2,content/questionnaires/which-period-tracker-is-right-for-you.mdx,dollar,LOW,**Option B: Under $5/month.**,6984467793b0e5002b5c17e349b81513c6cb99888c095b401b01e93bd751cc30,body:root.children[20].children[1].children[0].sentence[0],2ea622ea43f5dff3281226cb7a6c48a6c667b915282c4c141b297a6bd69648df,8ddcf39690b4512fd53ce383e5886cfd0b36d64b4ac98709d03a817c63a46168,e8cd847fd14f4d9854ae328352ad1f93f72e83217586df8bc295879bc055c99c,52,21
claim-74fa67a2d476aa0ddde6,content/reproductive-privacy-state-pages/reproductive-data-privacy-laws-alaska.mdx,ftc,HIGH,"Biden-era executive orders directing FTC and HHS action on reproductive data privacy were revoked on January 24, 2025.",bc3ca7c5424179650aa71ee05a0dee8d75b8a61b10c7d15afded685c2de66583,body:root.children[6].sentence[2],56c5b16d682065a3ad841ae06c45a5c5ea7d50ae8c101dcc496fc8f5f974bd25,04c85d5c36ca1c4eb8f9d16fd065ffb98a0da2fa15c4ad1baaa0cb62e354c5a0,e8cd847fd14f4d9854ae328352ad1f93f72e83217586df8bc295879bc055c99c,14,289
claim-8d7c5f0160bfd23ce76d,content/reproductive-privacy-state-pages/reproductive-data-privacy-laws-alaska.mdx,percent,HIGH,"A ClearDATA/Harris Poll survey (May 2023, n=2,053) found 81% of Americans wrongly believe HIPAA covers health apps.",949d8da7af39cbf542600cc57739114579823b99887e84605fb39ca172bd2185,body:root.children[6].sentence[3],56c5b16d682065a3ad841ae06c45a5c5ea7d50ae8c101dcc496fc8f5f974bd25,04c85d5c36ca1c4eb8f9d16fd065ffb98a0da2fa15c4ad1baaa0cb62e354c5a0,e8cd847fd14f4d9854ae328352ad1f93f72e83217586df8bc295879bc055c99c,14,428
claim-d9f5e4074650ba55add3,content/reproductive-privacy-state-pages/reproductive-data-privacy-laws-arizona.mdx,as-of-date,HIGH,The 15-week limit reflects the state's current position as of 2026.,975497b8f0da0c5e1616a2c6e3f12d37e9ade98a1d51cf62a9515dcee3862534,body:root.children[2].sentence[4],d027220a910f74d2462e744d1e97d9e9b8cc259dfa262eaa2db0b01f3d4ef3dc,eba2698f9bddf08d6e7ed971665424b06ca573af523d82699f16cbda526df408,e8cd847fd14f4d9854ae328352ad1f93f72e83217586df8bc295879bc055c99c,6,277
claim-7b08b0a4a9ccecb3f8c4,content/reproductive-privacy-state-pages/reproductive-data-privacy-laws-arizona.mdx,ftc,HIGH,"Biden-era executive orders directing FTC and HHS action on reproductive data privacy were revoked on January 24, 2025.",bc3ca7c5424179650aa71ee05a0dee8d75b8a61b10c7d15afded685c2de66583,body:root.children[6].sentence[2],56c5b16d682065a3ad841ae06c45a5c5ea7d50ae8c101dcc496fc8f5f974bd25,eba2698f9bddf08d6e7ed971665424b06ca573af523d82699f16cbda526df408,e8cd847fd14f4d9854ae328352ad1f93f72e83217586df8bc295879bc055c99c,14,289
claim-1b79f4baf811b3840922,content/reproductive-privacy-state-pages/reproductive-data-privacy-laws-arizona.mdx,percent,HIGH,"A ClearDATA/Harris Poll survey (May 2023, n=2,053) found 81% of Americans wrongly believe HIPAA covers health apps.",949d8da7af39cbf542600cc57739114579823b99887e84605fb39ca172bd2185,body:root.children[6].sentence[3],56c5b16d682065a3ad841ae06c45a5c5ea7d50ae8c101dcc496fc8f5f974bd25,eba2698f9bddf08d6e7ed971665424b06ca573af523d82699f16cbda526df408,e8cd847fd14f4d9854ae328352ad1f93f72e83217586df8bc295879bc055c99c,14,428
claim-502ae2c0f644bf3d0064,content/reproductive-privacy-state-pages/reproductive-data-privacy-laws-arkansas.mdx,case-citation,HIGH,The law is a trigger law that took effect after Roe v. Wade was overturned.,6154122437e7c116cc1f68392a146916ddafa161a1b0cc29ea6efd452eb82493,body:root.children[2].sentence[1],5e191517d327b97402e3ec279caba0960f480849737f5fbd55fc53ea630c02df,6a006ba75a2f98157db6168aa2f5f7f774f4b8e78bc4bfc6a6e3738a9bbd414f,e8cd847fd14f4d9854ae328352ad1f93f72e83217586df8bc295879bc055c99c,6,117
claim-5ad2a6f013b9106b203a,content/reproductive-privacy-state-pages/reproductive-data-privacy-laws-arkansas.mdx,named-case,HIGH,The law is a trigger law that took effect after Roe v. Wade was overturned.,6154122437e7c116cc1f68392a146916ddafa161a1b0cc29ea6efd452eb82493,body:root.children[2].sentence[1],5e191517d327b97402e3ec279caba0960f480849737f5fbd55fc53ea630c02df,6a006ba75a2f98157db6168aa2f5f7f774f4b8e78bc4bfc6a6e3738a9bbd414f,e8cd847fd14f4d9854ae328352ad1f93f72e83217586df8bc295879bc055c99c,6,117
claim-03f51bd58291f1bbccf2,content/reproductive-privacy-state-pages/reproductive-data-privacy-laws-arkansas.mdx,named-case,HIGH,"The Center for American Progress documented approximately 210 pregnancy-related prosecutions in the year following Dobbs (June 2022 to June 2023), described as the highest single-year total ever recorded (figures as reported; verify for current totals).",c2dda786be04b204917c7b3d736d6aa1e5033e4456ec34ace4cd9346f6f949b8,body:root.children[6].sentence[1],6277c5ac58b1c279677cb9b13d80c15af8e1ab2c83bd21ac7cccf8578eb9d46f,6a006ba75a2f98157db6168aa2f5f7f774f4b8e78bc4bfc6a6e3738a9bbd414f,e8cd847fd14f4d9854ae328352ad1f93f72e83217586df8bc295879bc055c99c,14,263
claim-54b182d2d5976592e006,content/reproductive-privacy-state-pages/reproductive-data-privacy-laws-arkansas.mdx,ftc,HIGH,"Biden-era executive orders directing FTC and HHS action on reproductive data privacy were revoked on January 24, 2025.",bc3ca7c5424179650aa71ee05a0dee8d75b8a61b10c7d15afded685c2de66583,body:root.children[8].sentence[2],56c5b16d682065a3ad841ae06c45a5c5ea7d50ae8c101dcc496fc8f5f974bd25,6a006ba75a2f98157db6168aa2f5f7f774f4b8e78bc4bfc6a6e3738a9bbd414f,e8cd847fd14f4d9854ae328352ad1f93f72e83217586df8bc295879bc055c99c,18,289
claim-214fd7282b9918d3cc42,content/reproductive-privacy-state-pages/reproductive-data-privacy-laws-arkansas.mdx,percent,HIGH,"A ClearDATA/Harris Poll survey (May 2023, n=2,053) found 81% of Americans wrongly believe HIPAA covers health apps.",949d8da7af39cbf542600cc57739114579823b99887e84605fb39ca172bd2185,body:root.children[8].sentence[3],56c5b16d682065a3ad841ae06c45a5c5ea7d50ae8c101dcc496fc8f5f974bd25,6a006ba75a2f98157db6168aa2f5f7f774f4b8e78bc4bfc6a6e3738a9bbd414f,e8cd847fd14f4d9854ae328352ad1f93f72e83217586df8bc295879bc055c99c,18,428
claim-dfb74f23f679c2401543,content/reproductive-privacy-state-pages/reproductive-data-privacy-laws-california.mdx,bill-number,HIGH,AB 1242 prohibits California-based app companies from complying with out-of-state subpoenas tied to abortion investigations.,8d268837e9bcf52a64cc9c791224b24a391bbb5fb840152dcb465fe90937e83f,body:root.children[4].sentence[2],5785b63db52704118c4296cede32c4e5edd3cb6ff2c0127419fda08741eb8af9,ed3b77c706d9e9b70380015320198d98532fc8fd0812075859c6a8f70c892cf4,e8cd847fd14f4d9854ae328352ad1f93f72e83217586df8bc295879bc055c99c,10,223
claim-b87377e699164ec67867,content/reproductive-privacy-state-pages/reproductive-data-privacy-laws-california.mdx,bill-number,HIGH,"California has enacted specific reproductive data privacy protections through AB 254 (September 2023), AB 1242 (2022), and AB 45 (2025).",f848559373e7c45cd8af12dcd427cf6f42cf1fc80a8e19602a91b11d20e6ccd5,body:root.children[6].sentence[0].occurrence[0],956e1f4b08b1af4cbb4c04a5809f1be81785bfacfe753a8ed47ee82b2e587c0b,ed3b77c706d9e9b70380015320198d98532fc8fd0812075859c6a8f70c892cf4,e8cd847fd14f4d9854ae328352ad1f93f72e83217586df8bc295879bc055c99c,14,79
claim-0994c4080061fc4db0c7,content/reproductive-privacy-state-pages/reproductive-data-privacy-laws-california.mdx,bill-number,HIGH,"California has enacted specific reproductive data privacy protections through AB 254 (September 2023), AB 1242 (2022), and AB 45 (2025).",f848559373e7c45cd8af12dcd427cf6f42cf1fc80a8e19602a91b11d20e6ccd5,body:root.children[6].sentence[0].occurrence[1],956e1f4b08b1af4cbb4c04a5809f1be81785bfacfe753a8ed47ee82b2e587c0b,ed3b77c706d9e9b70380015320198d98532fc8fd0812075859c6a8f70c892cf4,e8cd847fd14f4d9854ae328352ad1f93f72e83217586df8bc295879bc055c99c,14,104
claim-09df3e4fcae97f216de0,content/reproductive-privacy-state-pages/reproductive-data-privacy-laws-california.mdx,bill-number,HIGH,"California has enacted specific reproductive data privacy protections through AB 254 (September 2023), AB 1242 (2022), and AB 45 (2025).",f848559373e7c45cd8af12dcd427cf6f42cf1fc80a8e19602a91b11d20e6ccd5,body:root.children[6].sentence[0].occurrence[2],956e1f4b08b1af4cbb4c04a5809f1be81785bfacfe753a8ed47ee82b2e587c0b,ed3b77c706d9e9b70380015320198d98532fc8fd0812075859c6a8f70c892cf4,e8cd847fd14f4d9854ae328352ad1f93f72e83217586df8bc295879bc055c99c,14,124
claim-f1cba3d987517bc70e95,content/reproductive-privacy-state-pages/reproductive-data-privacy-laws-california.mdx,bill-number,HIGH,AB 254 amends the Confidentiality of Medical Information Act to cover reproductive or sexual health application information.,67eca2143ff06eb24a7fc38a6704e71c9d7288db177450df49efa23f4e13f4a9,body:root.children[7].sentence[0],0c588a879c15fc7e6485dfc84f603b39df17ab12c9bffd5b47d47cf7d0d17bf1,ed3b77c706d9e9b70380015320198d98532fc8fd0812075859c6a8f70c892cf4,e8cd847fd14f4d9854ae328352ad1f93f72e83217586df8bc295879bc055c99c,16,1
claim-9b23ae71cab796b150ab,content/reproductive-privacy-state-pages/reproductive-data-privacy-laws-california.mdx,bill-number,HIGH,AB 1242 prohibits California courts from issuing electronic surveillance orders related to abortion.,2e381a57b3450ee20def6be394d0185bba881c0bd90564ace149cea8e2efbd4a,body:root.children[7].sentence[2],0c588a879c15fc7e6485dfc84f603b39df17ab12c9bffd5b47d47cf7d0d17bf1,ed3b77c706d9e9b70380015320198d98532fc8fd0812075859c6a8f70c892cf4,e8cd847fd14f4d9854ae328352ad1f93f72e83217586df8bc295879bc055c99c,16,274
claim-3435bc647ab65c1cb313,content/reproductive-privacy-state-pages/reproductive-data-privacy-laws-california.mdx,bill-number,HIGH,AB 45 bans geolocation collection near family planning centers.,19949c544f69e609f5c3172325a49aee2a9a8f526fd8c02af684e66f6e1b2687,body:root.children[7].sentence[4],0c588a879c15fc7e6485dfc84f603b39df17ab12c9bffd5b47d47cf7d0d17bf1,ed3b77c706d9e9b70380015320198d98532fc8fd0812075859c6a8f70c892cf4,e8cd847fd14f4d9854ae328352ad1f93f72e83217586df8bc295879bc055c99c,16,473
claim-1f28c781b586b584b5b4,content/reproductive-privacy-state-pages/reproductive-data-privacy-laws-california.mdx,ftc,HIGH,"Biden-era executive orders directing FTC and HHS action on reproductive data privacy were revoked on January 24, 2025.",bc3ca7c5424179650aa71ee05a0dee8d75b8a61b10c7d15afded685c2de66583,body:root.children[9].sentence[2],56c5b16d682065a3ad841ae06c45a5c5ea7d50ae8c101dcc496fc8f5f974bd25,ed3b77c706d9e9b70380015320198d98532fc8fd0812075859c6a8f70c892cf4,e8cd847fd14f4d9854ae328352ad1f93f72e83217586df8bc295879bc055c99c,20,289
claim-b9dd7c045ba3e9ea2df9,content/reproductive-privacy-state-pages/reproductive-data-privacy-laws-california.mdx,percent,HIGH,"A ClearDATA/Harris Poll survey (May 2023, n=2,053) found 81% of Americans wrongly believe HIPAA covers health apps.",949d8da7af39cbf542600cc57739114579823b99887e84605fb39ca172bd2185,body:root.children[9].sentence[3],56c5b16d682065a3ad841ae06c45a5c5ea7d50ae8c101dcc496fc8f5f974bd25,ed3b77c706d9e9b70380015320198d98532fc8fd0812075859c6a8f70c892cf4,e8cd847fd14f4d9854ae328352ad1f93f72e83217586df8bc295879bc055c99c,20,428
claim-a878491c41b994b9bd88,content/reproductive-privacy-state-pages/reproductive-data-privacy-laws-colorado.mdx,bill-number,HIGH,HB 23-1058 specifically covers consumer health data and requires affirmative consent before it can be collected or shared.,93643f49c6d8f520ce5bf1abd97071c57d4e556dfb4c062c4e96cdf641f76d4f,body:root.children[4].sentence[2],a3b7b878cd4d5aaf62383ab3575d23517f2e8fe0c7bf28aa3de54c4edc82b31a,fe12951cee9b22b875c4331a0f94bb5dd5e53ac5cf63f9b347a34c2337d39b44,e8cd847fd14f4d9854ae328352ad1f93f72e83217586df8bc295879bc055c99c,10,132
claim-a3ba7060db8f6d2ec8d6,content/reproductive-privacy-state-pages/reproductive-data-privacy-laws-colorado.mdx,ftc,HIGH,"Biden-era executive orders directing FTC and HHS action on reproductive data privacy were revoked on January 24, 2025.",bc3ca7c5424179650aa71ee05a0dee8d75b8a61b10c7d15afded685c2de66583,body:root.children[6].sentence[2],56c5b16d682065a3ad841ae06c45a5c5ea7d50ae8c101dcc496fc8f5f974bd25,fe12951cee9b22b875c4331a0f94bb5dd5e53ac5cf63f9b347a34c2337d39b44,e8cd847fd14f4d9854ae328352ad1f93f72e83217586df8bc295879bc055c99c,14,289
claim-3fa878ec509e410db43c,content/reproductive-privacy-state-pages/reproductive-data-privacy-laws-colorado.mdx,percent,HIGH,"A ClearDATA/Harris Poll survey (May 2023, n=2,053) found 81% of Americans wrongly believe HIPAA covers health apps.",949d8da7af39cbf542600cc57739114579823b99887e84605fb39ca172bd2185,body:root.children[6].sentence[3],56c5b16d682065a3ad841ae06c45a5c5ea7d50ae8c101dcc496fc8f5f974bd25,fe12951cee9b22b875c4331a0f94bb5dd5e53ac5cf63f9b347a34c2337d39b44,e8cd847fd14f4d9854ae328352ad1f93f72e83217586df8bc295879bc055c99c,14,428
claim-da516ea96e260d7933a2,content/reproductive-privacy-state-pages/reproductive-data-privacy-laws-connecticut.mdx,bill-number,HIGH,Connecticut enacted specific reproductive data privacy protections through SB 3 / Public Act 23-56 (June 2023).,3fc3d19d6df68c78794db967376068973770fc7d4c86faefd25c2720925b1a0d,body:root.children[6].sentence[0],17bb2e0f21334455490e424263400a87c93d67b3365508f7bdd9a933088acc2a,196d740ab13e36e86d3ebeb4efc031d28c31187d46ccdd1f6de8eca02138fd95,e8cd847fd14f4d9854ae328352ad1f93f72e83217586df8bc295879bc055c99c,14,76
claim-3430048d9b84d546a442,content/reproductive-privacy-state-pages/reproductive-data-privacy-laws-connecticut.mdx,ftc,HIGH,"Biden-era executive orders directing FTC and HHS action on reproductive data privacy were revoked on January 24, 2025.",bc3ca7c5424179650aa71ee05a0dee8d75b8a61b10c7d15afded685c2de66583,body:root.children[8].sentence[2],56c5b16d682065a3ad841ae06c45a5c5ea7d50ae8c101dcc496fc8f5f974bd25,196d740ab13e36e86d3ebeb4efc031d28c31187d46ccdd1f6de8eca02138fd95,e8cd847fd14f4d9854ae328352ad1f93f72e83217586df8bc295879bc055c99c,18,289
claim-b0dff1246be1581dc7aa,content/reproductive-privacy-state-pages/reproductive-data-privacy-laws-connecticut.mdx,percent,HIGH,"A ClearDATA/Harris Poll survey (May 2023, n=2,053) found 81% of Americans wrongly believe HIPAA covers health apps.",949d8da7af39cbf542600cc57739114579823b99887e84605fb39ca172bd2185,body:root.children[8].sentence[3],56c5b16d682065a3ad841ae06c45a5c5ea7d50ae8c101dcc496fc8f5f974bd25,196d740ab13e36e86d3ebeb4efc031d28c31187d46ccdd1f6de8eca02138fd95,e8cd847fd14f4d9854ae328352ad1f93f72e83217586df8bc295879bc055c99c,18,428
claim-e9ea0372dff1b3144757,content/reproductive-privacy-state-pages/reproductive-data-privacy-laws-delaware.mdx,ftc,HIGH,"Biden-era executive orders directing FTC and HHS action on reproductive data privacy were revoked on January 24, 2025.",bc3ca7c5424179650aa71ee05a0dee8d75b8a61b10c7d15afded685c2de66583,body:root.children[6].sentence[2],56c5b16d682065a3ad841ae06c45a5c5ea7d50ae8c101dcc496fc8f5f974bd25,351e4512153ccfd3c72b237b934cae577a09ecccbfb42d7efb82bff51e786ed8,e8cd847fd14f4d9854ae328352ad1f93f72e83217586df8bc295879bc055c99c,14,289
claim-e0f9a0c69339cea69d9f,content/reproductive-privacy-state-pages/reproductive-data-privacy-laws-delaware.mdx,percent,HIGH,"A ClearDATA/Harris Poll survey (May 2023, n=2,053) found 81% of Americans wrongly believe HIPAA covers health apps.",949d8da7af39cbf542600cc57739114579823b99887e84605fb39ca172bd2185,body:root.children[6].sentence[3],56c5b16d682065a3ad841ae06c45a5c5ea7d50ae8c101dcc496fc8f5f974bd25,351e4512153ccfd3c72b237b934cae577a09ecccbfb42d7efb82bff51e786ed8,e8cd847fd14f4d9854ae328352ad1f93f72e83217586df8bc295879bc055c99c,14,428
claim-a5bcc672d9fe09dc8c77,content/reproductive-privacy-state-pages/reproductive-data-privacy-laws-district-of-columbia.mdx,ftc,HIGH,"Biden-era executive orders directing FTC and HHS action on reproductive data privacy were revoked on January 24, 2025.",bc3ca7c5424179650aa71ee05a0dee8d75b8a61b10c7d15afded685c2de66583,body:root.children[8].sentence[2],3f1308c18a4f060a33701a28be192f2cb091c5538a3aa4ea8fe213a28ec55c55,361d0b3b70bf88390c92a60c20396f481eea1279affadaed90475cbd438e8f8d,e8cd847fd14f4d9854ae328352ad1f93f72e83217586df8bc295879bc055c99c,18,289
claim-6bbb29b44240158a0f67,content/reproductive-privacy-state-pages/reproductive-data-privacy-laws-district-of-columbia.mdx,percent,HIGH,"A ClearDATA/Harris Poll survey (May 2023, n=2,053) found 81% of Americans wrongly believe HIPAA covers health apps.",949d8da7af39cbf542600cc57739114579823b99887e84605fb39ca172bd2185,body:root.children[8].sentence[3],3f1308c18a4f060a33701a28be192f2cb091c5538a3aa4ea8fe213a28ec55c55,361d0b3b70bf88390c92a60c20396f481eea1279affadaed90475cbd438e8f8d,e8cd847fd14f4d9854ae328352ad1f93f72e83217586df8bc295879bc055c99c,18,428
claim-824205175708488b4d74,content/reproductive-privacy-state-pages/reproductive-data-privacy-laws-florida.mdx,bill-number,HIGH,"Abortion is restricted in Florida to 6 weeks gestational age under HB 5, enacted in 2023.",f06f71913a5d7e1e288311672abd14989b5f29a39ddd5e16294d5caddfcfe3e9,body:root.children[2].sentence[0],7af8493f0e25458ae2891b5c66cdbe684fdb08860c2a8283dfe7e140debfb707,9388e22b0d458a80debfdce9b85b9584f5a54c6b65d76a5d89f64f7f6ac98752,e8cd847fd14f4d9854ae328352ad1f93f72e83217586df8bc295879bc055c99c,6,68
claim-01cca7ff56b2b21b0ede,content/reproductive-privacy-state-pages/reproductive-data-privacy-laws-florida.mdx,ftc,HIGH,"Biden-era executive orders directing FTC and HHS action on reproductive data privacy were revoked on January 24, 2025.",bc3ca7c5424179650aa71ee05a0dee8d75b8a61b10c7d15afded685c2de66583,body:root.children[6].sentence[2],56c5b16d682065a3ad841ae06c45a5c5ea7d50ae8c101dcc496fc8f5f974bd25,9388e22b0d458a80debfdce9b85b9584f5a54c6b65d76a5d89f64f7f6ac98752,e8cd847fd14f4d9854ae328352ad1f93f72e83217586df8bc295879bc055c99c,14,289
claim-f8a412acf0b71ecdd954,content/reproductive-privacy-state-pages/reproductive-data-privacy-laws-florida.mdx,percent,HIGH,"A ClearDATA/Harris Poll survey (May 2023, n=2,053) found 81% of Americans wrongly believe HIPAA covers health apps.",949d8da7af39cbf542600cc57739114579823b99887e84605fb39ca172bd2185,body:root.children[6].sentence[3],56c5b16d682065a3ad841ae06c45a5c5ea7d50ae8c101dcc496fc8f5f974bd25,9388e22b0d458a80debfdce9b85b9584f5a54c6b65d76a5d89f64f7f6ac98752,e8cd847fd14f4d9854ae328352ad1f93f72e83217586df8bc295879bc055c99c,14,428
claim-c81ce1b04474bc096f56,content/reproductive-privacy-state-pages/reproductive-data-privacy-laws-georgia.mdx,ftc,HIGH,"Biden-era executive orders directing FTC and HHS action on reproductive data privacy were revoked on January 24, 2025.",bc3ca7c5424179650aa71ee05a0dee8d75b8a61b10c7d15afded685c2de66583,body:root.children[6].sentence[2],56c5b16d682065a3ad841ae06c45a5c5ea7d50ae8c101dcc496fc8f5f974bd25,a55fa0b505501d8f499709e802e091d946bdf3931bc99c49ae6433b3d0a04695,e8cd847fd14f4d9854ae328352ad1f93f72e83217586df8bc295879bc055c99c,14,289
claim-fa2751739746471b8699,content/reproductive-privacy-state-pages/reproductive-data-privacy-laws-georgia.mdx,percent,HIGH,"A ClearDATA/Harris Poll survey (May 2023, n=2,053) found 81% of Americans wrongly believe HIPAA covers health apps.",949d8da7af39cbf542600cc57739114579823b99887e84605fb39ca172bd2185,body:root.children[6].sentence[3],56c5b16d682065a3ad841ae06c45a5c5ea7d50ae8c101dcc496fc8f5f974bd25,a55fa0b505501d8f499709e802e091d946bdf3931bc99c49ae6433b3d0a04695,e8cd847fd14f4d9854ae328352ad1f93f72e83217586df8bc295879bc055c99c,14,428
claim-6e86543782c4382c2c62,content/reproductive-privacy-state-pages/reproductive-data-privacy-laws-hawaii.mdx,ftc,HIGH,"Biden-era executive orders directing FTC and HHS action on reproductive data privacy were revoked on January 24, 2025.",bc3ca7c5424179650aa71ee05a0dee8d75b8a61b10c7d15afded685c2de66583,body:root.children[6].sentence[2],2a2a0cfe74651d52e0d776425a8ea8af91546b1572751aa5c4d7ca02f2626d00,71b2f08cca805d636aa0c3279063522b8c8880d71c6f661686d9058c838b9d75,e8cd847fd14f4d9854ae328352ad1f93f72e83217586df8bc295879bc055c99c,14,286
claim-6c59a5cf13145c81c1a6,content/reproductive-privacy-state-pages/reproductive-data-privacy-laws-hawaii.mdx,percent,HIGH,"A ClearDATA/Harris Poll survey (May 2023, n=2,053) found 81% of Americans wrongly believe HIPAA covers health apps.",949d8da7af39cbf542600cc57739114579823b99887e84605fb39ca172bd2185,body:root.children[6].sentence[3],2a2a0cfe74651d52e0d776425a8ea8af91546b1572751aa5c4d7ca02f2626d00,71b2f08cca805d636aa0c3279063522b8c8880d71c6f661686d9058c838b9d75,e8cd847fd14f4d9854ae328352ad1f93f72e83217586df8bc295879bc055c99c,14,425
claim-1fbaa3e389f46822eac2,content/reproductive-privacy-state-pages/reproductive-data-privacy-laws-idaho.mdx,bill-number,HIGH,"Abortion is banned in Idaho under trigger law HB 374, which took effect after Roe v. Wade was overturned.",e4808a1066bf41e9e9d4a3db5f50fbb310aa8750bc89be88fce061c3e9fca7fa,body:root.children[2].sentence[0],6d8a77b9367388f2153dc747bcd457580f0e84623da378bc8cc6bef62a4d7b31,a1d832176fb655711f6016ee1de58159355e110cff6c2108b6e0bd37108c7fef,e8cd847fd14f4d9854ae328352ad1f93f72e83217586df8bc295879bc055c99c,6,47
claim-e56bc73af603cae9d40e,content/reproductive-privacy-state-pages/reproductive-data-privacy-laws-idaho.mdx,case-citation,HIGH,"Abortion is banned in Idaho under trigger law HB 374, which took effect after Roe v. Wade was overturned.",e4808a1066bf41e9e9d4a3db5f50fbb310aa8750bc89be88fce061c3e9fca7fa,body:root.children[2].sentence[0],6d8a77b9367388f2153dc747bcd457580f0e84623da378bc8cc6bef62a4d7b31,a1d832176fb655711f6016ee1de58159355e110cff6c2108b6e0bd37108c7fef,e8cd847fd14f4d9854ae328352ad1f93f72e83217586df8bc295879bc055c99c,6,79
claim-6c4e09e65413497fb2b5,content/reproductive-privacy-state-pages/reproductive-data-privacy-laws-idaho.mdx,named-case,HIGH,"Abortion is banned in Idaho under trigger law HB 374, which took effect after Roe v. Wade was overturned.",e4808a1066bf41e9e9d4a3db5f50fbb310aa8750bc89be88fce061c3e9fca7fa,body:root.children[2].sentence[0],6d8a77b9367388f2153dc747bcd457580f0e84623da378bc8cc6bef62a4d7b31,a1d832176fb655711f6016ee1de58159355e110cff6c2108b6e0bd37108c7fef,e8cd847fd14f4d9854ae328352ad1f93f72e83217586df8bc295879bc055c99c,6,79
claim-796a49b6ebaabba93f06,content/reproductive-privacy-state-pages/reproductive-data-privacy-laws-idaho.mdx,named-case,HIGH,"The Center for American Progress documented 210 pregnancy-related prosecutions in the year following Dobbs (June 2022-June 2023), the highest single-year total ever recorded.",e9427ca051f03b461ba83853544619aaf85a668c341ac7a990e93bd72ad6a7ed,body:root.children[6].sentence[1],e2350da95728e7b574a56b83dfa6b982d8f596554f8634de7814c27d7ef21efe,a1d832176fb655711f6016ee1de58159355e110cff6c2108b6e0bd37108c7fef,e8cd847fd14f4d9854ae328352ad1f93f72e83217586df8bc295879bc055c99c,14,200
claim-24be496f40fee336608c,content/reproductive-privacy-state-pages/reproductive-data-privacy-laws-idaho.mdx,ftc,HIGH,"Biden-era executive orders directing FTC and HHS action on reproductive data privacy were revoked on January 24, 2025.",bc3ca7c5424179650aa71ee05a0dee8d75b8a61b10c7d15afded685c2de66583,body:root.children[8].sentence[2],2a2a0cfe74651d52e0d776425a8ea8af91546b1572751aa5c4d7ca02f2626d00,a1d832176fb655711f6016ee1de58159355e110cff6c2108b6e0bd37108c7fef,e8cd847fd14f4d9854ae328352ad1f93f72e83217586df8bc295879bc055c99c,18,286
claim-753df8246587eef61fbc,content/reproductive-privacy-state-pages/reproductive-data-privacy-laws-idaho.mdx,percent,HIGH,"A ClearDATA/Harris Poll survey (May 2023, n=2,053) found 81% of Americans wrongly believe HIPAA covers health apps.",949d8da7af39cbf542600cc57739114579823b99887e84605fb39ca172bd2185,body:root.children[8].sentence[3],2a2a0cfe74651d52e0d776425a8ea8af91546b1572751aa5c4d7ca02f2626d00,a1d832176fb655711f6016ee1de58159355e110cff6c2108b6e0bd37108c7fef,e8cd847fd14f4d9854ae328352ad1f93f72e83217586df8bc295879bc055c99c,18,425
claim-58f9c16fb9de1cd97e58,content/reproductive-privacy-state-pages/reproductive-data-privacy-laws-illinois.mdx,ftc,HIGH,"Biden-era executive orders directing FTC and HHS action on reproductive data privacy were revoked on January 24, 2025.",bc3ca7c5424179650aa71ee05a0dee8d75b8a61b10c7d15afded685c2de66583,body:root.children[6].sentence[2],2a2a0cfe74651d52e0d776425a8ea8af91546b1572751aa5c4d7ca02f2626d00,c3e475000e43030f852b3db1a1d7abe224b86a6c237cb8ecd2fa4685ffb030a1,e8cd847fd14f4d9854ae328352ad1f93f72e83217586df8bc295879bc055c99c,14,286
claim-62f88c2f58275d0ce8f8,content/reproductive-privacy-state-pages/reproductive-data-privacy-laws-illinois.mdx,percent,HIGH,"A ClearDATA/Harris Poll survey (May 2023, n=2,053) found 81% of Americans wrongly believe HIPAA covers health apps.",949d8da7af39cbf542600cc57739114579823b99887e84605fb39ca172bd2185,body:root.children[6].sentence[3],2a2a0cfe74651d52e0d776425a8ea8af91546b1572751aa5c4d7ca02f2626d00,c3e475000e43030f852b3db1a1d7abe224b86a6c237cb8ecd2fa4685ffb030a1,e8cd847fd14f4d9854ae328352ad1f93f72e83217586df8bc295879bc055c99c,14,425
claim-c5c8606084cf41598178,content/reproductive-privacy-state-pages/reproductive-data-privacy-laws-indiana.mdx,bill-number,HIGH,"Abortion is banned in Indiana under SB 1, enacted in 2022.",f138205ee0cf8d1775f6bc2f82680b76dc9afd8d764022e927f86dc29212607f,body:root.children[2].sentence[0],ccb6f5b75a75f570b6c63edef32ef736eb68ba9f54ab86b8e2d744d3f8bf2acf,b4dc34e22ad0090e4342bb1482f748c570303431717ca4ead05b7541f68c69fb,e8cd847fd14f4d9854ae328352ad1f93f72e83217586df8bc295879bc055c99c,6,37
claim-33da792a812aa421a5d6,content/reproductive-privacy-state-pages/reproductive-data-privacy-laws-indiana.mdx,ftc,HIGH,"Biden-era executive orders directing FTC and HHS action on reproductive data privacy were revoked on January 24, 2025.",bc3ca7c5424179650aa71ee05a0dee8d75b8a61b10c7d15afded685c2de66583,body:root.children[6].sentence[2],2a2a0cfe74651d52e0d776425a8ea8af91546b1572751aa5c4d7ca02f2626d00,b4dc34e22ad0090e4342bb1482f748c570303431717ca4ead05b7541f68c69fb,e8cd847fd14f4d9854ae328352ad1f93f72e83217586df8bc295879bc055c99c,14,286
claim-46a957e76ae9214cc8c6,content/reproductive-privacy-state-pages/reproductive-data-privacy-laws-indiana.mdx,percent,HIGH,"A ClearDATA/Harris Poll survey (May 2023, n=2,053) found 81% of Americans wrongly believe HIPAA covers health apps.",949d8da7af39cbf542600cc57739114579823b99887e84605fb39ca172bd2185,body:root.children[6].sentence[3],2a2a0cfe74651d52e0d776425a8ea8af91546b1572751aa5c4d7ca02f2626d00,b4dc34e22ad0090e4342bb1482f748c570303431717ca4ead05b7541f68c69fb,e8cd847fd14f4d9854ae328352ad1f93f72e83217586df8bc295879bc055c99c,14,425
claim-24c8ab1cfe43007e64b0,content/reproductive-privacy-state-pages/reproductive-data-privacy-laws-iowa.mdx,ftc,HIGH,"Biden-era executive orders directing FTC and HHS action on reproductive data privacy were revoked on January 24, 2025.",bc3ca7c5424179650aa71ee05a0dee8d75b8a61b10c7d15afded685c2de66583,body:root.children[6].sentence[2],2a2a0cfe74651d52e0d776425a8ea8af91546b1572751aa5c4d7ca02f2626d00,d639164c013249cd69aa4ca11741a792fec32aa83357a4967a9995c86bddb19d,e8cd847fd14f4d9854ae328352ad1f93f72e83217586df8bc295879bc055c99c,14,286
claim-2f534082d588e3ec1d39,content/reproductive-privacy-state-pages/reproductive-data-privacy-laws-iowa.mdx,percent,HIGH,"A ClearDATA/Harris Poll survey (May 2023, n=2,053) found 81% of Americans wrongly believe HIPAA covers health apps.",949d8da7af39cbf542600cc57739114579823b99887e84605fb39ca172bd2185,body:root.children[6].sentence[3],2a2a0cfe74651d52e0d776425a8ea8af91546b1572751aa5c4d7ca02f2626d00,d639164c013249cd69aa4ca11741a792fec32aa83357a4967a9995c86bddb19d,e8cd847fd14f4d9854ae328352ad1f93f72e83217586df8bc295879bc055c99c,14,425
claim-6fe3f2ffc847465fd090,content/reproductive-privacy-state-pages/reproductive-data-privacy-laws-kansas.mdx,ftc,HIGH,"Biden-era executive orders directing FTC and HHS action on reproductive data privacy were revoked on January 24, 2025.",bc3ca7c5424179650aa71ee05a0dee8d75b8a61b10c7d15afded685c2de66583,body:root.children[6].sentence[2],2a2a0cfe74651d52e0d776425a8ea8af91546b1572751aa5c4d7ca02f2626d00,90a4eae4174840753a5322556d537723bd81c4af0dac2a2aa805afd103b9e82f,e8cd847fd14f4d9854ae328352ad1f93f72e83217586df8bc295879bc055c99c,14,286
claim-69643056974acd58d615,content/reproductive-privacy-state-pages/reproductive-data-privacy-laws-kansas.mdx,percent,HIGH,"A ClearDATA/Harris Poll survey (May 2023, n=2,053) found 81% of Americans wrongly believe HIPAA covers health apps.",949d8da7af39cbf542600cc57739114579823b99887e84605fb39ca172bd2185,body:root.children[6].sentence[3],2a2a0cfe74651d52e0d776425a8ea8af91546b1572751aa5c4d7ca02f2626d00,90a4eae4174840753a5322556d537723bd81c4af0dac2a2aa805afd103b9e82f,e8cd847fd14f4d9854ae328352ad1f93f72e83217586df8bc295879bc055c99c,14,425
claim-c7f3a71d0b2510a58057,content/reproductive-privacy-state-pages/reproductive-data-privacy-laws-kentucky.mdx,case-citation,HIGH,"Abortion is banned in Kentucky under the Human Life Protection Act trigger law, which took effect after Roe v. Wade was overturned.",08012d4c561d4a54f30957fa57ccc08bbae6e0ec4fe1d8df611df2408440d39d,body:root.children[2].sentence[0],af524fabe58909f02dd66f3cec27d6cf3f1a1b5a6166e6dd6caec4561bdc4961,e6a27f17672e6408022ab8a44869652c3d85bebdf7cac2bb441d54d5f2def4b0,e8cd847fd14f4d9854ae328352ad1f93f72e83217586df8bc295879bc055c99c,6,105
claim-e0de9f2716d3120147d7,content/reproductive-privacy-state-pages/reproductive-data-privacy-laws-kentucky.mdx,named-case,HIGH,"Abortion is banned in Kentucky under the Human Life Protection Act trigger law, which took effect after Roe v. Wade was overturned.",08012d4c561d4a54f30957fa57ccc08bbae6e0ec4fe1d8df611df2408440d39d,body:root.children[2].sentence[0],af524fabe58909f02dd66f3cec27d6cf3f1a1b5a6166e6dd6caec4561bdc4961,e6a27f17672e6408022ab8a44869652c3d85bebdf7cac2bb441d54d5f2def4b0,e8cd847fd14f4d9854ae328352ad1f93f72e83217586df8bc295879bc055c99c,6,105
claim-ddb04485f7c840558115,content/reproductive-privacy-state-pages/reproductive-data-privacy-laws-kentucky.mdx,ftc,HIGH,"Biden-era executive orders directing FTC and HHS action on reproductive data privacy were revoked on January 24, 2025.",bc3ca7c5424179650aa71ee05a0dee8d75b8a61b10c7d15afded685c2de66583,body:root.children[6].sentence[2],2a2a0cfe74651d52e0d776425a8ea8af91546b1572751aa5c4d7ca02f2626d00,e6a27f17672e6408022ab8a44869652c3d85bebdf7cac2bb441d54d5f2def4b0,e8cd847fd14f4d9854ae328352ad1f93f72e83217586df8bc295879bc055c99c,14,286
claim-0e544126d8acdad8eb78,content/reproductive-privacy-state-pages/reproductive-data-privacy-laws-kentucky.mdx,percent,HIGH,"A ClearDATA/Harris Poll survey (May 2023, n=2,053) found 81% of Americans wrongly believe HIPAA covers health apps.",949d8da7af39cbf542600cc57739114579823b99887e84605fb39ca172bd2185,body:root.children[6].sentence[3],2a2a0cfe74651d52e0d776425a8ea8af91546b1572751aa5c4d7ca02f2626d00,e6a27f17672e6408022ab8a44869652c3d85bebdf7cac2bb441d54d5f2def4b0,e8cd847fd14f4d9854ae328352ad1f93f72e83217586df8bc295879bc055c99c,14,425
claim-8cc9da0f7974e1e5c6ab,content/reproductive-privacy-state-pages/reproductive-data-privacy-laws-louisiana.mdx,case-citation,HIGH,"Abortion is banned in Louisiana under the Human Life Protection Act, a trigger law that took effect after Roe v. Wade was overturned.",e75e0775d4b8f2f9624f85f41be0ad35cdaf0b8f592de1f894b2bbd285516a49,body:root.children[2].sentence[0],b271706ac80dd6f1ad13b7a6ab16e22c5b0c80640531a523b55967ac1a708024,658b184326551944a7220e394ebfee41ff0cd60b24a930c8c47616abb900cc6e,e8cd847fd14f4d9854ae328352ad1f93f72e83217586df8bc295879bc055c99c,6,107
claim-834d3ed4dd24699e9df1,content/reproductive-privacy-state-pages/reproductive-data-privacy-laws-louisiana.mdx,named-case,HIGH,"Abortion is banned in Louisiana under the Human Life Protection Act, a trigger law that took effect after Roe v. Wade was overturned.",e75e0775d4b8f2f9624f85f41be0ad35cdaf0b8f592de1f894b2bbd285516a49,body:root.children[2].sentence[0],b271706ac80dd6f1ad13b7a6ab16e22c5b0c80640531a523b55967ac1a708024,658b184326551944a7220e394ebfee41ff0cd60b24a930c8c47616abb900cc6e,e8cd847fd14f4d9854ae328352ad1f93f72e83217586df8bc295879bc055c99c,6,107
claim-1657bd56318b6e9fa065,content/reproductive-privacy-state-pages/reproductive-data-privacy-laws-louisiana.mdx,named-case,HIGH,Louisiana was among the first states to enforce its trigger law after the Dobbs decision.,760888c2218c2c8787a17070b260d44a59fc70fb639309e2ce90c6caeb0e0a35,body:root.children[2].sentence[3],b271706ac80dd6f1ad13b7a6ab16e22c5b0c80640531a523b55967ac1a708024,658b184326551944a7220e394ebfee41ff0cd60b24a930c8c47616abb900cc6e,e8cd847fd14f4d9854ae328352ad1f93f72e83217586df8bc295879bc055c99c,6,345
claim-1c47044ab685fa2be398,content/reproductive-privacy-state-pages/reproductive-data-privacy-laws-louisiana.mdx,named-case,HIGH,"The Center for American Progress documented 210 pregnancy-related prosecutions in the year following Dobbs (June 2022-June 2023), the highest single-year total ever recorded.",e9427ca051f03b461ba83853544619aaf85a668c341ac7a990e93bd72ad6a7ed,body:root.children[6].sentence[1],6fd710db60cc9d8930aeae57db7bdc562a3e17f254d29a1445b582defb86d738,658b184326551944a7220e394ebfee41ff0cd60b24a930c8c47616abb900cc6e,e8cd847fd14f4d9854ae328352ad1f93f72e83217586df8bc295879bc055c99c,14,204
claim-d99efc72b0933fa23bb7,content/reproductive-privacy-state-pages/reproductive-data-privacy-laws-louisiana.mdx,ftc,HIGH,"Biden-era executive orders directing FTC and HHS action on reproductive data privacy were revoked on January 24, 2025.",bc3ca7c5424179650aa71ee05a0dee8d75b8a61b10c7d15afded685c2de66583,body:root.children[8].sentence[2],2a2a0cfe74651d52e0d776425a8ea8af91546b1572751aa5c4d7ca02f2626d00,658b184326551944a7220e394ebfee41ff0cd60b24a930c8c47616abb900cc6e,e8cd847fd14f4d9854ae328352ad1f93f72e83217586df8bc295879bc055c99c,18,286
claim-7e48e7fdc9598d99a0d3,content/reproductive-privacy-state-pages/reproductive-data-privacy-laws-louisiana.mdx,percent,HIGH,"A ClearDATA/Harris Poll survey (May 2023, n=2,053) found 81% of Americans wrongly believe HIPAA covers health apps.",949d8da7af39cbf542600cc57739114579823b99887e84605fb39ca172bd2185,body:root.children[8].sentence[3],2a2a0cfe74651d52e0d776425a8ea8af91546b1572751aa5c4d7ca02f2626d00,658b184326551944a7220e394ebfee41ff0cd60b24a930c8c47616abb900cc6e,e8cd847fd14f4d9854ae328352ad1f93f72e83217586df8bc295879bc055c99c,18,425
claim-e3dc9f3f43dbe201867c,content/reproductive-privacy-state-pages/reproductive-data-privacy-laws-maine.mdx,ftc,HIGH,"Biden-era executive orders directing FTC and HHS action on reproductive data privacy were revoked on January 24, 2025.",bc3ca7c5424179650aa71ee05a0dee8d75b8a61b10c7d15afded685c2de66583,body:root.children[6].sentence[2],2a2a0cfe74651d52e0d776425a8ea8af91546b1572751aa5c4d7ca02f2626d00,76c38a5ce434346135c61e9222e51d1be3298c83f09cdcbc50def23c2cc021a3,e8cd847fd14f4d9854ae328352ad1f93f72e83217586df8bc295879bc055c99c,14,286
claim-08a78fd7a5afb2dd99ba,content/reproductive-privacy-state-pages/reproductive-data-privacy-laws-maine.mdx,percent,HIGH,"A ClearDATA/Harris Poll survey (May 2023, n=2,053) found 81% of Americans wrongly believe HIPAA covers health apps.",949d8da7af39cbf542600cc57739114579823b99887e84605fb39ca172bd2185,body:root.children[6].sentence[3],2a2a0cfe74651d52e0d776425a8ea8af91546b1572751aa5c4d7ca02f2626d00,76c38a5ce434346135c61e9222e51d1be3298c83f09cdcbc50def23c2cc021a3,e8cd847fd14f4d9854ae328352ad1f93f72e83217586df8bc295879bc055c99c,14,425
claim-6e5dcea7e773a9288547,content/reproductive-privacy-state-pages/reproductive-data-privacy-laws-maryland.mdx,ftc,HIGH,"Biden-era executive orders directing FTC and HHS action on reproductive data privacy were revoked on January 24, 2025.",bc3ca7c5424179650aa71ee05a0dee8d75b8a61b10c7d15afded685c2de66583,body:root.children[8].sentence[2],2a2a0cfe74651d52e0d776425a8ea8af91546b1572751aa5c4d7ca02f2626d00,39133aff0d9cbbd40b5112ed80f9e234ea2d5bc5a00e8b48fd4b9846e8b73d3b,e8cd847fd14f4d9854ae328352ad1f93f72e83217586df8bc295879bc055c99c,18,286
claim-c18a689a8fedb3c711ce,content/reproductive-privacy-state-pages/reproductive-data-privacy-laws-maryland.mdx,percent,HIGH,"A ClearDATA/Harris Poll survey (May 2023, n=2,053) found 81% of Americans wrongly believe HIPAA covers health apps.",949d8da7af39cbf542600cc57739114579823b99887e84605fb39ca172bd2185,body:root.children[8].sentence[3],2a2a0cfe74651d52e0d776425a8ea8af91546b1572751aa5c4d7ca02f2626d00,39133aff0d9cbbd40b5112ed80f9e234ea2d5bc5a00e8b48fd4b9846e8b73d3b,e8cd847fd14f4d9854ae328352ad1f93f72e83217586df8bc295879bc055c99c,18,425
claim-9a4cab7de4cf93b118ba,content/reproductive-privacy-state-pages/reproductive-data-privacy-laws-massachusetts.mdx,ftc,HIGH,"Biden-era executive orders directing FTC and HHS action on reproductive data privacy were revoked on January 24, 2025.",bc3ca7c5424179650aa71ee05a0dee8d75b8a61b10c7d15afded685c2de66583,body:root.children[6].sentence[2],6d5acee5d0f7b18755b96fa4e39639d6ef3cfb65b8a0227ebe66e811eb2eeff7,aa0e1a8518817d486761591d6f0f004a1eb967799e9ff7c5ab87e1f218b745e8,e8cd847fd14f4d9854ae328352ad1f93f72e83217586df8bc295879bc055c99c,14,329
claim-36114a81dd0ceb11102a,content/reproductive-privacy-state-pages/reproductive-data-privacy-laws-massachusetts.mdx,percent,HIGH,"A ClearDATA/Harris Poll survey (May 2023, n=2,053) found 81% of Americans wrongly believe HIPAA covers health apps.",949d8da7af39cbf542600cc57739114579823b99887e84605fb39ca172bd2185,body:root.children[6].sentence[3],6d5acee5d0f7b18755b96fa4e39639d6ef3cfb65b8a0227ebe66e811eb2eeff7,aa0e1a8518817d486761591d6f0f004a1eb967799e9ff7c5ab87e1f218b745e8,e8cd847fd14f4d9854ae328352ad1f93f72e83217586df8bc295879bc055c99c,14,468
claim-4c2ae98c47196604feac,content/reproductive-privacy-state-pages/reproductive-data-privacy-laws-michigan.mdx,ftc,HIGH,"Biden-era executive orders directing FTC and HHS action on reproductive data privacy were revoked on January 24, 2025.",bc3ca7c5424179650aa71ee05a0dee8d75b8a61b10c7d15afded685c2de66583,body:root.children[6].sentence[3],10f2e488ab5107fb93c5c1b2805ff19df89795c14bc5e1e409730fefc860b3e3,d40efae1d6c3bc1a70984ee465e95e2218749e9020ad5a64e94b7de20beed689,e8cd847fd14f4d9854ae328352ad1f93f72e83217586df8bc295879bc055c99c,14,275
claim-0712d2e29278c38d870a,content/reproductive-privacy-state-pages/reproductive-data-privacy-laws-michigan.mdx,percent,HIGH,"A ClearDATA/Harris Poll survey (May 2023, n=2,053) found 81% of Americans wrongly believe HIPAA covers health apps.",949d8da7af39cbf542600cc57739114579823b99887e84605fb39ca172bd2185,body:root.children[6].sentence[4],10f2e488ab5107fb93c5c1b2805ff19df89795c14bc5e1e409730fefc860b3e3,d40efae1d6c3bc1a70984ee465e95e2218749e9020ad5a64e94b7de20beed689,e8cd847fd14f4d9854ae328352ad1f93f72e83217586df8bc295879bc055c99c,14,414
claim-9c61ab3f46a020e75393,content/reproductive-privacy-state-pages/reproductive-data-privacy-laws-minnesota.mdx,case-citation,HIGH,The Minnesota Supreme Court held in Doe v. Gomez (1995) that the state constitution protects abortion rights independent of federal law.,1fb1ebb946d5d74752cc586d3f9255941d186f36de74b4c4a7e0f30a883f7784,body:root.children[2].sentence[1],e398940060fc346e6b52ab45c2eb4641e25d8fb25026e2e8986d4bba4ab1b32c,5e8180951fb44f5a3d29533a74e48b3262b36d037d41d46e068957f5439966e2,e8cd847fd14f4d9854ae328352ad1f93f72e83217586df8bc295879bc055c99c,6,90
claim-c50adfc2070f59c546ac,content/reproductive-privacy-state-pages/reproductive-data-privacy-laws-minnesota.mdx,ftc,HIGH,"Biden-era executive orders directing FTC and HHS action on reproductive data privacy were revoked on January 24, 2025.",bc3ca7c5424179650aa71ee05a0dee8d75b8a61b10c7d15afded685c2de66583,body:root.children[6].sentence[3],10f2e488ab5107fb93c5c1b2805ff19df89795c14bc5e1e409730fefc860b3e3,5e8180951fb44f5a3d29533a74e48b3262b36d037d41d46e068957f5439966e2,e8cd847fd14f4d9854ae328352ad1f93f72e83217586df8bc295879bc055c99c,14,275
claim-48b20992aab838ee913e,content/reproductive-privacy-state-pages/reproductive-data-privacy-laws-minnesota.mdx,percent,HIGH,"A ClearDATA/Harris Poll survey (May 2023, n=2,053) found 81% of Americans wrongly believe HIPAA covers health apps.",949d8da7af39cbf542600cc57739114579823b99887e84605fb39ca172bd2185,body:root.children[6].sentence[4],10f2e488ab5107fb93c5c1b2805ff19df89795c14bc5e1e409730fefc860b3e3,5e8180951fb44f5a3d29533a74e48b3262b36d037d41d46e068957f5439966e2,e8cd847fd14f4d9854ae328352ad1f93f72e83217586df8bc295879bc055c99c,14,414
claim-827e23f0f4a0011a8e9d,content/reproductive-privacy-state-pages/reproductive-data-privacy-laws-mississippi.mdx,case-citation,HIGH,"This trigger law took effect after Roe v. Wade was overturned in Dobbs v. Jackson Women's Health Organization, a case that originated with Mississippi's own 15-week abortion restriction.",0e599924c68be7e0b76a2fc7356d415c2bcf22d6b05596b6924dfc972f98b96c,body:root.children[2].sentence[1].occurrence[0],d0d320c600fa23b6c8349260d1eab570ca7cf0b1d23592bee65f8c4b5cbad468,9cdf656bb7f8cabe48c99b1e301b81ebb21ed09673b0c1465ae0a362d968a0cb,e8cd847fd14f4d9854ae328352ad1f93f72e83217586df8bc295879bc055c99c,6,107
claim-e01959dd17f7ba1dece4,content/reproductive-privacy-state-pages/reproductive-data-privacy-laws-mississippi.mdx,named-case,HIGH,"This trigger law took effect after Roe v. Wade was overturned in Dobbs v. Jackson Women's Health Organization, a case that originated with Mississippi's own 15-week abortion restriction.",0e599924c68be7e0b76a2fc7356d415c2bcf22d6b05596b6924dfc972f98b96c,body:root.children[2].sentence[1].occurrence[0],d0d320c600fa23b6c8349260d1eab570ca7cf0b1d23592bee65f8c4b5cbad468,9cdf656bb7f8cabe48c99b1e301b81ebb21ed09673b0c1465ae0a362d968a0cb,e8cd847fd14f4d9854ae328352ad1f93f72e83217586df8bc295879bc055c99c,6,107
claim-c582b9b1fda3ab895b18,content/reproductive-privacy-state-pages/reproductive-data-privacy-laws-mississippi.mdx,case-citation,HIGH,"This trigger law took effect after Roe v. Wade was overturned in Dobbs v. Jackson Women's Health Organization, a case that originated with Mississippi's own 15-week abortion restriction.",0e599924c68be7e0b76a2fc7356d415c2bcf22d6b05596b6924dfc972f98b96c,body:root.children[2].sentence[1].occurrence[1],d0d320c600fa23b6c8349260d1eab570ca7cf0b1d23592bee65f8c4b5cbad468,9cdf656bb7f8cabe48c99b1e301b81ebb21ed09673b0c1465ae0a362d968a0cb,e8cd847fd14f4d9854ae328352ad1f93f72e83217586df8bc295879bc055c99c,6,137
claim-7840bc510d670ab9c66a,content/reproductive-privacy-state-pages/reproductive-data-privacy-laws-mississippi.mdx,named-case,HIGH,"This trigger law took effect after Roe v. Wade was overturned in Dobbs v. Jackson Women's Health Organization, a case that originated with Mississippi's own 15-week abortion restriction.",0e599924c68be7e0b76a2fc7356d415c2bcf22d6b05596b6924dfc972f98b96c,body:root.children[2].sentence[1].occurrence[1],d0d320c600fa23b6c8349260d1eab570ca7cf0b1d23592bee65f8c4b5cbad468,9cdf656bb7f8cabe48c99b1e301b81ebb21ed09673b0c1465ae0a362d968a0cb,e8cd847fd14f4d9854ae328352ad1f93f72e83217586df8bc295879bc055c99c,6,137
claim-5a026ab82d6d42f1db55,content/reproductive-privacy-state-pages/reproductive-data-privacy-laws-mississippi.mdx,named-case,HIGH,Mississippi was among the most restrictive states for abortion access before Dobbs.,ef7fbb4ed86122e0d64a1bf2bda8ba351a5d1f726a4669e193f97eddbed3b5be,body:root.children[2].sentence[3],d0d320c600fa23b6c8349260d1eab570ca7cf0b1d23592bee65f8c4b5cbad468,9cdf656bb7f8cabe48c99b1e301b81ebb21ed09673b0c1465ae0a362d968a0cb,e8cd847fd14f4d9854ae328352ad1f93f72e83217586df8bc295879bc055c99c,6,417
claim-6eb528b2debdc92b0a09,content/reproductive-privacy-state-pages/reproductive-data-privacy-laws-mississippi.mdx,named-case,HIGH,"The Center for American Progress documented 210 pregnancy-related prosecutions in the year following Dobbs (June 2022 to June 2023), the highest single-year total ever recorded.",edc0fcf9dc27a9676b001d1de7a2db9b2beeccdfec3274d7332d840183422583,body:root.children[6].sentence[1],0661dc198bac806377e3c9e7bbaf020c7be7c2368fc16db1d75ff14a26a265e1,9cdf656bb7f8cabe48c99b1e301b81ebb21ed09673b0c1465ae0a362d968a0cb,e8cd847fd14f4d9854ae328352ad1f93f72e83217586df8bc295879bc055c99c,14,252
claim-73cc925f5b111e623831,content/reproductive-privacy-state-pages/reproductive-data-privacy-laws-mississippi.mdx,ftc,HIGH,"Biden-era executive orders directing FTC and HHS action on reproductive data privacy were revoked on January 24, 2025.",bc3ca7c5424179650aa71ee05a0dee8d75b8a61b10c7d15afded685c2de66583,body:root.children[8].sentence[3],10f2e488ab5107fb93c5c1b2805ff19df89795c14bc5e1e409730fefc860b3e3,9cdf656bb7f8cabe48c99b1e301b81ebb21ed09673b0c1465ae0a362d968a0cb,e8cd847fd14f4d9854ae328352ad1f93f72e83217586df8bc295879bc055c99c,18,275
claim-d35773d8ea25235e0042,content/reproductive-privacy-state-pages/reproductive-data-privacy-laws-mississippi.mdx,percent,HIGH,"A ClearDATA/Harris Poll survey (May 2023, n=2,053) found 81% of Americans wrongly believe HIPAA covers health apps.",949d8da7af39cbf542600cc57739114579823b99887e84605fb39ca172bd2185,body:root.children[8].sentence[4],10f2e488ab5107fb93c5c1b2805ff19df89795c14bc5e1e409730fefc860b3e3,9cdf656bb7f8cabe48c99b1e301b81ebb21ed09673b0c1465ae0a362d968a0cb,e8cd847fd14f4d9854ae328352ad1f93f72e83217586df8bc295879bc055c99c,18,414
claim-aeff8fe63c4be1d16db7,content/reproductive-privacy-state-pages/reproductive-data-privacy-laws-missouri.mdx,as-of-date,HIGH,Missouri's abortion law is contested as of 2026.,561955353201b44fdfac7918670649b434736df24ceccd1c5c05835bc8cc1018,body:root.children[2].sentence[0],92dfac3b86b4ebc35692ad3d31d0d70f29e51f7d6e6e22c8d540a2ba14f68407,cfbc92a0338137d0bdeb4cff1c3008f1ccc14cca89dd59ed5816ccd6b6eff3f2,e8cd847fd14f4d9854ae328352ad1f93f72e83217586df8bc295879bc055c99c,6,38
claim-f6805733710e7e3a3167,content/reproductive-privacy-state-pages/reproductive-data-privacy-laws-missouri.mdx,case-citation,HIGH,"The state's trigger law banned abortion after Roe v. Wade was overturned, with exceptions only for medical emergencies.",0530bdc01302c8e099d042ceb426a559ce2ce1f4592c52d66b657e6c4f1dec5f,body:root.children[2].sentence[1],92dfac3b86b4ebc35692ad3d31d0d70f29e51f7d6e6e22c8d540a2ba14f68407,cfbc92a0338137d0bdeb4cff1c3008f1ccc14cca89dd59ed5816ccd6b6eff3f2,e8cd847fd14f4d9854ae328352ad1f93f72e83217586df8bc295879bc055c99c,6,96
claim-1bb706481e9f58ca77f4,content/reproductive-privacy-state-pages/reproductive-data-privacy-laws-missouri.mdx,named-case,HIGH,"The state's trigger law banned abortion after Roe v. Wade was overturned, with exceptions only for medical emergencies.",0530bdc01302c8e099d042ceb426a559ce2ce1f4592c52d66b657e6c4f1dec5f,body:root.children[2].sentence[1],92dfac3b86b4ebc35692ad3d31d0d70f29e51f7d6e6e22c8d540a2ba14f68407,cfbc92a0338137d0bdeb4cff1c3008f1ccc14cca89dd59ed5816ccd6b6eff3f2,e8cd847fd14f4d9854ae328352ad1f93f72e83217586df8bc295879bc055c99c,6,96
claim-e9f460e091bbec4bc9af,content/reproductive-privacy-state-pages/reproductive-data-privacy-laws-missouri.mdx,as-of-date,HIGH,But legal and political challenges to implementation mean abortion access in Missouri remains severely restricted in practice as of 2026.,196dac4024785962b64c308c1fc27d0888d5df0e23df951bdc937cfa31434727,body:root.children[2].sentence[3],92dfac3b86b4ebc35692ad3d31d0d70f29e51f7d6e6e22c8d540a2ba14f68407,cfbc92a0338137d0bdeb4cff1c3008f1ccc14cca89dd59ed5816ccd6b6eff3f2,e8cd847fd14f4d9854ae328352ad1f93f72e83217586df8bc295879bc055c99c,6,399
claim-d6c550293b5e5bba336f,content/reproductive-privacy-state-pages/reproductive-data-privacy-laws-missouri.mdx,named-case,HIGH,"The Center for American Progress documented 210 pregnancy-related prosecutions in the year following Dobbs (June 2022 to June 2023), the highest single-year total ever recorded.",edc0fcf9dc27a9676b001d1de7a2db9b2beeccdfec3274d7332d840183422583,body:root.children[6].sentence[1],4b0b32ac4e733116177dfcf8f1fe60ebcaa9bda97b2d5ee8c1674994b1bba2d8,cfbc92a0338137d0bdeb4cff1c3008f1ccc14cca89dd59ed5816ccd6b6eff3f2,e8cd847fd14f4d9854ae328352ad1f93f72e83217586df8bc295879bc055c99c,14,249
claim-cd38d2070a6ec35e0b32,content/reproductive-privacy-state-pages/reproductive-data-privacy-laws-missouri.mdx,ftc,HIGH,"Biden-era executive orders directing FTC and HHS action on reproductive data privacy were revoked on January 24, 2025.",bc3ca7c5424179650aa71ee05a0dee8d75b8a61b10c7d15afded685c2de66583,body:root.children[8].sentence[3],10f2e488ab5107fb93c5c1b2805ff19df89795c14bc5e1e409730fefc860b3e3,cfbc92a0338137d0bdeb4cff1c3008f1ccc14cca89dd59ed5816ccd6b6eff3f2,e8cd847fd14f4d9854ae328352ad1f93f72e83217586df8bc295879bc055c99c,18,275
claim-5d92c082330ed4e41206,content/reproductive-privacy-state-pages/reproductive-data-privacy-laws-missouri.mdx,percent,HIGH,"A ClearDATA/Harris Poll survey (May 2023, n=2,053) found 81% of Americans wrongly believe HIPAA covers health apps.",949d8da7af39cbf542600cc57739114579823b99887e84605fb39ca172bd2185,body:root.children[8].sentence[4],10f2e488ab5107fb93c5c1b2805ff19df89795c14bc5e1e409730fefc860b3e3,cfbc92a0338137d0bdeb4cff1c3008f1ccc14cca89dd59ed5816ccd6b6eff3f2,e8cd847fd14f4d9854ae328352ad1f93f72e83217586df8bc295879bc055c99c,18,414
claim-df3f606c7022a01c6310,content/reproductive-privacy-state-pages/reproductive-data-privacy-laws-montana.mdx,as-of-date,HIGH,The exact parameters remain subject to ongoing legal challenges as of 2026.,d74c27645bf0d7201f51c76b0f6bc5a9406dc6bc541eff90934de0e6c4567a35,body:root.children[2].sentence[1],cf6755819822074e862ea74c511575441878c9ce1cb3960641a8ca33b6167d81,552b553da8af6f3938b9911dcadcd7c6b7ea93bb44a2444d4f80abec68c9655e,e8cd847fd14f4d9854ae328352ad1f93f72e83217586df8bc295879bc055c99c,6,125
claim-aedf8054ccf21d8aece6,content/reproductive-privacy-state-pages/reproductive-data-privacy-laws-montana.mdx,ftc,HIGH,"Biden-era executive orders directing FTC and HHS action on reproductive data privacy were revoked on January 24, 2025.",bc3ca7c5424179650aa71ee05a0dee8d75b8a61b10c7d15afded685c2de66583,body:root.children[6].sentence[3],10f2e488ab5107fb93c5c1b2805ff19df89795c14bc5e1e409730fefc860b3e3,552b553da8af6f3938b9911dcadcd7c6b7ea93bb44a2444d4f80abec68c9655e,e8cd847fd14f4d9854ae328352ad1f93f72e83217586df8bc295879bc055c99c,14,275
claim-212348d10e151fc21e95,content/reproductive-privacy-state-pages/reproductive-data-privacy-laws-montana.mdx,percent,HIGH,"A ClearDATA/Harris Poll survey (May 2023, n=2,053) found 81% of Americans wrongly believe HIPAA covers health apps.",949d8da7af39cbf542600cc57739114579823b99887e84605fb39ca172bd2185,body:root.children[6].sentence[4],10f2e488ab5107fb93c5c1b2805ff19df89795c14bc5e1e409730fefc860b3e3,552b553da8af6f3938b9911dcadcd7c6b7ea93bb44a2444d4f80abec68c9655e,e8cd847fd14f4d9854ae328352ad1f93f72e83217586df8bc295879bc055c99c,14,414
claim-a0b946e8dffc9cf7feb0,content/reproductive-privacy-state-pages/reproductive-data-privacy-laws-nebraska.mdx,named-case,HIGH,The warrants were issued before Dobbs and were styled as homicide investigation warrants.,de70ec230bc49aa2ec2f9fdf7ece46a7760924198d63d55c69d3ec075f130d84,body:root.children[6].sentence[4],31ef26d9958ad28a7eeb2b9edbbc169b6efc215e27bba621bd539c186d2b1cdf,233298ead61b27b647cb986c5ecefdbed24f7c41d6a96f1c06baf823129d6a96,e8cd847fd14f4d9854ae328352ad1f93f72e83217586df8bc295879bc055c99c,14,301
claim-b2645f37cda7333593e5,content/reproductive-privacy-state-pages/reproductive-data-privacy-laws-nebraska.mdx,case-citation,HIGH,"This case (State v. Celeste Burgess and Jessica Burgess, Madison County, Nebraska) shows that private messaging platforms, not period tracker apps, have been the primary digital evidence vector in Nebraska prosecutions.",ea09be72fe6fdb6cc67277f7fcf580122e7736a3da69602c9927c7042eceaddb,body:root.children[6].sentence[6],31ef26d9958ad28a7eeb2b9edbbc169b6efc215e27bba621bd539c186d2b1cdf,233298ead61b27b647cb986c5ecefdbed24f7c41d6a96f1c06baf823129d6a96,e8cd847fd14f4d9854ae328352ad1f93f72e83217586df8bc295879bc055c99c,14,385
claim-92584b5739b1d48d01d7,content/reproductive-privacy-state-pages/reproductive-data-privacy-laws-nebraska.mdx,ftc,HIGH,"Biden-era executive orders directing FTC and HHS action on reproductive data privacy were revoked on January 24, 2025.",bc3ca7c5424179650aa71ee05a0dee8d75b8a61b10c7d15afded685c2de66583,body:root.children[8].sentence[3],10f2e488ab5107fb93c5c1b2805ff19df89795c14bc5e1e409730fefc860b3e3,233298ead61b27b647cb986c5ecefdbed24f7c41d6a96f1c06baf823129d6a96,e8cd847fd14f4d9854ae328352ad1f93f72e83217586df8bc295879bc055c99c,18,275
claim-7be83920bfc638cd2733,content/reproductive-privacy-state-pages/reproductive-data-privacy-laws-nebraska.mdx,percent,HIGH,"A ClearDATA/Harris Poll survey (May 2023, n=2,053) found 81% of Americans wrongly believe HIPAA covers health apps.",949d8da7af39cbf542600cc57739114579823b99887e84605fb39ca172bd2185,body:root.children[8].sentence[4],10f2e488ab5107fb93c5c1b2805ff19df89795c14bc5e1e409730fefc860b3e3,233298ead61b27b647cb986c5ecefdbed24f7c41d6a96f1c06baf823129d6a96,e8cd847fd14f4d9854ae328352ad1f93f72e83217586df8bc295879bc055c99c,18,414
claim-1e70649d35f9c85ccc56,content/reproductive-privacy-state-pages/reproductive-data-privacy-laws-nevada.mdx,bill-number,HIGH,AB 425 (2023) expanded protections for sensitive personal information.,88c87f892b398ccaaa12624a50718b21c6bd6027c4da56ad825f005cbbecc05b,body:root.children[4].sentence[3],adbedaee8863e53c12b2502b4adb1d99e75d7b2e5fde964f4c2fb44aa4deb4d1,5f0e85041c31c15c2f7d98e02b06912c616a1e5e7ecb70522b66c7bf56e0b1a9,e8cd847fd14f4d9854ae328352ad1f93f72e83217586df8bc295879bc055c99c,10,188
claim-d9886e8fe0f2dbae8ad4,content/reproductive-privacy-state-pages/reproductive-data-privacy-laws-nevada.mdx,bill-number,HIGH,Nevada enacted SB 370 in March 2024.,1f0b939285b4df695a2b5a0edb433f65972d77d32277a5818bfc99365af79ec6,body:root.children[6].sentence[0],d4d090ee70f503efd99fa5461b287bf2d40c3f1b3140587a6f87667449fea6fe,5f0e85041c31c15c2f7d98e02b06912c616a1e5e7ecb70522b66c7bf56e0b1a9,e8cd847fd14f4d9854ae328352ad1f93f72e83217586df8bc295879bc055c99c,14,16
claim-4b354f5b534f4dcb03e2,content/reproductive-privacy-state-pages/reproductive-data-privacy-laws-nevada.mdx,ftc,HIGH,"Biden-era executive orders directing FTC and HHS action on reproductive data privacy were revoked on January 24, 2025.",bc3ca7c5424179650aa71ee05a0dee8d75b8a61b10c7d15afded685c2de66583,body:root.children[8].sentence[3],10f2e488ab5107fb93c5c1b2805ff19df89795c14bc5e1e409730fefc860b3e3,5f0e85041c31c15c2f7d98e02b06912c616a1e5e7ecb70522b66c7bf56e0b1a9,e8cd847fd14f4d9854ae328352ad1f93f72e83217586df8bc295879bc055c99c,18,275
claim-fc76d5f291839eddd8a1,content/reproductive-privacy-state-pages/reproductive-data-privacy-laws-nevada.mdx,percent,HIGH,"A ClearDATA/Harris Poll survey (May 2023, n=2,053) found 81% of Americans wrongly believe HIPAA covers health apps.",949d8da7af39cbf542600cc57739114579823b99887e84605fb39ca172bd2185,body:root.children[8].sentence[4],10f2e488ab5107fb93c5c1b2805ff19df89795c14bc5e1e409730fefc860b3e3,5f0e85041c31c15c2f7d98e02b06912c616a1e5e7ecb70522b66c7bf56e0b1a9,e8cd847fd14f4d9854ae328352ad1f93f72e83217586df8bc295879bc055c99c,18,414
claim-bcfc4b552bca87994212,content/reproductive-privacy-state-pages/reproductive-data-privacy-laws-new-hampshire.mdx,ftc,HIGH,"Biden-era executive orders directing FTC and HHS action on reproductive data privacy were revoked on January 24, 2025.",bc3ca7c5424179650aa71ee05a0dee8d75b8a61b10c7d15afded685c2de66583,body:root.children[6].sentence[3],10f2e488ab5107fb93c5c1b2805ff19df89795c14bc5e1e409730fefc860b3e3,2786ee8a3ba4465b3ca9c0b806896c305d8cd3b461aa1a2a7daf97119e2342f4,e8cd847fd14f4d9854ae328352ad1f93f72e83217586df8bc295879bc055c99c,14,275
claim-db8aabd76fb1c7ad340a,content/reproductive-privacy-state-pages/reproductive-data-privacy-laws-new-hampshire.mdx,percent,HIGH,"A ClearDATA/Harris Poll survey (May 2023, n=2,053) found 81% of Americans wrongly believe HIPAA covers health apps.",949d8da7af39cbf542600cc57739114579823b99887e84605fb39ca172bd2185,body:root.children[6].sentence[4],10f2e488ab5107fb93c5c1b2805ff19df89795c14bc5e1e409730fefc860b3e3,2786ee8a3ba4465b3ca9c0b806896c305d8cd3b461aa1a2a7daf97119e2342f4,e8cd847fd14f4d9854ae328352ad1f93f72e83217586df8bc295879bc055c99c,14,414
claim-2d66f1d32e9e2287ceb7,content/reproductive-privacy-state-pages/reproductive-data-privacy-laws-new-jersey.mdx,as-of-date,HIGH,A comprehensive privacy law is in progress but had not been enacted as of 2026.,0d0618db7455dc22aa59c9d0f0739abaf5595e240ba0be31df2c1758b37af093,body:root.children[4].sentence[4],4e849943bfbf7a179c3a86651f3b2f74c725835d6cb750f69bc1d9299d69731b,27c7cd86da6ea72e78ccad318bc70184b74142bbc45cdfbe51cd64e6535d48ae,e8cd847fd14f4d9854ae328352ad1f93f72e83217586df8bc295879bc055c99c,10,467
claim-c7c8f1cf49848794ec8d,content/reproductive-privacy-state-pages/reproductive-data-privacy-laws-new-jersey.mdx,ftc,HIGH,"Biden-era executive orders directing FTC and HHS action on reproductive data privacy were revoked on January 24, 2025.",bc3ca7c5424179650aa71ee05a0dee8d75b8a61b10c7d15afded685c2de66583,body:root.children[6].sentence[3],10f2e488ab5107fb93c5c1b2805ff19df89795c14bc5e1e409730fefc860b3e3,27c7cd86da6ea72e78ccad318bc70184b74142bbc45cdfbe51cd64e6535d48ae,e8cd847fd14f4d9854ae328352ad1f93f72e83217586df8bc295879bc055c99c,14,275
claim-5008c7527715d2f1a417,content/reproductive-privacy-state-pages/reproductive-data-privacy-laws-new-jersey.mdx,percent,HIGH,"A ClearDATA/Harris Poll survey (May 2023, n=2,053) found 81% of Americans wrongly believe HIPAA covers health apps.",949d8da7af39cbf542600cc57739114579823b99887e84605fb39ca172bd2185,body:root.children[6].sentence[4],10f2e488ab5107fb93c5c1b2805ff19df89795c14bc5e1e409730fefc860b3e3,27c7cd86da6ea72e78ccad318bc70184b74142bbc45cdfbe51cd64e6535d48ae,e8cd847fd14f4d9854ae328352ad1f93f72e83217586df8bc295879bc055c99c,14,414
claim-3cd15654fb68930e2b0b,content/reproductive-privacy-state-pages/reproductive-data-privacy-laws-new-mexico.mdx,bill-number,HIGH,"In 2023, New Mexico enacted SB 13, a shield law protecting healthcare providers and patients from out-of-state legal actions related to abortion services performed legally in New Mexico.",365989e4a19d18c48657f802c3f00357b0a4ef02541b52a50a09e6d00a279329,body:root.children[2].sentence[3],1dff6009548e13b90f6128f1e1b20a289d4feadc324a5cdc0ebc3160c324326c,8151263c8655b30b44d498d166f4f9704ad0fa75672b1c1af5315f41a5d2a3ec,e8cd847fd14f4d9854ae328352ad1f93f72e83217586df8bc295879bc055c99c,6,233
claim-8006bd14b41d577a484e,content/reproductive-privacy-state-pages/reproductive-data-privacy-laws-new-mexico.mdx,ftc,HIGH,"Biden-era executive orders directing FTC and HHS action on reproductive data privacy were revoked on January 24, 2025.",bc3ca7c5424179650aa71ee05a0dee8d75b8a61b10c7d15afded685c2de66583,body:root.children[6].sentence[3],10f2e488ab5107fb93c5c1b2805ff19df89795c14bc5e1e409730fefc860b3e3,8151263c8655b30b44d498d166f4f9704ad0fa75672b1c1af5315f41a5d2a3ec,e8cd847fd14f4d9854ae328352ad1f93f72e83217586df8bc295879bc055c99c,14,275
claim-9725d0b712b15905ddf9,content/reproductive-privacy-state-pages/reproductive-data-privacy-laws-new-mexico.mdx,percent,HIGH,"A ClearDATA/Harris Poll survey (May 2023, n=2,053) found 81% of Americans wrongly believe HIPAA covers health apps.",949d8da7af39cbf542600cc57739114579823b99887e84605fb39ca172bd2185,body:root.children[6].sentence[4],10f2e488ab5107fb93c5c1b2805ff19df89795c14bc5e1e409730fefc860b3e3,8151263c8655b30b44d498d166f4f9704ad0fa75672b1c1af5315f41a5d2a3ec,e8cd847fd14f4d9854ae328352ad1f93f72e83217586df8bc295879bc055c99c,14,414
claim-8e625a4cee8ea3edc4d7,content/reproductive-privacy-state-pages/reproductive-data-privacy-laws-new-york.mdx,ftc,HIGH,"Biden-era executive orders directing FTC and HHS action on reproductive data privacy were revoked on January 24, 2025.",bc3ca7c5424179650aa71ee05a0dee8d75b8a61b10c7d15afded685c2de66583,body:root.children[6].sentence[3],10f2e488ab5107fb93c5c1b2805ff19df89795c14bc5e1e409730fefc860b3e3,42948368e881acc39c0cb0482813a671bfce1f8951cb32ae0393f31f8bc712ef,e8cd847fd14f4d9854ae328352ad1f93f72e83217586df8bc295879bc055c99c,14,275
claim-7d93d71536d68f56e254,content/reproductive-privacy-state-pages/reproductive-data-privacy-laws-new-york.mdx,percent,HIGH,"A ClearDATA/Harris Poll survey (May 2023, n=2,053) found 81% of Americans wrongly believe HIPAA covers health apps.",949d8da7af39cbf542600cc57739114579823b99887e84605fb39ca172bd2185,body:root.children[6].sentence[4],10f2e488ab5107fb93c5c1b2805ff19df89795c14bc5e1e409730fefc860b3e3,42948368e881acc39c0cb0482813a671bfce1f8951cb32ae0393f31f8bc712ef,e8cd847fd14f4d9854ae328352ad1f93f72e83217586df8bc295879bc055c99c,14,414
claim-bd7f322544b8da0bb55e,content/reproductive-privacy-state-pages/reproductive-data-privacy-laws-north-carolina.mdx,bill-number,HIGH,SB 20 became law in 2023.,baf5b8c9c5f7d14e69b6e546b51db661e72b5cfc4569cfb940e8d0867bf1c09d,body:root.children[2].sentence[1],783705232d3c8618020e2b42e5ce2a17a36133ae9be3e399000f76796b47e215,7113c7f4677e7820b7781188cc4f035854c433a07f39456d6253c9968728a5a9,e8cd847fd14f4d9854ae328352ad1f93f72e83217586df8bc295879bc055c99c,6,64
claim-9b3fcb5cc68f410ac743,content/reproductive-privacy-state-pages/reproductive-data-privacy-laws-north-carolina.mdx,ftc,HIGH,"Biden-era executive orders directing FTC and HHS action on reproductive data privacy were revoked on January 24, 2025.",bc3ca7c5424179650aa71ee05a0dee8d75b8a61b10c7d15afded685c2de66583,body:root.children[6].sentence[3],393bc891fb8b8979aac21902bdd9ff6ff7b6026f9e2b6f52a338adf389245cd3,7113c7f4677e7820b7781188cc4f035854c433a07f39456d6253c9968728a5a9,e8cd847fd14f4d9854ae328352ad1f93f72e83217586df8bc295879bc055c99c,14,249
claim-88c5f19ca4485ab6fb0f,content/reproductive-privacy-state-pages/reproductive-data-privacy-laws-north-carolina.mdx,percent,HIGH,"A ClearDATA/Harris Poll survey (May 2023, n=2,053) found 81% of Americans wrongly believe HIPAA covers health apps.",949d8da7af39cbf542600cc57739114579823b99887e84605fb39ca172bd2185,body:root.children[6].sentence[4],393bc891fb8b8979aac21902bdd9ff6ff7b6026f9e2b6f52a338adf389245cd3,7113c7f4677e7820b7781188cc4f035854c433a07f39456d6253c9968728a5a9,e8cd847fd14f4d9854ae328352ad1f93f72e83217586df8bc295879bc055c99c,14,388
claim-29d7348089a9a4d2e6eb,content/reproductive-privacy-state-pages/reproductive-data-privacy-laws-north-dakota.mdx,bill-number,HIGH,"Abortion is banned in North Dakota under SB 2150, enacted in 2023.",e27545157132a02de2304582e039ead5123c4b6fc0dbb5bfae73ee667508f65e,body:root.children[2].sentence[0],3d00cade7b22e91407278d04920e3cc2122a7a2706e474c62250226a27f2bcd0,c47b4f647e8ee376c70c4f5a80646b3ad939be510745a20372ffd742e1a3c20b,e8cd847fd14f4d9854ae328352ad1f93f72e83217586df8bc295879bc055c99c,6,42
claim-5c323ee4af592b07aca3,content/reproductive-privacy-state-pages/reproductive-data-privacy-laws-north-dakota.mdx,named-case,HIGH,"The Center for American Progress documented 210 pregnancy-related prosecutions in the year following Dobbs (June 2022 to June 2023), the highest single-year total ever recorded.",edc0fcf9dc27a9676b001d1de7a2db9b2beeccdfec3274d7332d840183422583,body:root.children[6].sentence[1],18e041e839d2ac77962280dcb59723be72df5acc4db83076e608e453272aa7e1,c47b4f647e8ee376c70c4f5a80646b3ad939be510745a20372ffd742e1a3c20b,e8cd847fd14f4d9854ae328352ad1f93f72e83217586df8bc295879bc055c99c,14,203
claim-baae435e7e23ea6b501d,content/reproductive-privacy-state-pages/reproductive-data-privacy-laws-north-dakota.mdx,ftc,HIGH,"Biden-era executive orders directing FTC and HHS action on reproductive data privacy were revoked on January 24, 2025.",bc3ca7c5424179650aa71ee05a0dee8d75b8a61b10c7d15afded685c2de66583,body:root.children[8].sentence[3],393bc891fb8b8979aac21902bdd9ff6ff7b6026f9e2b6f52a338adf389245cd3,c47b4f647e8ee376c70c4f5a80646b3ad939be510745a20372ffd742e1a3c20b,e8cd847fd14f4d9854ae328352ad1f93f72e83217586df8bc295879bc055c99c,18,249
claim-865cb44b83f126c7ad3a,content/reproductive-privacy-state-pages/reproductive-data-privacy-laws-north-dakota.mdx,percent,HIGH,"A ClearDATA/Harris Poll survey (May 2023, n=2,053) found 81% of Americans wrongly believe HIPAA covers health apps.",949d8da7af39cbf542600cc57739114579823b99887e84605fb39ca172bd2185,body:root.children[8].sentence[4],393bc891fb8b8979aac21902bdd9ff6ff7b6026f9e2b6f52a338adf389245cd3,c47b4f647e8ee376c70c4f5a80646b3ad939be510745a20372ffd742e1a3c20b,e8cd847fd14f4d9854ae328352ad1f93f72e83217586df8bc295879bc055c99c,18,388
claim-40ad34bb277ecb36bea1,content/reproductive-privacy-state-pages/reproductive-data-privacy-laws-ohio.mdx,ftc,HIGH,"Biden-era executive orders directing FTC and HHS action on reproductive data privacy were revoked on January 24, 2025.",bc3ca7c5424179650aa71ee05a0dee8d75b8a61b10c7d15afded685c2de66583,body:root.children[6].sentence[3],393bc891fb8b8979aac21902bdd9ff6ff7b6026f9e2b6f52a338adf389245cd3,d8d4220010a7f0913dd3b87a7d02420b239360c50e1ea8e39b2f39389515851a,e8cd847fd14f4d9854ae328352ad1f93f72e83217586df8bc295879bc055c99c,14,249
claim-ff50f00366726b593811,content/reproductive-privacy-state-pages/reproductive-data-privacy-laws-ohio.mdx,percent,HIGH,"A ClearDATA/Harris Poll survey (May 2023, n=2,053) found 81% of Americans wrongly believe HIPAA covers health apps.",949d8da7af39cbf542600cc57739114579823b99887e84605fb39ca172bd2185,body:root.children[6].sentence[4],393bc891fb8b8979aac21902bdd9ff6ff7b6026f9e2b6f52a338adf389245cd3,d8d4220010a7f0913dd3b87a7d02420b239360c50e1ea8e39b2f39389515851a,e8cd847fd14f4d9854ae328352ad1f93f72e83217586df8bc295879bc055c99c,14,388
claim-849ec453530e779636b7,content/reproductive-privacy-state-pages/reproductive-data-privacy-laws-oklahoma.mdx,bill-number,HIGH,HB 4327 is modeled on the Texas SB 8 bounty system.,ca1c0e61fe7c85eeb7a9dd749a30fb857d75422b8f504d23d1cd047220f44038,body:root.children[2].sentence[2].occurrence[0],26d62691798e9d0ecf118bd1ac478ab3a757f57ba912b76bf4c497c7615de3d2,1733fa185eb99c152c411bba12a01641a908131c6fe48e5b627d46bdc59d86c4,e8cd847fd14f4d9854ae328352ad1f93f72e83217586df8bc295879bc055c99c,6,111
claim-fb78fcbc341451164f84,content/reproductive-privacy-state-pages/reproductive-data-privacy-laws-oklahoma.mdx,bill-number,HIGH,HB 4327 is modeled on the Texas SB 8 bounty system.,ca1c0e61fe7c85eeb7a9dd749a30fb857d75422b8f504d23d1cd047220f44038,body:root.children[2].sentence[2].occurrence[1],26d62691798e9d0ecf118bd1ac478ab3a757f57ba912b76bf4c497c7615de3d2,1733fa185eb99c152c411bba12a01641a908131c6fe48e5b627d46bdc59d86c4,e8cd847fd14f4d9854ae328352ad1f93f72e83217586df8bc295879bc055c99c,6,143
claim-1657b790ca8a59977ba7,content/reproductive-privacy-state-pages/reproductive-data-privacy-laws-oklahoma.mdx,named-case,HIGH,Oklahoma was one of the first states to ban abortion after the Dobbs decision.,89cca7a6288b6557701268d17b0a5e02b778b1e36f24a39155a3b04fdfc929cf,body:root.children[2].sentence[6],26d62691798e9d0ecf118bd1ac478ab3a757f57ba912b76bf4c497c7615de3d2,1733fa185eb99c152c411bba12a01641a908131c6fe48e5b627d46bdc59d86c4,e8cd847fd14f4d9854ae328352ad1f93f72e83217586df8bc295879bc055c99c,6,387
claim-67a6c5e789f10ec02723,content/reproductive-privacy-state-pages/reproductive-data-privacy-laws-oklahoma.mdx,named-case,HIGH,"The Center for American Progress documented 210 pregnancy-related prosecutions in the year following Dobbs (June 2022 to June 2023), the highest single-year total ever recorded.",edc0fcf9dc27a9676b001d1de7a2db9b2beeccdfec3274d7332d840183422583,body:root.children[6].sentence[1],e62be18b98bd66f5e958f65fa2c628e1a308a7a43190640495f445d11e653867,1733fa185eb99c152c411bba12a01641a908131c6fe48e5b627d46bdc59d86c4,e8cd847fd14f4d9854ae328352ad1f93f72e83217586df8bc295879bc055c99c,14,199
claim-98dfd2cfdf655063092c,content/reproductive-privacy-state-pages/reproductive-data-privacy-laws-oklahoma.mdx,ftc,HIGH,"Biden-era executive orders directing FTC and HHS action on reproductive data privacy were revoked on January 24, 2025.",bc3ca7c5424179650aa71ee05a0dee8d75b8a61b10c7d15afded685c2de66583,body:root.children[8].sentence[3],393bc891fb8b8979aac21902bdd9ff6ff7b6026f9e2b6f52a338adf389245cd3,1733fa185eb99c152c411bba12a01641a908131c6fe48e5b627d46bdc59d86c4,e8cd847fd14f4d9854ae328352ad1f93f72e83217586df8bc295879bc055c99c,18,249
claim-b7f5111a91932a37d596,content/reproductive-privacy-state-pages/reproductive-data-privacy-laws-oklahoma.mdx,percent,HIGH,"A ClearDATA/Harris Poll survey (May 2023, n=2,053) found 81% of Americans wrongly believe HIPAA covers health apps.",949d8da7af39cbf542600cc57739114579823b99887e84605fb39ca172bd2185,body:root.children[8].sentence[4],393bc891fb8b8979aac21902bdd9ff6ff7b6026f9e2b6f52a338adf389245cd3,1733fa185eb99c152c411bba12a01641a908131c6fe48e5b627d46bdc59d86c4,e8cd847fd14f4d9854ae328352ad1f93f72e83217586df8bc295879bc055c99c,18,388
claim-f8f8748bdc8f7ba7ad4e,content/reproductive-privacy-state-pages/reproductive-data-privacy-laws-oregon.mdx,case-citation,HIGH,"Oregon codified abortion access in state law in 1969, before Roe v. Wade was decided.",0608fbd8467a2f59a53fd6c70610d3788403a5ae34464bf00263d2843015d4ae,body:root.children[2].sentence[1],446e72af326b9f7a2ba4a9c79dbaaaf06b1b982d68a4a550b13dae163ed3c061,2deb4d725cccf45641d7fbb18ffc8deb34f7fd49f0ec951233faec831ac7d8c4,e8cd847fd14f4d9854ae328352ad1f93f72e83217586df8bc295879bc055c99c,6,135
claim-a62932008d886736219c,content/reproductive-privacy-state-pages/reproductive-data-privacy-laws-oregon.mdx,named-case,HIGH,"Oregon codified abortion access in state law in 1969, before Roe v. Wade was decided.",0608fbd8467a2f59a53fd6c70610d3788403a5ae34464bf00263d2843015d4ae,body:root.children[2].sentence[1],446e72af326b9f7a2ba4a9c79dbaaaf06b1b982d68a4a550b13dae163ed3c061,2deb4d725cccf45641d7fbb18ffc8deb34f7fd49f0ec951233faec831ac7d8c4,e8cd847fd14f4d9854ae328352ad1f93f72e83217586df8bc295879bc055c99c,6,135
claim-358e6dc624043cfdfc31,content/reproductive-privacy-state-pages/reproductive-data-privacy-laws-oregon.mdx,bill-number,HIGH,Oregon's shield law (SB 1577) creates legal barriers to out-of-state subpoenas related to abortion.,f9f849a86e4e6c93713ff139b4829a1ef5dcf5a39eb2204ffff468b96ae771c2,body:root.children[4].sentence[3],4006bd483b3a94cadb943147eaed47e616a7a034a5a720e9a9181db2f24a5407,2deb4d725cccf45641d7fbb18ffc8deb34f7fd49f0ec951233faec831ac7d8c4,e8cd847fd14f4d9854ae328352ad1f93f72e83217586df8bc295879bc055c99c,10,295
claim-daabe6d95b56cb1ab9ff,content/reproductive-privacy-state-pages/reproductive-data-privacy-laws-oregon.mdx,ftc,HIGH,"Biden-era executive orders directing FTC and HHS action on reproductive data privacy were revoked on January 24, 2025.",bc3ca7c5424179650aa71ee05a0dee8d75b8a61b10c7d15afded685c2de66583,body:root.children[6].sentence[3],393bc891fb8b8979aac21902bdd9ff6ff7b6026f9e2b6f52a338adf389245cd3,2deb4d725cccf45641d7fbb18ffc8deb34f7fd49f0ec951233faec831ac7d8c4,e8cd847fd14f4d9854ae328352ad1f93f72e83217586df8bc295879bc055c99c,14,249
claim-3549b62dd9c4d37cbaeb,content/reproductive-privacy-state-pages/reproductive-data-privacy-laws-oregon.mdx,percent,HIGH,"A ClearDATA/Harris Poll survey (May 2023, n=2,053) found 81% of Americans wrongly believe HIPAA covers health apps.",949d8da7af39cbf542600cc57739114579823b99887e84605fb39ca172bd2185,body:root.children[6].sentence[4],393bc891fb8b8979aac21902bdd9ff6ff7b6026f9e2b6f52a338adf389245cd3,2deb4d725cccf45641d7fbb18ffc8deb34f7fd49f0ec951233faec831ac7d8c4,e8cd847fd14f4d9854ae328352ad1f93f72e83217586df8bc295879bc055c99c,14,388
claim-fc37b98311400969bed4,content/reproductive-privacy-state-pages/reproductive-data-privacy-laws-pennsylvania.mdx,ftc,HIGH,"Biden-era executive orders directing FTC and HHS action on reproductive data privacy were revoked on January 24, 2025.",bc3ca7c5424179650aa71ee05a0dee8d75b8a61b10c7d15afded685c2de66583,body:root.children[6].sentence[3],393bc891fb8b8979aac21902bdd9ff6ff7b6026f9e2b6f52a338adf389245cd3,0b3efd5a9e95a197dfb95f5e2f6e65a469b38e62afc4f5dda5da81ae2d2ef617,e8cd847fd14f4d9854ae328352ad1f93f72e83217586df8bc295879bc055c99c,14,249
claim-a06b0486886657974539,content/reproductive-privacy-state-pages/reproductive-data-privacy-laws-pennsylvania.mdx,percent,HIGH,"A ClearDATA/Harris Poll survey (May 2023, n=2,053) found 81% of Americans wrongly believe HIPAA covers health apps.",949d8da7af39cbf542600cc57739114579823b99887e84605fb39ca172bd2185,body:root.children[6].sentence[4],393bc891fb8b8979aac21902bdd9ff6ff7b6026f9e2b6f52a338adf389245cd3,0b3efd5a9e95a197dfb95f5e2f6e65a469b38e62afc4f5dda5da81ae2d2ef617,e8cd847fd14f4d9854ae328352ad1f93f72e83217586df8bc295879bc055c99c,14,388
claim-3e5071f28b7a4f4b4617,content/reproductive-privacy-state-pages/reproductive-data-privacy-laws-rhode-island.mdx,ftc,HIGH,"Biden-era executive orders directing FTC and HHS action on reproductive data privacy were revoked on January 24, 2025.",bc3ca7c5424179650aa71ee05a0dee8d75b8a61b10c7d15afded685c2de66583,body:root.children[6].sentence[3],393bc891fb8b8979aac21902bdd9ff6ff7b6026f9e2b6f52a338adf389245cd3,4208ffabbbee0e4815063581791ad54a4d3c54e06d134113621d29f92bfe2035,e8cd847fd14f4d9854ae328352ad1f93f72e83217586df8bc295879bc055c99c,14,249
claim-1559235de61e0e622a49,content/reproductive-privacy-state-pages/reproductive-data-privacy-laws-rhode-island.mdx,percent,HIGH,"A ClearDATA/Harris Poll survey (May 2023, n=2,053) found 81% of Americans wrongly believe HIPAA covers health apps.",949d8da7af39cbf542600cc57739114579823b99887e84605fb39ca172bd2185,body:root.children[6].sentence[4],393bc891fb8b8979aac21902bdd9ff6ff7b6026f9e2b6f52a338adf389245cd3,4208ffabbbee0e4815063581791ad54a4d3c54e06d134113621d29f92bfe2035,e8cd847fd14f4d9854ae328352ad1f93f72e83217586df8bc295879bc055c99c,14,388
claim-590586001a6323f1db79,content/reproductive-privacy-state-pages/reproductive-data-privacy-laws-south-carolina.mdx,ftc,HIGH,"Biden-era executive orders directing FTC and HHS action on reproductive data privacy were revoked on January 24, 2025.",bc3ca7c5424179650aa71ee05a0dee8d75b8a61b10c7d15afded685c2de66583,body:root.children[6].sentence[3],393bc891fb8b8979aac21902bdd9ff6ff7b6026f9e2b6f52a338adf389245cd3,c37300ca40a3abd9310664b7b769f167563777816bb9dd37b7cd9fdf9d97db23,e8cd847fd14f4d9854ae328352ad1f93f72e83217586df8bc295879bc055c99c,14,249
claim-df2767b1f67769a13b46,content/reproductive-privacy-state-pages/reproductive-data-privacy-laws-south-carolina.mdx,percent,HIGH,"A ClearDATA/Harris Poll survey (May 2023, n=2,053) found 81% of Americans wrongly believe HIPAA covers health apps.",949d8da7af39cbf542600cc57739114579823b99887e84605fb39ca172bd2185,body:root.children[6].sentence[4],393bc891fb8b8979aac21902bdd9ff6ff7b6026f9e2b6f52a338adf389245cd3,c37300ca40a3abd9310664b7b769f167563777816bb9dd37b7cd9fdf9d97db23,e8cd847fd14f4d9854ae328352ad1f93f72e83217586df8bc295879bc055c99c,14,388
claim-2198bee9e2aae709c301,content/reproductive-privacy-state-pages/reproductive-data-privacy-laws-south-dakota.mdx,case-citation,HIGH,Abortion is banned in South Dakota under a trigger law that took effect after Roe v. Wade was overturned.,f5d43fb962c1a707204ac2a63225e2973d9755ff7e4b99e97b631daa14dc4f43,body:root.children[2].sentence[0],112028d68314d23daa05606e914e9ca1b67e32ceeb4d8096d3767c4e5cc00bff,6913aac7f4d363334f13c760cbcfff819d279ba26d2fe098a5c9b3fdfda67d52,e8cd847fd14f4d9854ae328352ad1f93f72e83217586df8bc295879bc055c99c,6,79
claim-b43dadd597357129198a,content/reproductive-privacy-state-pages/reproductive-data-privacy-laws-south-dakota.mdx,named-case,HIGH,Abortion is banned in South Dakota under a trigger law that took effect after Roe v. Wade was overturned.,f5d43fb962c1a707204ac2a63225e2973d9755ff7e4b99e97b631daa14dc4f43,body:root.children[2].sentence[0],112028d68314d23daa05606e914e9ca1b67e32ceeb4d8096d3767c4e5cc00bff,6913aac7f4d363334f13c760cbcfff819d279ba26d2fe098a5c9b3fdfda67d52,e8cd847fd14f4d9854ae328352ad1f93f72e83217586df8bc295879bc055c99c,6,79
claim-b908b3048c4175cec35f,content/reproductive-privacy-state-pages/reproductive-data-privacy-laws-south-dakota.mdx,named-case,HIGH,South Dakota had positioned this trigger law to take effect immediately after the Dobbs decision.,517f0fe31d8f30b68020c02f2efbf552331f033cfeb60f458ef8311a87057daf,body:root.children[2].sentence[3],112028d68314d23daa05606e914e9ca1b67e32ceeb4d8096d3767c4e5cc00bff,6913aac7f4d363334f13c760cbcfff819d279ba26d2fe098a5c9b3fdfda67d52,e8cd847fd14f4d9854ae328352ad1f93f72e83217586df8bc295879bc055c99c,6,289
claim-7fe9a181704bb320f1aa,content/reproductive-privacy-state-pages/reproductive-data-privacy-laws-south-dakota.mdx,named-case,HIGH,"The Center for American Progress documented 210 pregnancy-related prosecutions in the year following Dobbs (June 2022 to June 2023), the highest single-year total ever recorded.",edc0fcf9dc27a9676b001d1de7a2db9b2beeccdfec3274d7332d840183422583,body:root.children[6].sentence[1],5c318d1918204890d3cb7476afd1230bf8d1711d7baaf02c1b281855642cba5e,6913aac7f4d363334f13c760cbcfff819d279ba26d2fe098a5c9b3fdfda67d52,e8cd847fd14f4d9854ae328352ad1f93f72e83217586df8bc295879bc055c99c,14,203
claim-065818d4fa9e7fa29e52,content/reproductive-privacy-state-pages/reproductive-data-privacy-laws-south-dakota.mdx,ftc,HIGH,"Biden-era executive orders directing FTC and HHS action on reproductive data privacy were revoked on January 24, 2025.",bc3ca7c5424179650aa71ee05a0dee8d75b8a61b10c7d15afded685c2de66583,body:root.children[8].sentence[3],393bc891fb8b8979aac21902bdd9ff6ff7b6026f9e2b6f52a338adf389245cd3,6913aac7f4d363334f13c760cbcfff819d279ba26d2fe098a5c9b3fdfda67d52,e8cd847fd14f4d9854ae328352ad1f93f72e83217586df8bc295879bc055c99c,18,249
claim-920fd020ab6171595893,content/reproductive-privacy-state-pages/reproductive-data-privacy-laws-south-dakota.mdx,percent,HIGH,"A ClearDATA/Harris Poll survey (May 2023, n=2,053) found 81% of Americans wrongly believe HIPAA covers health apps.",949d8da7af39cbf542600cc57739114579823b99887e84605fb39ca172bd2185,body:root.children[8].sentence[4],393bc891fb8b8979aac21902bdd9ff6ff7b6026f9e2b6f52a338adf389245cd3,6913aac7f4d363334f13c760cbcfff819d279ba26d2fe098a5c9b3fdfda67d52,e8cd847fd14f4d9854ae328352ad1f93f72e83217586df8bc295879bc055c99c,18,388
claim-6beec653f049de792fab,content/reproductive-privacy-state-pages/reproductive-data-privacy-laws-tennessee.mdx,case-citation,HIGH,This trigger law took effect after Roe v. Wade was overturned.,3be1bb14d340aae1a7b45841844c05b5726ecc666888d10983145f1e6066867b,body:root.children[2].sentence[1],6044aac3b9e811fa54a5064381aeae66df65838e886682ab7680f9b1e64b342e,a2b7a158b99270cf26a9aa4a0ad0904ca7e8748583b1f5d933a32e352c9d7cc5,e8cd847fd14f4d9854ae328352ad1f93f72e83217586df8bc295879bc055c99c,6,105
claim-52b1f3217729f5037e9c,content/reproductive-privacy-state-pages/reproductive-data-privacy-laws-tennessee.mdx,named-case,HIGH,This trigger law took effect after Roe v. Wade was overturned.,3be1bb14d340aae1a7b45841844c05b5726ecc666888d10983145f1e6066867b,body:root.children[2].sentence[1],6044aac3b9e811fa54a5064381aeae66df65838e886682ab7680f9b1e64b342e,a2b7a158b99270cf26a9aa4a0ad0904ca7e8748583b1f5d933a32e352c9d7cc5,e8cd847fd14f4d9854ae328352ad1f93f72e83217586df8bc295879bc055c99c,6,105
claim-61cf67fc2b0da22cc96e,content/reproductive-privacy-state-pages/reproductive-data-privacy-laws-tennessee.mdx,named-case,HIGH,Tennessee was among the states that moved quickly to enforce its trigger law after the Dobbs decision.,b5fafb9d5a99cca38c25b814ee40873aae7c68ee4e228be7823d3394ce09229b,body:root.children[2].sentence[4],6044aac3b9e811fa54a5064381aeae66df65838e886682ab7680f9b1e64b342e,a2b7a158b99270cf26a9aa4a0ad0904ca7e8748583b1f5d933a32e352c9d7cc5,e8cd847fd14f4d9854ae328352ad1f93f72e83217586df8bc295879bc055c99c,6,376
claim-124261676e4d2d6a5323,content/reproductive-privacy-state-pages/reproductive-data-privacy-laws-tennessee.mdx,ftc,HIGH,"Biden-era executive orders directing FTC and HHS action on reproductive data privacy were revoked on January 24, 2025.",bc3ca7c5424179650aa71ee05a0dee8d75b8a61b10c7d15afded685c2de66583,body:root.children[6].sentence[3],393bc891fb8b8979aac21902bdd9ff6ff7b6026f9e2b6f52a338adf389245cd3,a2b7a158b99270cf26a9aa4a0ad0904ca7e8748583b1f5d933a32e352c9d7cc5,e8cd847fd14f4d9854ae328352ad1f93f72e83217586df8bc295879bc055c99c,14,249
claim-3e18dd45c902a1364cfe,content/reproductive-privacy-state-pages/reproductive-data-privacy-laws-tennessee.mdx,percent,HIGH,"A ClearDATA/Harris Poll survey (May 2023, n=2,053) found 81% of Americans wrongly believe HIPAA covers health apps.",949d8da7af39cbf542600cc57739114579823b99887e84605fb39ca172bd2185,body:root.children[6].sentence[4],393bc891fb8b8979aac21902bdd9ff6ff7b6026f9e2b6f52a338adf389245cd3,a2b7a158b99270cf26a9aa4a0ad0904ca7e8748583b1f5d933a32e352c9d7cc5,e8cd847fd14f4d9854ae328352ad1f93f72e83217586df8bc295879bc055c99c,14,388
claim-41a2bfb7d5629c3552d4,content/reproductive-privacy-state-pages/reproductive-data-privacy-laws-utah.mdx,bill-number,HIGH,Abortion is restricted in Utah under HB 467 (2023).,17b3a3509a605f1797db017736e67bcd4fccc33c864f3d2fb665147ba0a3e95d,body:root.children[2].sentence[0],381e574d9ad1dc92ea33fd2a6881250556f00ba9edac0c0555d06b7f79bedf03,1216851e62bf8de22c55cfa99feca7dd3cca650c7443c6397771b28386490f45,e8cd847fd14f4d9854ae328352ad1f93f72e83217586df8bc295879bc055c99c,6,38
claim-52a7cc93530e6dc17d1d,content/reproductive-privacy-state-pages/reproductive-data-privacy-laws-utah.mdx,as-of-date,HIGH,The precise legal landscape is somewhat uncertain as of 2026.,da2cdf74d87dc9c002f47bfecc73422ff77c3221d533a18949866329b263f89a,body:root.children[2].sentence[4],381e574d9ad1dc92ea33fd2a6881250556f00ba9edac0c0555d06b7f79bedf03,1216851e62bf8de22c55cfa99feca7dd3cca650c7443c6397771b28386490f45,e8cd847fd14f4d9854ae328352ad1f93f72e83217586df8bc295879bc055c99c,6,331
claim-7dd056287a99a296bbcd,content/reproductive-privacy-state-pages/reproductive-data-privacy-laws-utah.mdx,ftc,HIGH,"Biden-era executive orders directing FTC and HHS action on reproductive data privacy were revoked on January 24, 2025.",bc3ca7c5424179650aa71ee05a0dee8d75b8a61b10c7d15afded685c2de66583,body:root.children[6].sentence[3],d7352a6bbae50e2e629e78611250e27c42e2b77d8b7fba132450cdb1890260ad,1216851e62bf8de22c55cfa99feca7dd3cca650c7443c6397771b28386490f45,e8cd847fd14f4d9854ae328352ad1f93f72e83217586df8bc295879bc055c99c,14,275
claim-5a15695cc325885b4bc1,content/reproductive-privacy-state-pages/reproductive-data-privacy-laws-utah.mdx,percent,HIGH,"A ClearDATA/Harris Poll survey (May 2023, n=2,053) found 81% of Americans wrongly believe HIPAA covers health apps.",949d8da7af39cbf542600cc57739114579823b99887e84605fb39ca172bd2185,body:root.children[6].sentence[4],d7352a6bbae50e2e629e78611250e27c42e2b77d8b7fba132450cdb1890260ad,1216851e62bf8de22c55cfa99feca7dd3cca650c7443c6397771b28386490f45,e8cd847fd14f4d9854ae328352ad1f93f72e83217586df8bc295879bc055c99c,14,414
claim-80bd9885a6160c8c0f70,content/reproductive-privacy-state-pages/reproductive-data-privacy-laws-vermont.mdx,ftc,HIGH,"Biden-era executive orders directing FTC and HHS action on reproductive data privacy were revoked on January 24, 2025.",bc3ca7c5424179650aa71ee05a0dee8d75b8a61b10c7d15afded685c2de66583,body:root.children[6].sentence[3],d7352a6bbae50e2e629e78611250e27c42e2b77d8b7fba132450cdb1890260ad,7d7b534edfecdf178e03f74d84d045fe590d063470ee38fba9cd1d7d274aa23d,e8cd847fd14f4d9854ae328352ad1f93f72e83217586df8bc295879bc055c99c,14,275
claim-a29aa17de67b29dbbeac,content/reproductive-privacy-state-pages/reproductive-data-privacy-laws-vermont.mdx,percent,HIGH,"A ClearDATA/Harris Poll survey (May 2023, n=2,053) found 81% of Americans wrongly believe HIPAA covers health apps.",949d8da7af39cbf542600cc57739114579823b99887e84605fb39ca172bd2185,body:root.children[6].sentence[4],d7352a6bbae50e2e629e78611250e27c42e2b77d8b7fba132450cdb1890260ad,7d7b534edfecdf178e03f74d84d045fe590d063470ee38fba9cd1d7d274aa23d,e8cd847fd14f4d9854ae328352ad1f93f72e83217586df8bc295879bc055c99c,14,414
claim-aad4578fe1ee2cc48282,content/reproductive-privacy-state-pages/reproductive-data-privacy-laws-virginia.mdx,bill-number,HIGH,"SB 754 (March 2025) amends the Virginia Consumer Protection Act to prohibit obtaining, disclosing, or selling reproductive or sexual health information without consent.",328dffbc95870bbe8b0090b8b47e07b3220abd5a6416497f0cbdda3ae0d934e1,body:root.children[7].sentence[0],ae07eb23c06ea873de6d5e3ead52d70eed3f824512b19118ff2958e3c9697caa,19b3da97ce8f9c2773657db7ed64fbc7e3c04e4bf60b668cae8f1865e0d3f096,e8cd847fd14f4d9854ae328352ad1f93f72e83217586df8bc295879bc055c99c,16,1
claim-10216680fbc08fa1b9ee,content/reproductive-privacy-state-pages/reproductive-data-privacy-laws-virginia.mdx,dollar,HIGH,"It includes a private right of action ($500 to $1,000 per violation).",1af9f1a289dce0e4c4b31f62851a40f1c30c2d15ae7f2519b14c11db869c1f77,body:root.children[7].sentence[1].occurrence[0],ae07eb23c06ea873de6d5e3ead52d70eed3f824512b19118ff2958e3c9697caa,19b3da97ce8f9c2773657db7ed64fbc7e3c04e4bf60b668cae8f1865e0d3f096,e8cd847fd14f4d9854ae328352ad1f93f72e83217586df8bc295879bc055c99c,16,209
claim-d6a2f772acc1ea517a25,content/reproductive-privacy-state-pages/reproductive-data-privacy-laws-virginia.mdx,dollar,HIGH,"It includes a private right of action ($500 to $1,000 per violation).",1af9f1a289dce0e4c4b31f62851a40f1c30c2d15ae7f2519b14c11db869c1f77,body:root.children[7].sentence[1].occurrence[1],ae07eb23c06ea873de6d5e3ead52d70eed3f824512b19118ff2958e3c9697caa,19b3da97ce8f9c2773657db7ed64fbc7e3c04e4bf60b668cae8f1865e0d3f096,e8cd847fd14f4d9854ae328352ad1f93f72e83217586df8bc295879bc055c99c,16,217
claim-32bc6dc545a9709f3574,content/reproductive-privacy-state-pages/reproductive-data-privacy-laws-virginia.mdx,bill-number,HIGH,SB 16 (July 2024) prohibits search warrants for menstrual data stored on apps or electronic devices.,a529278fd78ea4cae281bdf6f7f14cc2389c5cfe7d16c6f23f3ce96ee20a2523,body:root.children[7].sentence[2],ae07eb23c06ea873de6d5e3ead52d70eed3f824512b19118ff2958e3c9697caa,19b3da97ce8f9c2773657db7ed64fbc7e3c04e4bf60b668cae8f1865e0d3f096,e8cd847fd14f4d9854ae328352ad1f93f72e83217586df8bc295879bc055c99c,16,240
claim-61a258fbb8e77c46489d,content/reproductive-privacy-state-pages/reproductive-data-privacy-laws-virginia.mdx,ftc,HIGH,"Biden-era executive orders directing FTC and HHS action on reproductive data privacy were revoked on January 24, 2025.",bc3ca7c5424179650aa71ee05a0dee8d75b8a61b10c7d15afded685c2de66583,body:root.children[9].sentence[3],d7352a6bbae50e2e629e78611250e27c42e2b77d8b7fba132450cdb1890260ad,19b3da97ce8f9c2773657db7ed64fbc7e3c04e4bf60b668cae8f1865e0d3f096,e8cd847fd14f4d9854ae328352ad1f93f72e83217586df8bc295879bc055c99c,20,275
claim-5659e451b5aa02d3b88b,content/reproductive-privacy-state-pages/reproductive-data-privacy-laws-virginia.mdx,percent,HIGH,"A ClearDATA/Harris Poll survey (May 2023, n=2,053) found 81% of Americans wrongly believe HIPAA covers health apps.",949d8da7af39cbf542600cc57739114579823b99887e84605fb39ca172bd2185,body:root.children[9].sentence[4],d7352a6bbae50e2e629e78611250e27c42e2b77d8b7fba132450cdb1890260ad,19b3da97ce8f9c2773657db7ed64fbc7e3c04e4bf60b668cae8f1865e0d3f096,e8cd847fd14f4d9854ae328352ad1f93f72e83217586df8bc295879bc055c99c,20,414
claim-87a76fa0d5d688e51920,content/reproductive-privacy-state-pages/reproductive-data-privacy-laws-washington.mdx,named-case,HIGH,Washington's legal framework for abortion access was well established long before the Dobbs decision.,44f0d198b923a4ec9957a2a5dd75f42e1a0dff28fc90d7c0f902bf806b1b14c1,body:root.children[2].sentence[3],f9a3ecfbd28ec2191e327cb474ad7d3015bd95829e4cb5dbf41469f2a46407cc,0e86f6bdefc8556e6de6cd9aec3c2e5f7226103a0c7a2a73f14b7ac32a83cc68,e8cd847fd14f4d9854ae328352ad1f93f72e83217586df8bc295879bc055c99c,6,340
claim-40cabb50a6fc6334a445,content/reproductive-privacy-state-pages/reproductive-data-privacy-laws-washington.mdx,bill-number,HIGH,The state's shield law (SB 5489) protects technology companies based in Washington from out-of-state subpoenas related to abortion.,a5ff2c1ef4e1c9f1b19460ae3ae0bd66a06ef9927c911cf6949144e574d1041d,body:root.children[4].sentence[3],b505e9a77fdfcfca73aee48e9cf5a1579ed77fc75d739c4d2f81ea830dbd26ef,0e86f6bdefc8556e6de6cd9aec3c2e5f7226103a0c7a2a73f14b7ac32a83cc68,e8cd847fd14f4d9854ae328352ad1f93f72e83217586df8bc295879bc055c99c,10,271
claim-423b1a5eba883bc1f72b,content/reproductive-privacy-state-pages/reproductive-data-privacy-laws-washington.mdx,bill-number,HIGH,"Washington enacted specific reproductive data privacy protections through the My Health My Data Act (HB 1155, April 2023).",463365f24ba36927a8c17f7b59ad1c967a7072301a704e71f498c0c7f082f9ba,body:root.children[6].sentence[0],80f79eeafd38ca80dc10254eca8baa33ed13cbd92bb311c29869541bf367096a,0e86f6bdefc8556e6de6cd9aec3c2e5f7226103a0c7a2a73f14b7ac32a83cc68,e8cd847fd14f4d9854ae328352ad1f93f72e83217586df8bc295879bc055c99c,14,102
claim-57f3c317ce79b0f62eec,content/reproductive-privacy-state-pages/reproductive-data-privacy-laws-washington.mdx,dollar,HIGH,"Violations can be pursued under the Washington Consumer Protection Act, with treble damages up to $25,000 per person.",3b6a0ee568e20ff90a46af47c9a3f83170e79be5a3eddd72f6b855cb6d241d35,body:root.children[7].sentence[5],58ad8776302fceda29a8b4b4ade44a9d06dd0c48c59150731ba1dd317184eed5,0e86f6bdefc8556e6de6cd9aec3c2e5f7226103a0c7a2a73f14b7ac32a83cc68,e8cd847fd14f4d9854ae328352ad1f93f72e83217586df8bc295879bc055c99c,16,454
claim-7372135b5c21db094bc6,content/reproductive-privacy-state-pages/reproductive-data-privacy-laws-washington.mdx,case-citation,HIGH,The first class action under this law was filed as Maxwell v. Amazon (W.D.,1da2ea2f1068854ee4b2f188d506be672b78a4d8a33437a55d59c9ed6f4a378c,body:root.children[7].sentence[6],58ad8776302fceda29a8b4b4ade44a9d06dd0c48c59150731ba1dd317184eed5,0e86f6bdefc8556e6de6cd9aec3c2e5f7226103a0c7a2a73f14b7ac32a83cc68,e8cd847fd14f4d9854ae328352ad1f93f72e83217586df8bc295879bc055c99c,16,525
claim-bfee556ebac7a10c5549,content/reproductive-privacy-state-pages/reproductive-data-privacy-laws-washington.mdx,ftc,HIGH,"Biden-era executive orders directing FTC and HHS action on reproductive data privacy were revoked on January 24, 2025.",bc3ca7c5424179650aa71ee05a0dee8d75b8a61b10c7d15afded685c2de66583,body:root.children[9].sentence[3],d7352a6bbae50e2e629e78611250e27c42e2b77d8b7fba132450cdb1890260ad,0e86f6bdefc8556e6de6cd9aec3c2e5f7226103a0c7a2a73f14b7ac32a83cc68,e8cd847fd14f4d9854ae328352ad1f93f72e83217586df8bc295879bc055c99c,20,275
claim-44cb3db4a13e33bc5073,content/reproductive-privacy-state-pages/reproductive-data-privacy-laws-washington.mdx,percent,HIGH,"A ClearDATA/Harris Poll survey (May 2023, n=2,053) found 81% of Americans wrongly believe HIPAA covers health apps.",949d8da7af39cbf542600cc57739114579823b99887e84605fb39ca172bd2185,body:root.children[9].sentence[4],d7352a6bbae50e2e629e78611250e27c42e2b77d8b7fba132450cdb1890260ad,0e86f6bdefc8556e6de6cd9aec3c2e5f7226103a0c7a2a73f14b7ac32a83cc68,e8cd847fd14f4d9854ae328352ad1f93f72e83217586df8bc295879bc055c99c,20,414
claim-021ba686984e1cda770a,content/reproductive-privacy-state-pages/reproductive-data-privacy-laws-west-virginia.mdx,bill-number,HIGH,"Abortion is banned in West Virginia under HB 302, enacted in 2022.",cf4e664751cc6dbe3fde078efad8a87706753ce110889313251a69911e5c2439,body:root.children[2].sentence[0],f961e559b4b334f58091a0ac3bb41242d280eb8559c6c009bfd2a0876ea1a2ea,89e1a5d4b360f715acfd2224e233d662b27b711318752cec26c46bd29b697309,e8cd847fd14f4d9854ae328352ad1f93f72e83217586df8bc295879bc055c99c,6,43
claim-ac7d977728b0fd13d933,content/reproductive-privacy-state-pages/reproductive-data-privacy-laws-west-virginia.mdx,named-case,HIGH,West Virginia moved quickly to pass an abortion ban following the Dobbs decision.,59d26f70dfbdae7916b36f0a34fa9ae63efd160d204566a3c7adcf80b34e1ab7,body:root.children[2].sentence[2],f961e559b4b334f58091a0ac3bb41242d280eb8559c6c009bfd2a0876ea1a2ea,89e1a5d4b360f715acfd2224e233d662b27b711318752cec26c46bd29b697309,e8cd847fd14f4d9854ae328352ad1f93f72e83217586df8bc295879bc055c99c,6,306
claim-5f54d142f2d1554552fe,content/reproductive-privacy-state-pages/reproductive-data-privacy-laws-west-virginia.mdx,named-case,HIGH,The Center for American Progress documented 210 pregnancy-related prosecutions in the year following Dobbs (June 2022 to June 2023).,393f928b5470f34b00d444284308b842119fa31f89b4885bc045dd4ddeb77890,body:root.children[6].sentence[2],e9d054ba7492dbd87a60a241d80ba66f3fd4a247ce4f6223adb9ceb3d5315bc3,89e1a5d4b360f715acfd2224e233d662b27b711318752cec26c46bd29b697309,e8cd847fd14f4d9854ae328352ad1f93f72e83217586df8bc295879bc055c99c,14,261
claim-c6e513ae498f739340c2,content/reproductive-privacy-state-pages/reproductive-data-privacy-laws-west-virginia.mdx,ftc,HIGH,"Biden-era executive orders directing FTC and HHS action on reproductive data privacy were revoked on January 24, 2025.",bc3ca7c5424179650aa71ee05a0dee8d75b8a61b10c7d15afded685c2de66583,body:root.children[8].sentence[3],d7352a6bbae50e2e629e78611250e27c42e2b77d8b7fba132450cdb1890260ad,89e1a5d4b360f715acfd2224e233d662b27b711318752cec26c46bd29b697309,e8cd847fd14f4d9854ae328352ad1f93f72e83217586df8bc295879bc055c99c,18,275
claim-5d417694304780c83a58,content/reproductive-privacy-state-pages/reproductive-data-privacy-laws-west-virginia.mdx,percent,HIGH,"A ClearDATA/Harris Poll survey (May 2023, n=2,053) found 81% of Americans wrongly believe HIPAA covers health apps.",949d8da7af39cbf542600cc57739114579823b99887e84605fb39ca172bd2185,body:root.children[8].sentence[4],d7352a6bbae50e2e629e78611250e27c42e2b77d8b7fba132450cdb1890260ad,89e1a5d4b360f715acfd2224e233d662b27b711318752cec26c46bd29b697309,e8cd847fd14f4d9854ae328352ad1f93f72e83217586df8bc295879bc055c99c,18,414
claim-d9a5b8cb098a2cacf57b,content/reproductive-privacy-state-pages/reproductive-data-privacy-laws-wisconsin.mdx,ftc,HIGH,"Biden-era executive orders directing FTC and HHS action on reproductive data privacy were revoked on January 24, 2025.",bc3ca7c5424179650aa71ee05a0dee8d75b8a61b10c7d15afded685c2de66583,body:root.children[6].sentence[3],d7352a6bbae50e2e629e78611250e27c42e2b77d8b7fba132450cdb1890260ad,c0eb564c6dc35965ae47767896369733145afc7f24df486cbcd327d5f8a3ab4a,e8cd847fd14f4d9854ae328352ad1f93f72e83217586df8bc295879bc055c99c,14,275
claim-f7761d98700decdf2a5d,content/reproductive-privacy-state-pages/reproductive-data-privacy-laws-wisconsin.mdx,percent,HIGH,"A ClearDATA/Harris Poll survey (May 2023, n=2,053) found 81% of Americans wrongly believe HIPAA covers health apps.",949d8da7af39cbf542600cc57739114579823b99887e84605fb39ca172bd2185,body:root.children[6].sentence[4],d7352a6bbae50e2e629e78611250e27c42e2b77d8b7fba132450cdb1890260ad,c0eb564c6dc35965ae47767896369733145afc7f24df486cbcd327d5f8a3ab4a,e8cd847fd14f4d9854ae328352ad1f93f72e83217586df8bc295879bc055c99c,14,414
claim-f604b2abe7aa9889a431,content/reproductive-privacy-state-pages/reproductive-data-privacy-laws-wyoming.mdx,bill-number,HIGH,"Abortion is banned in Wyoming under HB 92, enacted in 2023.",42a197feebfb86bf0b8e502f9f84c68762c08d0cf60c706f9b94e727d9f9a556,body:root.children[2].sentence[0],d0f0fde460009dd20d3bc2fbcf0bdb78c6009d0ba103e67de956fa64a9894363,555cd9ac9b2fdaa0938d37cdd9a68ed38fff66613a727d50872be0a075f734e8,e8cd847fd14f4d9854ae328352ad1f93f72e83217586df8bc295879bc055c99c,6,37
claim-bd7f9b34fca75bd8c338,content/reproductive-privacy-state-pages/reproductive-data-privacy-laws-wyoming.mdx,ftc,HIGH,"Biden-era executive orders directing FTC and HHS action on reproductive data privacy were revoked on January 24, 2025.",bc3ca7c5424179650aa71ee05a0dee8d75b8a61b10c7d15afded685c2de66583,body:root.children[6].sentence[3],d7352a6bbae50e2e629e78611250e27c42e2b77d8b7fba132450cdb1890260ad,555cd9ac9b2fdaa0938d37cdd9a68ed38fff66613a727d50872be0a075f734e8,e8cd847fd14f4d9854ae328352ad1f93f72e83217586df8bc295879bc055c99c,14,275
claim-d3d424f3702270fb17a4,content/reproductive-privacy-state-pages/reproductive-data-privacy-laws-wyoming.mdx,percent,HIGH,"A ClearDATA/Harris Poll survey (May 2023, n=2,053) found 81% of Americans wrongly believe HIPAA covers health apps.",949d8da7af39cbf542600cc57739114579823b99887e84605fb39ca172bd2185,body:root.children[6].sentence[4],d7352a6bbae50e2e629e78611250e27c42e2b77d8b7fba132450cdb1890260ad,555cd9ac9b2fdaa0938d37cdd9a68ed38fff66613a727d50872be0a075f734e8,e8cd847fd14f4d9854ae328352ad1f93f72e83217586df8bc295879bc055c99c,14,414
claim-26c9e3f7e7e98ecf1f63,content/symptom-guides/bleeding-between-periods.mdx,dollar,MED,Flo Health's FTC enforcement action and $59.5 million class action settlement confirmed that major period apps shared health data with third parties.,39f8019d52c4e9443ba6486729551f644d469d41ce311794beb2c61bfcecaf10,body:root.children[42].sentence[0],fcc562da8182433f28b1ac40436f7cc3cf219acca176574ae546dd5ce014b513,31529f8a28325d277de2b807c3513bbf1ca80f1d5068d48997858af4e376f1df,e8cd847fd14f4d9854ae328352ad1f93f72e83217586df8bc295879bc055c99c,109,41
claim-7378f8576cc073eac4db,content/symptom-guides/bleeding-between-periods.mdx,ftc,MED,Flo Health's FTC enforcement action and $59.5 million class action settlement confirmed that major period apps shared health data with third parties.,39f8019d52c4e9443ba6486729551f644d469d41ce311794beb2c61bfcecaf10,body:root.children[42].sentence[0],fcc562da8182433f28b1ac40436f7cc3cf219acca176574ae546dd5ce014b513,31529f8a28325d277de2b807c3513bbf1ca80f1d5068d48997858af4e376f1df,e8cd847fd14f4d9854ae328352ad1f93f72e83217586df8bc295879bc055c99c,109,14
claim-429ecf8a182bfbd8a6cd,content/symptom-guides/breast-pain-after-period.mdx,ftc,MED,Flo Health was subject to an FTC enforcement action in 2021 for sharing period and health data with Facebook and Google.,2b3d8ff619751b136ca12e8d90694e785a06c13c83dbc8f25ff096497f3c189b,body:root.children[27].sentence[0],dded3cee209679b2261c11b6c6a190d0b019185c1b992291679e5e746f9ebc8d,1bea0bdcca39569b26d760ee5924ad07731ec150bd54384df3d5c5b9c6f417bb,e8cd847fd14f4d9854ae328352ad1f93f72e83217586df8bc295879bc055c99c,66,30
claim-711d04c9267c90209be0,content/symptom-guides/breast-pain-after-period.mdx,dollar,MED,A $59.5 million class action settlement followed in 2025.,378560714a69f8113d2e6fa148604b83c30593cd5fe5cde1e1af5814ea6bd470,body:root.children[27].sentence[1],dded3cee209679b2261c11b6c6a190d0b019185c1b992291679e5e746f9ebc8d,1bea0bdcca39569b26d760ee5924ad07731ec150bd54384df3d5c5b9c6f417bb,e8cd847fd14f4d9854ae328352ad1f93f72e83217586df8bc295879bc055c99c,66,124
claim-8a79ec2ba3ca278b6192,content/symptom-guides/brown-discharge-before-period.mdx,dollar,MED,Flo Health's 2021 FTC action and $59.5 million class action settlement demonstrated that major apps have shared this data with ad networks and analytics partners without meaningful user consent.,c7e5597c0e54b8687595c553859041e7074164b1049bde47a96beaa1970cb7b2,body:root.children[28].sentence[0],9c45addee011d99704d04a05d021ba7c9e80250cec628ec0c01782f929e414ae,541ea712d46b1dcacdf563f506b3d16fc4913d8d677e4cf2706073def5e46cee,e8cd847fd14f4d9854ae328352ad1f93f72e83217586df8bc295879bc055c99c,65,34
claim-5660ac3bdfc18bfad684,content/symptom-guides/brown-discharge-before-period.mdx,ftc,MED,Flo Health's 2021 FTC action and $59.5 million class action settlement demonstrated that major apps have shared this data with ad networks and analytics partners without meaningful user consent.,c7e5597c0e54b8687595c553859041e7074164b1049bde47a96beaa1970cb7b2,body:root.children[28].sentence[0],9c45addee011d99704d04a05d021ba7c9e80250cec628ec0c01782f929e414ae,541ea712d46b1dcacdf563f506b3d16fc4913d8d677e4cf2706073def5e46cee,e8cd847fd14f4d9854ae328352ad1f93f72e83217586df8bc295879bc055c99c,65,19
claim-6d3aba17ac30a2c96cbe,content/symptom-guides/cramps-before-period.mdx,ftc,MED,Flo Health was subject to an FTC enforcement action in 2021 for sharing period and health data with Facebook and Google.,2b3d8ff619751b136ca12e8d90694e785a06c13c83dbc8f25ff096497f3c189b,body:root.children[28].sentence[0],ab4df78cec658fe515da394b54a1068eb09389745c054765f90bee58bc6f18ef,f6878f28c3ff16d00d4ed8645cefb560f6e7d293df2d750d15b7fa6f6f69712c,e8cd847fd14f4d9854ae328352ad1f93f72e83217586df8bc295879bc055c99c,72,30
claim-19bfe8ffc631427449e2,content/symptom-guides/cramps-before-period.mdx,dollar,MED,A $59.5 million class action settled in 2025.,22ab66236d8c6ec6953e88543ea4fc1db88e8c57172f1b9e6157c1ce7a7638be,body:root.children[28].sentence[1],ab4df78cec658fe515da394b54a1068eb09389745c054765f90bee58bc6f18ef,f6878f28c3ff16d00d4ed8645cefb560f6e7d293df2d750d15b7fa6f6f69712c,e8cd847fd14f4d9854ae328352ad1f93f72e83217586df8bc295879bc055c99c,72,124
claim-f585a6d03034b07c8fa4,content/symptom-guides/cramps-but-no-period.mdx,ftc,MED,Flo Health's 2021 FTC settlement and later class action settlement showed how one major period tracking app shared user data with third parties without enough disclosure.,ecddd2f337d12bba5ff95ca3790f44a2f5a5c96177a14bd7dac3344e1397470d,body:root.children[45].sentence[0],0675d2ac739d79dd2e8409e31db505f7ae9da27679b0f4aa555e6562df97754b,0852eb8abcf443e032f3573a7b26eef7c6587ae6a9e357555d5da0f4d3da90ae,e8cd847fd14f4d9854ae328352ad1f93f72e83217586df8bc295879bc055c99c,104,19
claim-3ee918122093de043c73,content/symptom-guides/discharge-after-period.mdx,ftc,MED,Flo Health was subject to an FTC enforcement action in 2021 for sharing period and health data (including fertility-related data) with Facebook and Google.,75d5f8bf696e8abacc007e977e8c59f686187f7f4754472ba157de368742dbe6,body:root.children[31].sentence[0],de3c00396eca9e4a360d28659e46ab8d5640890f7ccfdd8369d19e772dd9d7a7,0337e5f5dd4ac660bb2484fd5902d47221c16dbd578313748bea32a7cf995ef8,e8cd847fd14f4d9854ae328352ad1f93f72e83217586df8bc295879bc055c99c,73,30
claim-a9e66bc1e9131152aced,content/symptom-guides/discharge-after-period.mdx,dollar,MED,A $59.5 million class action settlement followed in 2025.,378560714a69f8113d2e6fa148604b83c30593cd5fe5cde1e1af5814ea6bd470,body:root.children[31].sentence[1],de3c00396eca9e4a360d28659e46ab8d5640890f7ccfdd8369d19e772dd9d7a7,0337e5f5dd4ac660bb2484fd5902d47221c16dbd578313748bea32a7cf995ef8,e8cd847fd14f4d9854ae328352ad1f93f72e83217586df8bc295879bc055c99c,73,159
claim-554b79bf821e6e2c2e59,content/symptom-guides/discharge-before-period.mdx,dollar,MED,Flo Health's FTC settlement and the $59.5 million class action that followed were direct consequences of sharing reproductive health data without users' real understanding or consent.,96bd4a30eb20749318d067eaadd8bd042638eff8b88c9c222281d71ef48a0fee,body:root.children[35].sentence[0],e367ec92f12ecfdc2793498e0481cff003f5923a664d82e100d618f64069b69d,10fd278bef6da6e8c3402bac9f1560f0952242305a10c94039a15a9f8f6b92ef,e8cd847fd14f4d9854ae328352ad1f93f72e83217586df8bc295879bc055c99c,80,37
claim-886f6a75edab1eaacb75,content/symptom-guides/discharge-before-period.mdx,ftc,MED,Flo Health's FTC settlement and the $59.5 million class action that followed were direct consequences of sharing reproductive health data without users' real understanding or consent.,96bd4a30eb20749318d067eaadd8bd042638eff8b88c9c222281d71ef48a0fee,body:root.children[35].sentence[0],e367ec92f12ecfdc2793498e0481cff003f5923a664d82e100d618f64069b69d,10fd278bef6da6e8c3402bac9f1560f0952242305a10c94039a15a9f8f6b92ef,e8cd847fd14f4d9854ae328352ad1f93f72e83217586df8bc295879bc055c99c,80,14
claim-2d1b14bc5be3c5ad042e,content/symptom-guides/heavy-period-bleeding-causes.mdx,ftc,MED,Flo Health was subject to an FTC enforcement action in 2021 for sharing health and period data with Facebook and Google.,41a9a4f6534f59e886c82ddc74bf4b1c6d21d41d620e46fe4526e0430502d597,body:root.children[30].sentence[0],de38f3369e2b621ec9f2c6feb4c608fa2ef9de5f4d83269f680500deafb974c8,a1539aea4f238fee7aa35a0a37801fb968156878f1aa021d8285ccf11c25cfbd,e8cd847fd14f4d9854ae328352ad1f93f72e83217586df8bc295879bc055c99c,74,30
claim-b0b03d41b15147e86a3b,content/symptom-guides/heavy-period-bleeding-causes.mdx,dollar,MED,A $59.5 million class action settlement followed in 2025.,378560714a69f8113d2e6fa148604b83c30593cd5fe5cde1e1af5814ea6bd470,body:root.children[30].sentence[1],de38f3369e2b621ec9f2c6feb4c608fa2ef9de5f4d83269f680500deafb974c8,a1539aea4f238fee7aa35a0a37801fb968156878f1aa021d8285ccf11c25cfbd,e8cd847fd14f4d9854ae328352ad1f93f72e83217586df8bc295879bc055c99c,74,124
claim-b17b0a59cbc15f85c37e,content/symptom-guides/implantation-bleeding-symptoms.mdx,ftc,MED,"Flo Health, one of the largest period tracking apps, reached an FTC enforcement action in 2021 for sharing period and health data with Facebook and Google.",51c6665e33b1c34938ae2452b06a6fe446a5e63d73a80bd190551064b5e7ef6c,body:root.children[34].sentence[0],f3d7df061dc09f5c858d789b77a143661af93a754573a6c0318641e8a99e8ccb,3379782bc0784aef472c39010fc5b7d09b9de3a1bf5fc29d90be44d7a9af14f2,e8cd847fd14f4d9854ae328352ad1f93f72e83217586df8bc295879bc055c99c,88,65
claim-a876066563e66ff62f9c,content/symptom-guides/implantation-bleeding-symptoms.mdx,dollar,MED,A $59.5 million class action settlement followed in 2025.,378560714a69f8113d2e6fa148604b83c30593cd5fe5cde1e1af5814ea6bd470,body:root.children[34].sentence[1],f3d7df061dc09f5c858d789b77a143661af93a754573a6c0318641e8a99e8ccb,3379782bc0784aef472c39010fc5b7d09b9de3a1bf5fc29d90be44d7a9af14f2,e8cd847fd14f4d9854ae328352ad1f93f72e83217586df8bc295879bc055c99c,88,159
claim-fb5ace36dde1118dd4bf,content/symptom-guides/implantation-bleeding-vs-period.mdx,ftc,MED,Flo Health settled an FTC enforcement action in 2021 after sharing user health data with third parties including Facebook and Google.,263224c9a62ba29db0c11db27c1022b2c6e64d1b15bbc85d0ac58ca3ef1ef9cc,body:root.children[32].sentence[0],2daea002be538fef457ef77b2e5d6dacfd8aa7a563f78eca19b2b04f5d4b969d,da13e3e86794ec05dbe945407ddb36058a21c455041618a18abeadd16384a0a3,e8cd847fd14f4d9854ae328352ad1f93f72e83217586df8bc295879bc055c99c,70,23
claim-61fb32dcab8691c48a7f,content/symptom-guides/implantation-bleeding-vs-period.mdx,dollar,MED,A $59.5 million class action settlement followed in 2025.,378560714a69f8113d2e6fa148604b83c30593cd5fe5cde1e1af5814ea6bd470,body:root.children[32].sentence[1],2daea002be538fef457ef77b2e5d6dacfd8aa7a563f78eca19b2b04f5d4b969d,da13e3e86794ec05dbe945407ddb36058a21c455041618a18abeadd16384a0a3,e8cd847fd14f4d9854ae328352ad1f93f72e83217586df8bc295879bc055c99c,70,137
claim-8ae30a8792b46a23f28e,content/symptom-guides/late-period-causes-not-pregnancy.mdx,ftc,MED,Flo Health settled an FTC enforcement action in 2021 for sharing users' period data with Facebook and Google.,1a96e89bf50f4fd4e06a435a622458fa4dbedbe00bd226ecb897df428554362a,body:root.children[35].sentence[0],23bbf19783c7b8e29c8e1be55052d544aadc278fa1ba7a65e03b746e0ee81acc,c9135bb4c88da1397155f337f06d32830c3a921d2629d2879ddb685ebfad585d,e8cd847fd14f4d9854ae328352ad1f93f72e83217586df8bc295879bc055c99c,83,23
claim-ffd6a3893755939a0aec,content/symptom-guides/late-period-causes-not-pregnancy.mdx,dollar,MED,A $59.5 million class action settlement followed in 2025.,378560714a69f8113d2e6fa148604b83c30593cd5fe5cde1e1af5814ea6bd470,body:root.children[35].sentence[1],23bbf19783c7b8e29c8e1be55052d544aadc278fa1ba7a65e03b746e0ee81acc,c9135bb4c88da1397155f337f06d32830c3a921d2629d2879ddb685ebfad585d,e8cd847fd14f4d9854ae328352ad1f93f72e83217586df8bc295879bc055c99c,83,113
claim-143ab52609a0240beea1,content/symptom-guides/luteal-phase-symptoms.mdx,ftc,MED,The FTC brought a 2021 enforcement action against Flo Health over health data sharing with third parties.,3c894c592fab481e3b0b7d809f694a6cb7b0d9aa3ff4e0849ba3633b996314dc,body:root.children[44].sentence[0],df4968ecc0a403631a5af6af5ea42279fad1d07a8bdad4c59a0868d71cf0404b,23e117e495a9ee39dd6282016cc662c41ed98f9edf931cec5a0e0d5c69b43b6b,e8cd847fd14f4d9854ae328352ad1f93f72e83217586df8bc295879bc055c99c,93,5
claim-2b19561dd74bb4883435,content/symptom-guides/period-blood-colors-guide.mdx,ftc,MED,Flo Health was subject to an FTC enforcement action in 2021 for sharing period and health data with Facebook and Google.,2b3d8ff619751b136ca12e8d90694e785a06c13c83dbc8f25ff096497f3c189b,body:root.children[34].sentence[0],331b8a641ea4c74c871c6d54159dfb891209196fee49a2e67465975740c4abb3,997b2d719348448e88160afc1decabb56d034ef0ab80ba986c7215bf82bd20f2,e8cd847fd14f4d9854ae328352ad1f93f72e83217586df8bc295879bc055c99c,88,30
claim-8068bba684238f64e715,content/symptom-guides/period-discharge-guide.mdx,ftc,MED,Flo Health was subject to an FTC enforcement action in 2021 for sharing period and health data with Facebook and Google.,2b3d8ff619751b136ca12e8d90694e785a06c13c83dbc8f25ff096497f3c189b,body:root.children[32].sentence[0],b65203d8ab81e628eb1d304a8a36e07f12a17f6b2ff03e68d09ed42fc75201cb,b9ae10dbcd8e12602250475310c0b4790a2e7fcc42d6e43020509d5d7c29595a,e8cd847fd14f4d9854ae328352ad1f93f72e83217586df8bc295879bc055c99c,87,30
claim-951cd13ddffaaa637bbe,content/symptom-guides/period-symptoms-but-no-period.mdx,ftc,MED,Flo Health faced an FTC enforcement action in 2021 for sharing health and period data with third parties.,dd7485cf7c043601f00066bc8f58dfcd1b6252005e34ea15547859eef9f243fe,body:root.children[30].sentence[0],dddef2966fe02ac3260d1ca4b10810e40170c055650d0236583ac617c0081bb5,7854b95d6581f7f357921339a0cc9c0ac2e279f7c540ba13680dfcb10e543b40,e8cd847fd14f4d9854ae328352ad1f93f72e83217586df8bc295879bc055c99c,71,21
claim-5696eef7915828a828d2,content/symptom-guides/period-twice-a-month.mdx,ftc,MED,Flo settled an FTC enforcement action in 2021 for sharing user health data with Facebook and Google.,4f76aa1da5dc79843c92a4add1bf806dab5d2451d3527bdba3dcfbc3c7ec0d26,body:root.children[25].sentence[1],c7cdebf08fa143fa1a6641f25cfa2931194b768ff7175a8ad9562392153fe82d,ea9a0353ed60749f5f60c00f10310837483fac54ab1198f8b2726412e907205f,e8cd847fd14f4d9854ae328352ad1f93f72e83217586df8bc295879bc055c99c,60,64
claim-a8614d28e8bcf809708b,content/symptom-guides/pink-period-blood.mdx,ftc,MED,Flo Health was the subject of an FTC enforcement action in 2021 for sharing period and health data with Facebook and Google.,d9fa86bbd878f9cb129156fa5975618384479c67acd0b0ff659d3c2cd2df6290,body:root.children[32].sentence[0],0dabce6132d117f3bf75bbb5950dbeb44892f38e4b22f87fb3ffd7b1b443eeaf,079683c2bf6062819ce749766fde0d45cbc9c942e46eed5efc5a14734a444192,e8cd847fd14f4d9854ae328352ad1f93f72e83217586df8bc295879bc055c99c,75,34
claim-c291cc100dfd8833e0be,content/symptom-guides/pink-period-blood.mdx,dollar,MED,A $59.5 million class action settlement followed in 2025.,378560714a69f8113d2e6fa148604b83c30593cd5fe5cde1e1af5814ea6bd470,body:root.children[32].sentence[1],0dabce6132d117f3bf75bbb5950dbeb44892f38e4b22f87fb3ffd7b1b443eeaf,079683c2bf6062819ce749766fde0d45cbc9c942e46eed5efc5a14734a444192,e8cd847fd14f4d9854ae328352ad1f93f72e83217586df8bc295879bc055c99c,75,128
claim-954ce8c9219013c66d90,content/symptom-guides/shorter-menstrual-cycle-meaning.mdx,dollar,MED,"Flo Health settled an FTC enforcement action in 2021 for sharing period data with Facebook and Google, and a $59.5 million class action settlement followed in 2025.",1072d8eac06b872326976b47aefd05cdaca9431c348eece04520792e9813ce63,body:root.children[25].sentence[2],a0ea7e8365714c2645a3a8bd40e6b25bf6341972fabdfa3a7c59dda384308dbf,ced07c8216ce6ea4be79cd9b69bff1496ef316e2a7437ed41ac4ded93cd67576,e8cd847fd14f4d9854ae328352ad1f93f72e83217586df8bc295879bc055c99c,58,355
claim-33156c6243330dffe706,content/symptom-guides/shorter-menstrual-cycle-meaning.mdx,ftc,MED,"Flo Health settled an FTC enforcement action in 2021 for sharing period data with Facebook and Google, and a $59.5 million class action settlement followed in 2025.",1072d8eac06b872326976b47aefd05cdaca9431c348eece04520792e9813ce63,body:root.children[25].sentence[2],a0ea7e8365714c2645a3a8bd40e6b25bf6341972fabdfa3a7c59dda384308dbf,ced07c8216ce6ea4be79cd9b69bff1496ef316e2a7437ed41ac4ded93cd67576,e8cd847fd14f4d9854ae328352ad1f93f72e83217586df8bc295879bc055c99c,58,268
claim-d6a441855b1d9ab47450,content/symptom-guides/spotting-a-week-after-period.mdx,ftc,MED,Flo Health settled an FTC enforcement action in 2021 after sharing users' period and symptom data with Facebook and Google.,9cdfe1a4e0902589a2aeb5327ce6efb42c2a30c880ef69709cb973f8506b325e,body:root.children[27].sentence[0],6cf135831278b961ff597706de0e3d2276cb74acfd54581b7023d7230d0e670c,a5828c0b45f80d13f9c2a8182a541ae10f0b3c51033aa707bb3d19acf90821d0,e8cd847fd14f4d9854ae328352ad1f93f72e83217586df8bc295879bc055c99c,62,23
claim-f2b492d3d1cb1687b81f,content/symptom-guides/spotting-a-week-before-period.mdx,ftc,MED,Flo Health was subject to an FTC enforcement action in 2021 for sharing user period data with Facebook and Google.,25b38405da820b710acfab73c5462c3f6012ed8513dd7c0bf48c8ee9a2375ca4,body:root.children[26].sentence[0],3f44c4bd8fe73b20f285228b4c9d54614e213ce50238951d27b34ef1e099ba65,a906c2808c6af0974b665366e9d2d3cfe6f11cddbbf21658d17e699904206495,e8cd847fd14f4d9854ae328352ad1f93f72e83217586df8bc295879bc055c99c,64,30
claim-d393b1c247cf49eaeeb8,content/symptom-guides/spotting-a-week-before-period.mdx,dollar,MED,A $59.5 million class action settlement followed in 2025.,378560714a69f8113d2e6fa148604b83c30593cd5fe5cde1e1af5814ea6bd470,body:root.children[26].sentence[1],3f44c4bd8fe73b20f285228b4c9d54614e213ce50238951d27b34ef1e099ba65,a906c2808c6af0974b665366e9d2d3cfe6f11cddbbf21658d17e699904206495,e8cd847fd14f4d9854ae328352ad1f93f72e83217586df8bc295879bc055c99c,64,118
claim-73fc9ea49b9fe895bbbc,content/symptom-guides/spotting-after-period.mdx,dollar,MED,Flo Health's FTC enforcement action and subsequent $59.5 million class action settlement demonstrated that major apps have shared sensitive user data without adequate disclosure.,6b721197387e4eb3ce4f88430242fad1aa6ee4513b20a7a7a14f40d9c45205cd,body:root.children[30].sentence[3],751fcef1eea6ef02473e9d56668cbbdaa14d4e7106f2fd39ef899f28295ea5e6,1c0b11cc6f1d3437361abbd6399db2be1e44dbe12c3c065e31b44914b515b27b,e8cd847fd14f4d9854ae328352ad1f93f72e83217586df8bc295879bc055c99c,73,326
claim-9253063b9b57782e7e8d,content/symptom-guides/spotting-after-period.mdx,ftc,MED,Flo Health's FTC enforcement action and subsequent $59.5 million class action settlement demonstrated that major apps have shared sensitive user data without adequate disclosure.,6b721197387e4eb3ce4f88430242fad1aa6ee4513b20a7a7a14f40d9c45205cd,body:root.children[30].sentence[3],751fcef1eea6ef02473e9d56668cbbdaa14d4e7106f2fd39ef899f28295ea5e6,1c0b11cc6f1d3437361abbd6399db2be1e44dbe12c3c065e31b44914b515b27b,e8cd847fd14f4d9854ae328352ad1f93f72e83217586df8bc295879bc055c99c,73,288
claim-98b60e36556d28d542c5,content/symptom-guides/spotting-before-period.mdx,dollar,MED,"Flo Health's 2021 FTC settlement and $59.5 million class action settlement make this concrete, not theoretical.",a4511e5f9de0dabfc7b64c9d954b1937ef73274c909d11ec21f1ec2aa889f583,body:root.children[32].sentence[3],75eb06f3a85bf6123886ec57ade6b6c97c3150174d6fdbfe89e4cc46b9f5afd4,807436fa9ae9f0e956f1c35b348799696e68fa99d3d3cdd500b244004d5e000d,e8cd847fd14f4d9854ae328352ad1f93f72e83217586df8bc295879bc055c99c,72,337
claim-ceb9dab27383b6b40d07,content/symptom-guides/spotting-before-period.mdx,ftc,MED,"Flo Health's 2021 FTC settlement and $59.5 million class action settlement make this concrete, not theoretical.",a4511e5f9de0dabfc7b64c9d954b1937ef73274c909d11ec21f1ec2aa889f583,body:root.children[32].sentence[3],75eb06f3a85bf6123886ec57ade6b6c97c3150174d6fdbfe89e4cc46b9f5afd4,807436fa9ae9f0e956f1c35b348799696e68fa99d3d3cdd500b244004d5e000d,e8cd847fd14f4d9854ae328352ad1f93f72e83217586df8bc295879bc055c99c,72,318
claim-9aee861864f61c1f4bae,content/symptom-guides/spotting-vs-period.mdx,dollar,MED,Flo Health's FTC enforcement action in 2021 and $59.5 million class action settlement in 2025 confirmed that major apps shared sensitive health data with third parties without adequate user disclosure.,09df46da054f794694824dc59fadec03d39a048175b1e0bfbaba50f4cef5d343,body:root.children[34].sentence[1],5c9b893d63514f433c9d19c868b7a44d1c3e9b4fb9d5f085d8da97e597bf19ac,74f286e34dabe00ee9058bab906c3215f2afa4aec3228bd352b79aa0ac557ae7,e8cd847fd14f4d9854ae328352ad1f93f72e83217586df8bc295879bc055c99c,73,95
claim-8e36b5aee7cea3c64cd7,content/symptom-guides/spotting-vs-period.mdx,ftc,MED,Flo Health's FTC enforcement action in 2021 and $59.5 million class action settlement in 2025 confirmed that major apps shared sensitive health data with third parties without adequate user disclosure.,09df46da054f794694824dc59fadec03d39a048175b1e0bfbaba50f4cef5d343,body:root.children[34].sentence[1],5c9b893d63514f433c9d19c868b7a44d1c3e9b4fb9d5f085d8da97e597bf19ac,74f286e34dabe00ee9058bab906c3215f2afa4aec3228bd352b79aa0ac557ae7,e8cd847fd14f4d9854ae328352ad1f93f72e83217586df8bc295879bc055c99c,73,60
claim-bab05fc255abfcbdf23f,content/wellness-guides/cycle-syncing-food-chart.mdx,percent,MED,Dark chocolate at 70% cacao or higher provides about 65mg magnesium per ounce.,67babd77aaa3e69ca8bc4e3a3d1200a2820135656b7f4f905db02b1460265130,body:root.children[19].sentence[3],2c7c5de7446cb831856958d47a9f65762b94233a5d4abb7bd743dc272035be38,9587d429e1853c7c3c54b7928b02b9fd2d46b50715b4a20044b140f496e1fb77,e8cd847fd14f4d9854ae328352ad1f93f72e83217586df8bc295879bc055c99c,53,423
claim-5c0c36d7ad05a1599388,content/wellness-guides/cycle-syncing-food-chart.mdx,percent,MED,"Magnesium-rich foods (dark chocolate 70% or higher, pumpkin seeds, leafy greens)",09fb6356854fc20d294c9fef48167e6327fa75f5f515e9eaa7e93b77c4de3154,body:root.children[2].children[10].children[1],cc2b0abcba225e59f263be17e076bfa31ab918bac233ea29b021918db050be6b,9587d429e1853c7c3c54b7928b02b9fd2d46b50715b4a20044b140f496e1fb77,e8cd847fd14f4d9854ae328352ad1f93f72e83217586df8bc295879bc055c99c,17,53
claim-7a4616e1bfc9ad359898,content/wellness-guides/cycle-syncing-food-chart.mdx,percent,MED,Heme iron from meat absorbs at 15-35%.,c34f5c2f07233d8c1cd190d5ff8b8fda9ec4f74d59e938c0f79e2f0a3dc447eb,body:root.children[7].sentence[0],f05beef62c0ead833f25179fbd6a7cd630eee1530fa4823552591d97873a3c0b,9587d429e1853c7c3c54b7928b02b9fd2d46b50715b4a20044b140f496e1fb77,e8cd847fd14f4d9854ae328352ad1f93f72e83217586df8bc295879bc055c99c,29,35
claim-535d1eefd44cc4b3a864,content/wellness-guides/cycle-syncing-food-chart.mdx,percent,MED,"Non-heme iron from plants absorbs at 2-20%, but absorption roughly doubles in the presence of vitamin C.",cb7183332c03b2d4ed547470fbdcf32b074a754e9d6d9fcfc3db401d7ee38c2e,body:root.children[7].sentence[1],f05beef62c0ead833f25179fbd6a7cd630eee1530fa4823552591d97873a3c0b,9587d429e1853c7c3c54b7928b02b9fd2d46b50715b4a20044b140f496e1fb77,e8cd847fd14f4d9854ae328352ad1f93f72e83217586df8bc295879bc055c99c,29,79
claim-4c59762fd623d164c012,content/wellness-guides/endometriosis-diet-guide.mdx,percent,MED,75% reported reduced pain.,43ce950aba153695ef4a96be70fb1f088553a8285636a08b2df10efa1577f210,body:root.children[27].sentence[1],0cd7429bec0e1604d71a95a4a7518aa68a21b95ec5953accdfb845f01f9a1c43,79f14c6c957897ce4eab630e7e3048ac307c8c1f9be2e71ede7e30163da0dda9,e8cd847fd14f4d9854ae328352ad1f93f72e83217586df8bc295879bc055c99c,60,111
claim-32330925eda285c6b374,content/wellness-guides/endometriosis-diet-guide.mdx,percent,MED,Women who ate one or more servings of red meat per day had 56% higher risk of endometriosis than women who ate one or fewer servings per week,ecc0427f38693c4957e7da23d5ea7cbce86565788fb36db03ac79842193e300d,body:root.children[5].children[0].children[0].sentence[0],1446858fa1c644b2b0aa63c7bdc41935a9e899d7d931d1e47b81aab6214045d9,79f14c6c957897ce4eab630e7e3048ac307c8c1f9be2e71ede7e30163da0dda9,e8cd847fd14f4d9854ae328352ad1f93f72e83217586df8bc295879bc055c99c,11,62
claim-61197f4c3a0b6a95150e,content/wellness-guides/endometriosis-diet-guide.mdx,percent,MED,A separate prospective study found that long-chain omega-3 fatty acids (EPA and DHA from fatty fish) were linked to a 22% reduction in endometriosis risk compared to the lowest intake group.,c890872462eb4b39e15a0a63f70072e9eb62ab3008f1718fa5bb83090dca51cd,body:root.children[6].sentence[0],a295cab07d20ab03df229de5033a681629ac70ba1a574b34d68cfb942e3d5a4a,79f14c6c957897ce4eab630e7e3048ac307c8c1f9be2e71ede7e30163da0dda9,e8cd847fd14f4d9854ae328352ad1f93f72e83217586df8bc295879bc055c99c,16,119
claim-9029d8fd1e3e84d8e1b1,content/wellness-guides/fertility-diet-plan.mdx,percent,MED,**The MTHFR consideration:** About 40% of the population carries MTHFR polymorphisms that reduce the conversion of folic acid to active methylfolate.,27a1c99ace1c366148045144d8d94939fe4c06620864f2922d1db7ef92d58723,body:root.children[11].sentence[0],f4189ee0de71f7bd5f58702c20a361e90e4ada8c21da512a2bc0a2343c4b63fb,0c2b713773f6e897505c63166919d17b1b4864d049e406dff34680517d5f8325,e8cd847fd14f4d9854ae328352ad1f93f72e83217586df8bc295879bc055c99c,29,36
claim-2383785207f1a327587d,content/wellness-guides/fertility-diet-plan.mdx,percent,MED,Non-heme iron from plants absorbs at 2-20%.,148d969d886ada7e57372e12abbb28e45990091269062c88d5ea3868117328d3,body:root.children[29].sentence[1],10f5b9aaec055ae39cc814f22f08cc0b30addb20f3c9c5f4a42e7d6d11ef314b,0c2b713773f6e897505c63166919d17b1b4864d049e406dff34680517d5f8325,e8cd847fd14f4d9854ae328352ad1f93f72e83217586df8bc295879bc055c99c,65,114
claim-a5f003c098053e93e80d,content/wellness-guides/fertility-diet-plan.mdx,percent,MED,"Research supports it: a cohort study of couples undergoing IVF found that women with the highest Mediterranean diet adherence had 65-68% higher odds of pregnancy and live birth compared to those with the lowest adherence, after adjusting for age and other factors.",cc280ecfeca026501fb3b2ecde8f417fbc04f0bc25ded765eb8eff375b340a00,body:root.children[4].sentence[0],c89867934380ecad9be3371689b1f8134648bc13bb9786025af2c2244b957579,0c2b713773f6e897505c63166919d17b1b4864d049e406dff34680517d5f8325,e8cd847fd14f4d9854ae328352ad1f93f72e83217586df8bc295879bc055c99c,10,134
claim-baa11b27feaf74afcd93,content/wellness-guides/how-to-regulate-your-period-naturally.mdx,percent,MED,"Weight loss (5-10% of body weight, where relevant) restores ovulation in insulin-resistant PCOS and is one of the highest-impact interventions",a747ba1fc5d1eef41c57aa6f67ab026673749e5fa11f6a794710d4b6c4f723ef,body:root.children[29].children[1].children[0].sentence[0],b6fd5202487ed61c0535301b93e0939ad6f77ffdab318559c1790e73729fb6ed,b0b69ae13a31963652fda44a3ce4dcdefff34516358fd9cfdd6279b0f91c8545,e8cd847fd14f4d9854ae328352ad1f93f72e83217586df8bc295879bc055c99c,64,18
claim-7fd641d09f1adde78918,content/wellness-guides/how-to-stop-period-pain-at-home.mdx,dollar,MED,Cost is roughly $1-3 per patch.,c8a2bfee154ae2b978145e457d2919368a0b368ec4ed28bd06f2a8a489d1f979,body:root.children[14].children[0].children[0].sentence[1],4edf8c18d79bd0dba59442b7fde681fbbf8881bce2242252f545ce12ac4450a7,c9fed3eaab75aa9e362027933abd9a90a3775da0c9ff48de3ca9f2988266e225,e8cd847fd14f4d9854ae328352ad1f93f72e83217586df8bc295879bc055c99c,32,110
claim-9994e9caa584ebaae406,content/wellness-guides/how-to-stop-period-pain-at-home.mdx,percent,MED,Endometriosis affects an estimated 10% of people with periods.,4cd1fbf4223d8f77efd5158574dcd1ac073cfccf502f84a6b33ac4d690dac249,body:root.children[35].sentence[2],1597bfefb94ac407ba0db9ed62b4a0f75b2b4fbf8695ba22f82fc0cf68f6c510,c9fed3eaab75aa9e362027933abd9a90a3775da0c9ff48de3ca9f2988266e225,e8cd847fd14f4d9854ae328352ad1f93f72e83217586df8bc295879bc055c99c,79,180
claim-35a02093da0c1db393ed,content/wellness-guides/magnesium-for-menstrual-health.mdx,percent,MED,23-40%,314156e0d6b0914e217b59978caa5e2248fff26a3c1994226ad1bc33eb1a5931,body:root.children[17].children[1].children[1],56b00867524505260545bfc1e9cb19f5de01bc3d21df8826efee69db13614a6a,5cbc544cad569789cf891f2e480b20a3d7723ba13dd51987bb0137c7daaed70c,e8cd847fd14f4d9854ae328352ad1f93f72e83217586df8bc295879bc055c99c,38,43
claim-179fd17d10baec24819f,content/wellness-guides/magnesium-for-menstrual-health.mdx,percent,MED,25-35%,5f2dc73a3c434085f1edde9eb88d7da3bc64639b12c15f59a36123f231ae923c,body:root.children[17].children[2].children[1],56b00867524505260545bfc1e9cb19f5de01bc3d21df8826efee69db13614a6a,5cbc544cad569789cf891f2e480b20a3d7723ba13dd51987bb0137c7daaed70c,e8cd847fd14f4d9854ae328352ad1f93f72e83217586df8bc295879bc055c99c,39,25
claim-0cf7655fc90254cf95d3,content/wellness-guides/magnesium-for-menstrual-health.mdx,percent,MED,15-25%,a1d6d6ffc8be3853558cf5fb5633d8fb9340a469da2cdbe7979a59e1b5ccc0c8,body:root.children[17].children[3].children[1],56b00867524505260545bfc1e9cb19f5de01bc3d21df8826efee69db13614a6a,5cbc544cad569789cf891f2e480b20a3d7723ba13dd51987bb0137c7daaed70c,e8cd847fd14f4d9854ae328352ad1f93f72e83217586df8bc295879bc055c99c,40,26
claim-a44bcd24b75e181aba1f,content/wellness-guides/magnesium-for-menstrual-health.mdx,percent,MED,25-35%,5f2dc73a3c434085f1edde9eb88d7da3bc64639b12c15f59a36123f231ae923c,body:root.children[17].children[4].children[1],56b00867524505260545bfc1e9cb19f5de01bc3d21df8826efee69db13614a6a,5cbc544cad569789cf891f2e480b20a3d7723ba13dd51987bb0137c7daaed70c,e8cd847fd14f4d9854ae328352ad1f93f72e83217586df8bc295879bc055c99c,41,28
claim-b28b837684ba3e810421,content/wellness-guides/magnesium-for-menstrual-health.mdx,percent,MED,12-18%,81eeba1b454948402a354efe397b348e209c573bcd40440f6e99e660d0d379af,body:root.children[17].children[5].children[1],56b00867524505260545bfc1e9cb19f5de01bc3d21df8826efee69db13614a6a,5cbc544cad569789cf891f2e480b20a3d7723ba13dd51987bb0137c7daaed70c,e8cd847fd14f4d9854ae328352ad1f93f72e83217586df8bc295879bc055c99c,42,27
claim-8148aeadcd615b9d85df,content/wellness-guides/magnesium-for-menstrual-health.mdx,percent,MED,"| Magnesium oxide | 4% | Inexpensive supplement, antacid | Very poorly absorbed; good for constipation, minimal systemic effect |",d23bf2495c8c2b46acb21138bf00dad5013d56e44b6467e2b34150c7e8ae2286,body:root.children[17].children[6],56b00867524505260545bfc1e9cb19f5de01bc3d21df8826efee69db13614a6a,5cbc544cad569789cf891f2e480b20a3d7723ba13dd51987bb0137c7daaed70c,e8cd847fd14f4d9854ae328352ad1f93f72e83217586df8bc295879bc055c99c,43,21
claim-4726ddb7b869abc75c8d,content/wellness-guides/magnesium-for-menstrual-health.mdx,percent,MED,"**Food sources:** Dark chocolate (70% or higher cacao, 65mg per oz), pumpkin seeds (150mg per oz), spinach (78mg per cup cooked), almonds (76mg per oz), black beans (60mg per half cup).",9c34d2ec48deecf3eb84bf19e20f72f3bd102c35211672d69ce1c19e981ddaa7,body:root.children[25].sentence[0],1337bcf814dc0e95d6233d213198947f34619fffa85719c84b2aa4a911d841c0,5cbc544cad569789cf891f2e480b20a3d7723ba13dd51987bb0137c7daaed70c,e8cd847fd14f4d9854ae328352ad1f93f72e83217586df8bc295879bc055c99c,59,35
claim-9b5ff9242a687dc004a7,content/wellness-guides/magnesium-for-menstrual-health.mdx,percent,MED,Estimates suggest 50-75% of adults in Western countries consume less than the recommended dietary allowance of magnesium.,bcc4c72bb6cd5dd0118372290e560aba7bb698e4c8edf6a5e57aeccc479586b7,body:root.children[31].sentence[0],a677bfed7008a11b33c8d3caeb256ba62db982266f64bb6a97254756207d87e5,5cbc544cad569789cf891f2e480b20a3d7723ba13dd51987bb0137c7daaed70c,e8cd847fd14f4d9854ae328352ad1f93f72e83217586df8bc295879bc055c99c,74,22
claim-2963d74c4288ed029396,content/wellness-guides/natural-remedies-period-cramps.mdx,percent,MED,"**Magnesium oxide:** widely sold, cheapest, but absorption is only 4% versus 23-40% for glycinate forms.",caafe297ce99b1a6399c4faef3aabc8d2deedffd00088a1ba56639dabc02d129,body:root.children[24].sentence[0].occurrence[0],47fdfcf36f0abc1cc303e44476a18368259f84401a5418e9a3873367bd1e9c3b,8b409e6f917ac0eff3996612ddd4d4ae6007abf1acf3f12c95478fb5edca3641,e8cd847fd14f4d9854ae328352ad1f93f72e83217586df8bc295879bc055c99c,56,68
claim-094ba35be36aadbd7e17,content/wellness-guides/natural-remedies-period-cramps.mdx,percent,MED,"**Magnesium oxide:** widely sold, cheapest, but absorption is only 4% versus 23-40% for glycinate forms.",caafe297ce99b1a6399c4faef3aabc8d2deedffd00088a1ba56639dabc02d129,body:root.children[24].sentence[0].occurrence[1],47fdfcf36f0abc1cc303e44476a18368259f84401a5418e9a3873367bd1e9c3b,8b409e6f917ac0eff3996612ddd4d4ae6007abf1acf3f12c95478fb5edca3641,e8cd847fd14f4d9854ae328352ad1f93f72e83217586df8bc295879bc055c99c,56,81
claim-910eab9538b84f9636b0,content/wellness-guides/natural-remedies-period-cramps.mdx,percent,MED,**What does not count:** Flaxseed ALA converts to EPA/DHA at only 1-10% efficiency.,352d4e5c6b0e503e7dcf97da57e8d104488fd016fd8a404153ececf50ebfdb59,body:root.children[31].sentence[0],8bad07bc625390f5e75ce07a75da6dda97fe8dde28861f05042f04357ebc8e68,8b409e6f917ac0eff3996612ddd4d4ae6007abf1acf3f12c95478fb5edca3641,e8cd847fd14f4d9854ae328352ad1f93f72e83217586df8bc295879bc055c99c,70,69
claim-b6b42b0f171f52384624,content/wellness-guides/natural-remedies-period-cramps.mdx,dollar,MED,**Cost:** Standard TENS units $40-$100.,19ab144fa9942f6461374436e43d91d247a7ad38ede1a0dd53ce74471457b018,body:root.children[37].sentence[0].occurrence[0],41804f1ea5bd492e9bfe0dcca70906d271a925795b757f6d1283c462e6a8599e,8b409e6f917ac0eff3996612ddd4d4ae6007abf1acf3f12c95478fb5edca3641,e8cd847fd14f4d9854ae328352ad1f93f72e83217586df8bc295879bc055c99c,84,31
claim-adad6bda71d94c5c0a17,content/wellness-guides/natural-remedies-period-cramps.mdx,dollar,MED,**Cost:** Standard TENS units $40-$100.,19ab144fa9942f6461374436e43d91d247a7ad38ede1a0dd53ce74471457b018,body:root.children[37].sentence[0].occurrence[1],41804f1ea5bd492e9bfe0dcca70906d271a925795b757f6d1283c462e6a8599e,8b409e6f917ac0eff3996612ddd4d4ae6007abf1acf3f12c95478fb5edca3641,e8cd847fd14f4d9854ae328352ad1f93f72e83217586df8bc295879bc055c99c,84,35
claim-07e37b8183e04d9aafbf,content/wellness-guides/natural-remedies-period-cramps.mdx,dollar,MED,"Period-specific brands (Livia, OVIRA) $150-$250.",091bcc2bb9c911d8dd4df01c329927c93dcb34d1a48b2b217a437dd831ca79be,body:root.children[37].sentence[1].occurrence[0],41804f1ea5bd492e9bfe0dcca70906d271a925795b757f6d1283c462e6a8599e,8b409e6f917ac0eff3996612ddd4d4ae6007abf1acf3f12c95478fb5edca3641,e8cd847fd14f4d9854ae328352ad1f93f72e83217586df8bc295879bc055c99c,84,79
claim-5ce46adc94b8267ac999,content/wellness-guides/natural-remedies-period-cramps.mdx,dollar,MED,"Period-specific brands (Livia, OVIRA) $150-$250.",091bcc2bb9c911d8dd4df01c329927c93dcb34d1a48b2b217a437dd831ca79be,body:root.children[37].sentence[1].occurrence[1],41804f1ea5bd492e9bfe0dcca70906d271a925795b757f6d1283c462e6a8599e,8b409e6f917ac0eff3996612ddd4d4ae6007abf1acf3f12c95478fb5edca3641,e8cd847fd14f4d9854ae328352ad1f93f72e83217586df8bc295879bc055c99c,84,84
claim-31492385155f9a42ab7f,content/wellness-guides/period-cramp-relief-guide.mdx,dollar,MED,A quality TENS unit runs $50-$150.,a6bf7a40de2cb5a1ae9c347fe5ccc28a4dd2a7bbc78a39d2ee2b7f062ab58914,body:root.children[21].sentence[1].occurrence[0],3f972330dfe9e22cdd65ef5242b7eb155ab10088e6f5cc3e761bb2d2f91188d7,6d04cdfece1bcdb571290c572ea69e103f2c2c71fcd5d7467184fa884a0dda9b,e8cd847fd14f4d9854ae328352ad1f93f72e83217586df8bc295879bc055c99c,50,52
claim-03af3542c8436a26e1de,content/wellness-guides/period-cramp-relief-guide.mdx,dollar,MED,A quality TENS unit runs $50-$150.,a6bf7a40de2cb5a1ae9c347fe5ccc28a4dd2a7bbc78a39d2ee2b7f062ab58914,body:root.children[21].sentence[1].occurrence[1],3f972330dfe9e22cdd65ef5242b7eb155ab10088e6f5cc3e761bb2d2f91188d7,6d04cdfece1bcdb571290c572ea69e103f2c2c71fcd5d7467184fa884a0dda9b,e8cd847fd14f4d9854ae328352ad1f93f72e83217586df8bc295879bc055c99c,50,56
