pillar|title|slug|collection|buyerStage|targetPersona|targetKeyword|format|valueAsset|requiredSources|internalLinks|status
Practical privacy and legal safety|Audit Period Data on iPhone|audit-period-data-on-iphone|privacy-in-practice|mofu|privacy-conscious;iphone-user|audit period data on iphone|checklist guide|Step-by-step iPhone audit checklist for installed apps, Apple Health, permissions, backups, notifications, and old App Store purchases|FTC Flo 2021 for documented app data sharing context|/resources/privacy-in-practice/lock-down-period-data-on-your-phone;/resources/guides/does-apple-health-share-period-data;/free/period-app-privacy-audit-kit;/resources/guides/period-tracking-without-cloud|consolidated-2026-07-31
Practical privacy and legal safety|Audit Period Data on Android|audit-period-data-on-android|privacy-in-practice|mofu|privacy-conscious;android-user|audit period data on android|checklist guide|Step-by-step Android audit checklist for installed apps, Health Connect, Google Fit, permissions, backups, Play history, and old accounts|FTC Premom 2023 for documented app data sharing context|/resources/privacy-in-practice/lock-down-period-data-on-your-phone;/resources/guides/google-fit-menstrual-data-privacy;/free/period-app-privacy-audit-kit;/resources/guides/period-tracking-without-cloud|consolidated-2026-07-31
Free tools, templates, and self-checks|Is My Period App Asking Too Much?|is-my-period-app-asking-too-much-quiz|questionnaires|mofu|privacy-conscious;period-app-switcher|is my period app asking too much data|quiz/self-check|Permission and account risk self-check that helps readers decide whether an app asks for too much data|FTC Flo 2021 and FTC Premom 2023 for documented app data sharing context|/resources/privacy-in-practice/lock-down-period-data-on-your-phone;/free/period-app-privacy-audit-kit;/resources/guides/period-app-privacy-red-flags;/resources/guides/how-period-tracker-apps-collect-data;/resources/guides/what-is-zero-knowledge-period-tracker|drafted-pilot
Practical privacy and legal safety|Check Your Period App for Trackers|check-period-app-for-trackers|privacy-in-practice|mofu|privacy-conscious;period-app-switcher|period app trackers|field guide|Tracker lookup worksheet for SDKs, app labels, network clues, and policy language|FTC Flo; FTC Premom; Norwegian Consumer Council; Mozilla Privacy Not Included|/resources/guides/how-sdks-leak-period-data;/resources/guides/how-period-tracker-apps-collect-data;/resources/guides/period-app-privacy-red-flags;/resources/privacy-in-practice/lock-down-period-data-on-your-phone;/tools/quiz/is-my-period-app-asking-too-much-quiz|consolidated-2026-07-31
Practical privacy and legal safety|Turn Off Period Data in Apple Health|turn-off-period-data-apple-health|privacy-in-practice|mofu|privacy-conscious;iphone-user|remove period data from Apple Health|checklist guide|Apple Health cleanup checklist for cycle data, app permissions, iCloud, and backups|Current Apple Support Health permissions and iCloud Health docs; FTC Flo context|/resources/privacy-in-practice/lock-down-period-data-on-your-phone;/resources/guides/does-apple-health-share-period-data;/resources/privacy-in-practice/protect-your-symptom-and-condition-data|consolidated-2026-07-31
Practical privacy and legal safety|Turn Off Period Data in Health Connect|turn-off-period-data-health-connect|privacy-in-practice|mofu|privacy-conscious;android-user|remove period data from Health Connect|checklist guide|Android Health Connect cleanup checklist with permission reset steps|Current Google Health Connect and Google Fit help docs; FTC Premom context|/resources/privacy-in-practice/lock-down-period-data-on-your-phone;/resources/guides/google-fit-menstrual-data-privacy;/resources/guides/period-tracking-without-cloud|consolidated-2026-07-31
Free tools, templates, and self-checks|Old Period App Cleanup Plan|old-period-app-cleanup-plan|lead-magnets|mofu|privacy-conscious;period-app-switcher|delete old period tracker account|HTML worksheet|Account cleanup tracker for old apps, emails, exports, deletion requests, and follow-ups|FTC Flo; FTC Premom; JHU deleting period trackers; current app privacy contacts if app names are used|/resources/privacy-in-practice/lock-down-period-data-on-your-phone;/resources/guides/what-happens-period-data-delete-app;/free/delete-period-data-guide|consolidated-2026-07-06
Free tools, templates, and self-checks|Period App Privacy Policy Worksheet|period-app-privacy-policy-worksheet|lead-magnets|mofu|privacy-conscious;careful-buyer|period tracker privacy policy checklist|worksheet|Plain-language policy review grid for data types, sharing, deletion, ads, and law enforcement|Current target app privacy policies; FTC enforcement docs; Consumer Reports privacy guide|/resources/guides/how-to-read-period-tracker-privacy-policy;/resources/guides/period-app-privacy-red-flags;/resources/guides/understanding-period-app-data-policies;/free/period-app-privacy-audit-kit|consolidated-2026-07-06
Practical privacy and legal safety|Period Tracking on a Shared Phone|period-tracking-on-shared-phone|privacy-in-practice|mofu|privacy-conscious;shared-device-user|private period tracking shared phone|safety checklist|Shared-phone risk checklist for app visibility, notifications, backups, browser history, and exports|Current Apple and Android app hiding or notification docs; safety sources only if claims are made|/resources/privacy-in-practice/lock-down-period-data-on-your-phone;/resources/privacy-in-practice/who-can-legally-get-your-period-data;/resources/privacy-in-practice/period-tracking-privacy-for-teens-and-students;/compare/versus/teen-safe-period-trackers-compared|consolidated-2026-07-31
Practical privacy and legal safety|Lock Down Period App Notifications|period-app-notification-privacy|privacy-in-practice|mofu|privacy-conscious;lock-screen-privacy-user|period app notification privacy|procedure|Lock-screen notification settings checklist for iOS and Android|Current Apple and Google notification help docs; pilot app permission context|/resources/privacy-in-practice/lock-down-period-data-on-your-phone;/resources/privacy-in-practice/protect-your-symptom-and-condition-data;/app-guides/floriva-for-gynecologist-prep|consolidated-2026-07-31
Practical privacy and legal safety|Partner Sync Privacy Checklist|partner-sync-privacy-checklist|privacy-in-practice|mofu|privacy-conscious;partner-sharing-user|period tracker partner sync privacy|checklist guide|Consent and access checklist for partner sharing, revoking access, breakups, and copied data|Current partner-sharing app policies if named; existing partner-access page; legal caveats for divorce or custody claims|/resources/privacy-in-practice/partner-access-period-tracker-data;/resources/privacy-in-practice/who-can-legally-get-your-period-data;/resources/best/best-period-tracker-for-couples|consolidated-2026-07-31
Free tools, templates, and self-checks|Period Data Broker Opt-Out Starter|period-data-broker-opt-out-starter|lead-magnets|mofu|privacy-conscious;data-broker-worried-user|reproductive data broker opt out|starter kit|Broker opt-out starter sheet with profile signals to reduce going forward|FTC data broker actions; Privacy International; data broker registry pages; current CCPA or CPRA only where used|/resources/guides/data-brokers-reproductive-health;/resources/privacy-in-practice/who-can-legally-get-your-period-data;/resources/guides/femtech-data-monetization|consolidated-2026-07-06
Free tools, templates, and self-checks|Cloud or Local Period Tracker Quiz|cloud-or-local-period-tracker-quiz|questionnaires|mofu|privacy-conscious;period-app-switcher|cloud vs local period tracker quiz|quiz/self-check|Decision quiz that maps needs to local, encrypted sync, paper, or cloud tradeoffs|Existing cloud/local guide; Consumer Reports; AllAboutCookies; current competitor policies if named|/resources/guides/on-device-storage-period-tracker;/resources/guides/period-tracking-without-cloud;/compare/versus/cloud-vs-local-period-trackers;/resources/best/best-private-period-tracker-apps;/tools/quiz/should-you-switch-period-trackers|drafted-batch-1
Health tracking and clinical prep|Abnormal Bleeding Diary for a Doctor Visit|abnormal-bleeding-diary-doctor-visit|lead-magnets|tofu|doctor-prep;symptom-tracker|abnormal bleeding diary|HTML worksheet|Visit-ready bleeding diary with flow, clots, pain, timing, pregnancy test, medication, and question prompts|ACOG Abnormal Bleeding Diary; ACOG Abnormal Uterine Bleeding; Office on Women's Health period problems|/resources/symptom-guides/heavy-period-bleeding-causes;/resources/symptom-guides/spotting-vs-period;/resources/life-stage-guides/perimenopause-period-changes;/free/first-period-starter-kit;/resources/guides/period-tracking-without-cloud|consolidated-2026-07-06
Health tracking and clinical prep|Heavy Period Visit Prep Checklist|heavy-period-visit-prep-checklist|lead-magnets|tofu|heavy-bleeding;doctor-prep|heavy period checklist|HTML checklist|Appointment prep sheet for heavy bleeding history, product counts, clots, fatigue, medications, and questions|ACOG Heavy Menstrual Bleeding; Office on Women's Health menstrual cycle; ACOG Abnormal Uterine Bleeding|/resources/symptom-guides/heavy-period-bleeding-causes;/resources/condition-guides/menorrhagia-heavy-periods-guide;/resources/condition-guides/anemia-heavy-periods;/free/abnormal-bleeding-log;/resources/guides/period-tracking-without-cloud|consolidated-2026-07-06
Health tracking and clinical prep|Ovulation Spotting Tracker|ovulation-spotting-tracker|symptom-guides|tofu|cycle-symptom-tracker|spotting during ovulation|tracker guide|Cycle-day spotting tracker that separates timing, amount, pain, sex, medication, and when to call a clinician|ACOG Abnormal Uterine Bleeding; Office on Women's Health period problems; Office on Women's Health menstrual cycle|/resources/symptom-guides/spotting-vs-period;/resources/symptom-guides/spotting-before-period;/resources/symptom-guides/signs-of-ovulation;/resources/guides/ovulation-tracking-how-apps-work;/free/abnormal-bleeding-log|drafted-batch-2
Health tracking and clinical prep|PMDD Two-Cycle Symptom Tracker|pmdd-two-cycle-symptom-tracker|lead-magnets|bofu|pmdd-tracker;doctor-prep|pmdd symptom tracker|HTML tracker|Two-cycle daily mood and body symptom tracker with timing windows and clinician summary prompts|ACOG Premenstrual Syndrome; ACOG PMDD expert article; Office on Women's Health PMS|/resources/symptom-guides/pmdd-symptoms-vs-pms;/resources/guides/pmdd-period-tracking-guide;/resources/condition-guides/pmdd-treatment-options;/resources/wellness-guides/mental-health-cycle-tracking;/app-guides/floriva-for-pmdd-tracking|consolidated-2026-07-06
Health tracking and clinical prep|Perimenopause Bleeding Pattern Log|perimenopause-bleeding-pattern-log|lead-magnets|mofu|perimenopause;doctor-prep|perimenopause bleeding log|HTML log|Perimenopause bleeding and symptom log for cycle gaps, heavy days, spotting, hot flashes, sleep, and care questions|ACOG Perimenopausal Bleeding and Bleeding After Menopause; Office on Women's Health menopause basics; Office on Women's Health menopause symptoms|/resources/life-stage-guides/perimenopause-period-changes;/resources/life-stage-guides/perimenopause-hormone-changes-tracking;/resources/best/best-period-tracker-for-perimenopause;/free/abnormal-bleeding-log;/resources/guides/period-tracking-without-cloud|consolidated-2026-07-06
Health tracking and clinical prep|Birth Control Implant Bleeding Log|birth-control-implant-bleeding-log|life-stage-guides|tofu|birth-control-user;cycle-symptom-tracker|implant birth control bleeding|tracker guide|Bleeding-pattern log for implant users with spotting days, heavy days, timing after placement, symptoms, and appointment prompts|CDC implant bleeding irregularities guidance; ACOG breakthrough bleeding with birth control; ACOG postpartum birth control implant bleeding note|/resources/life-stage-guides/birth-control-period-changes;/resources/life-stage-guides/tracking-cycles-after-stopping-birth-control;/resources/symptom-guides/spotting-vs-period;/free/abnormal-bleeding-log;/resources/guides/period-tracking-without-cloud|drafted-batch-2
Comparisons, switching, and app audits|Flo Data Deletion Receipt Checklist|flo-data-deletion-receipt-checklist|lead-magnets|mofu|flo-switcher;privacy-conscious|how to delete data from flo app|HTML checklist|Receipt checklist for export, deletion request, reply tracking, follow-up dates, and device cleanup after leaving Flo|Current Flo privacy/delete/account help pages; FTC Flo 2021; Apple Health if Health export is mentioned|/resources/guides/delete-flo-account-keep-data;/resources/guides/switching-from-flo-complete-guide;/free/delete-period-data-guide;/resources/guides/what-happens-period-data-delete-app|consolidated-2026-07-06
Comparisons, switching, and app audits|Clue Data Export Review Worksheet|clue-data-export-review-worksheet|lead-magnets|mofu|clue-switcher;privacy-conscious|clue data export|worksheet|Worksheet for reviewing a Clue export, deciding what to keep, and cleaning sensitive notes before switching apps|Current Clue export/privacy help pages; GDPR export context only if cited; existing Clue switch pages|/compare/alternatives/clue-data-export-then-what;/resources/guides/how-to-switch-from-clue;/free/delete-period-data-guide;/resources/privacy-in-practice/period-tracker-data-portability-export;/compare/versus/period-tracker-data-export-compared|consolidated-2026-07-06
Practical privacy and legal safety|Period App Location Permission Audit|period-app-location-permission-audit|privacy-in-practice|mofu|privacy-conscious;phone-audit-user|period app location permission|checklist guide|Phone-level location permission audit for period apps, maps, ads, health hubs, widgets, and screenshots|Current Apple and Android location permission docs; FTC or data broker location enforcement examples|/resources/privacy-in-practice/lock-down-period-data-on-your-phone;/resources/guides/how-period-tracker-apps-collect-data;/free/delete-period-data-guide|consolidated-2026-07-31
Practical privacy and legal safety|Reset Your Advertising ID After Period Apps|reset-ad-id-after-period-apps|privacy-in-practice|mofu|privacy-conscious;period-app-switcher|reset advertising id period app|procedure|Step-by-step advertising ID reset and app-tracking cleanup plan after deleting or switching period apps|Current Apple App Tracking Transparency docs; current Android advertising ID docs; FTC Flo/Premom context for ad sharing|/resources/privacy-in-practice/lock-down-period-data-on-your-phone;/resources/guides/how-period-tracker-apps-collect-data;/free/delete-period-data-guide;/free/period-app-privacy-audit-kit|drafted-batch-3
Free tools, templates, and self-checks|Period App Data Map Worksheet|period-app-data-map-worksheet|lead-magnets|mofu|privacy-conscious;data-sensitive|period app data map|worksheet|Data map worksheet that lists where period data may live across apps, health hubs, backups, email, exports, partners, and old phones|Apple Health docs; Google Health Connect docs; FTC examples; existing privacy audit sources|/resources/privacy-in-practice/lock-down-period-data-on-your-phone;/resources/guides/does-apple-health-share-period-data;/resources/guides/google-fit-menstrual-data-privacy|consolidated-2026-07-06
Free tools, templates, and self-checks|Switch Period Trackers Without Losing History|switch-period-trackers-without-losing-history|lead-magnets|mofu|period-app-switcher;health-tracker|switch period trackers without losing history|migration checklist|Migration checklist for export, backup, key date summary, manual re-entry, deletion timing, and doctor-visit continuity|Existing switching guides; app export docs only if named; medical tracking caveats from existing doctor prep pages|/resources/guides/switching-from-cloud-period-trackers;/resources/privacy-in-practice/period-tracker-data-portability-export;/compare/versus/period-tracker-data-export-compared;/free/first-period-starter-kit;/app-guides/floriva-vs-paper-tracking|consolidated-2026-07-06
Practical privacy and legal safety|App Store Privacy Label Check for Period Apps|app-store-privacy-label-period-apps|privacy-in-practice|mofu|careful-buyer;privacy-conscious|app store privacy label period app|field guide|Plain-language checklist for reading App Store privacy labels and comparing them with a period app privacy policy|Current Apple App Privacy Details docs; FTC privacy enforcement context; Consumer Reports or Mozilla privacy label caveats if used|/free/period-app-privacy-audit-kit;/resources/guides/how-to-read-period-tracker-privacy-policy;/resources/guides/period-app-privacy-red-flags;/resources/guides/understanding-period-app-data-policies;/tools/quiz/is-my-period-app-asking-too-much-quiz|consolidated-2026-07-31
Free tools, templates, and self-checks|Period App Deletion Follow-Up Email Templates|period-app-deletion-follow-up-email-templates|lead-magnets|mofu|period-app-switcher;privacy-conscious|period app deletion request follow up|email templates|Plain email templates for first request, no reply, partial reply, export request, and confirmation receipt after deleting a period app|FTC enforcement examples; state privacy rights only if cited carefully; existing data deletion guide|/free/delete-period-data-guide;/resources/guides/what-happens-period-data-delete-app;/free/period-app-privacy-audit-kit|consolidated-2026-07-06
Teen and parent privacy|Teen Period Tracker Setup Card|teen-period-tracker-setup-card|lead-magnets|tofu|teen-user;parent-helper|period tracker for teens|setup card|One-page teen-friendly setup card for choosing what to track, what to leave out, phone privacy settings, and when to ask for help|ACOG menstruation in adolescents; Nemours or KidsHealth first-period education; current Apple and Android notification/privacy docs|/resources/life-stage-guides/teen-first-period-tracking;/compare/versus/teen-safe-period-trackers-compared;/app-guides/floriva-for-teens;/resources/privacy-in-practice/lock-down-period-data-on-your-phone;/tools/quiz/is-your-teen-ready-for-period-tracker|consolidated-2026-07-06
Teen and parent privacy|Teen Period App Privacy Checklist|teen-period-app-privacy-checklist|privacy-in-practice|mofu|teen-user;privacy-conscious;parent-helper|teen period app safety|checklist guide|Checklist for checking accounts, ads, store privacy labels, cloud sync, notifications, family sharing, and lock-screen exposure before a teen uses a period app|FTC health app privacy context; COPPA only if cited carefully; Apple App Privacy Details; Google Play Data safety|/compare/versus/teen-safe-period-trackers-compared;/resources/privacy-in-practice/lock-down-period-data-on-your-phone;/resources/privacy-in-practice/reset-ad-id-after-period-apps;/resources/life-stage-guides/teen-first-period-tracking|consolidated-2026-07-31
Teen and parent privacy|Parent and Teen Period App Boundary Script|parent-teen-period-app-boundary-script|lead-magnets|tofu|parent-helper;teen-user|how to talk to daughter about period|conversation script|Plain conversation script for agreeing what a teen tracks, what a parent can see, when to ask for medical help, and how privacy is handled|ACOG menstruation in adolescents; AAP or pediatric privacy/confidential care source if used; current teen tracking page sources|/resources/life-stage-guides/teen-first-period-tracking;/tools/quiz/is-your-teen-ready-for-period-tracker;/compare/versus/teen-safe-period-trackers-compared;/resources/privacy-in-practice/period-tracking-privacy-for-teens-and-students;/free/first-period-starter-kit|consolidated-2026-07-06
Teen and parent privacy|First Period Tracking Starter Sheet|first-period-tracking-starter-sheet|lead-magnets|tofu|teen-user;parent-helper|first period tracker|starter worksheet|Simple first-period tracker with period dates, flow, pain, school impact, questions, and privacy notes for the first six cycles|ACOG menstruation in adolescents; Nemours or KidsHealth first-period education; do not diagnose from early irregular cycles|/resources/life-stage-guides/teen-first-period-tracking;/free/first-period-starter-kit;/resources/symptom-guides/period-blood-colors-guide;/resources/symptom-guides/cramps-before-period|consolidated-2026-07-06
Teen and parent privacy|Shared Apple ID Period Privacy Checklist|shared-apple-id-period-privacy-checklist|privacy-in-practice|mofu|iphone-user;teen-user;parent-helper|shared apple id period data|checklist guide|Checklist for checking Apple ID, Family Sharing, iCloud backup, Health app access, notifications, purchases, and device hand-me-downs before logging period data|Current Apple Family Sharing; Apple Health sharing; Apple iCloud backup; Apple notification privacy docs|/resources/privacy-in-practice/lock-down-period-data-on-your-phone;/resources/guides/does-apple-health-share-period-data;/resources/life-stage-guides/teen-first-period-tracking|consolidated-2026-07-31
Teen and parent privacy|School Phone Period Tracking Privacy Checklist|school-phone-period-tracking-privacy-checklist|privacy-in-practice|mofu|teen-user;school-device-user;parent-helper|school phone period tracking|checklist guide|Checklist for deciding whether to track on a school-managed phone or tablet, including MDM visibility, backups, browser history, notifications, and safer alternatives|Current Apple/Google managed-device docs if cited; existing school-device page; no legal guarantees about school access|/resources/guides/school-devices-period-tracking;/resources/privacy-in-practice/period-tracking-privacy-for-teens-and-students;/resources/privacy-in-practice/lock-down-period-data-on-your-phone;/free/first-period-starter-kit|consolidated-2026-07-31
Teen and parent privacy|Teen Period Symptoms Doctor Visit Sheet|teen-period-symptoms-doctor-visit-sheet|lead-magnets|mofu|teen-user;parent-helper;health-tracker|teen period symptoms doctor visit|visit prep worksheet|Doctor-visit sheet for teens to log cycle dates, heavy bleeding, pain, missed school, medicine use, questions, and what they want private in the visit|ACOG menstruation in adolescents; ACOG heavy bleeding in adolescents if used; pediatric confidential care source only if cited carefully|/resources/life-stage-guides/teen-first-period-tracking;/free/abnormal-bleeding-log;/free/heavy-period-clot-tracker;/resources/privacy-in-practice/your-medical-records-and-period-data;/app-guides/floriva-for-teens|consolidated-2026-07-06
Teen and parent privacy|Teen Period App Notification Privacy Check|teen-period-app-notification-privacy-check|privacy-in-practice|mofu|teen-user;shared-device-user;parent-helper|teen period app notifications|checklist guide|Teen-focused notification privacy check for lock screen previews, smart watches, family devices, school devices, widgets, and calendar reminders|Current Apple notification docs; current Android notification docs; existing notification privacy page|/resources/privacy-in-practice/lock-down-period-data-on-your-phone;/resources/privacy-in-practice/period-tracking-privacy-for-teens-and-students;/free/first-period-starter-kit;/resources/life-stage-guides/teen-first-period-tracking|consolidated-2026-07-31
Fertility charting tools|Printable BBT Chart for One Cycle|printable-bbt-chart-one-cycle|lead-magnets|tofu|fertility-aware;paper-tracker|bbt chart printable|printable chart|Printable one-cycle basal body temperature chart with wake time, sleep disruption, illness, alcohol, and notes columns|ACOG or Merck ovulation/BBT source if used; existing BBT setup guide; no contraception effectiveness claims|/app-guides/floriva-basal-body-temperature-tracking;/app-guides/floriva-fertility-awareness-method-setup;/resources/symptom-guides/signs-of-ovulation;/resources/privacy-in-practice/who-can-legally-get-your-period-data;/free/ovulation-fertility-awareness-kit|consolidated-2026-07-06
Fertility charting tools|Basal Body Temperature Disruption Log|bbt-disruption-log|lead-magnets|tofu|fertility-aware;health-tracker|basal body temperature chart printable|worksheet|Worksheet for marking BBT readings affected by poor sleep, late wake time, illness, alcohol, travel, fever, or thermometer changes|Existing BBT setup guide; reputable fertility-awareness or medical source if specific timing rules are cited|/app-guides/floriva-basal-body-temperature-tracking;/app-guides/floriva-fertility-awareness-method-setup;/resources/privacy-in-practice/who-can-legally-get-your-period-data;/resources/guides/how-to-track-basal-body-temperature;/free/ovulation-fertility-awareness-kit|consolidated-2026-07-06
Fertility charting tools|Cervical Mucus Tracking Chart|cervical-mucus-tracking-chart|lead-magnets|tofu|fertility-aware;body-literacy|cervical mucus tracking chart|printable chart|Simple daily chart for cervical mucus sensation, appearance, amount, and notes without overinterpreting fertility status|Existing cervical mucus guide; Cleveland Clinic or Merck source if used; no diagnostic or contraception promises|/resources/guides/how-to-track-cervical-mucus;/resources/symptom-guides/cervical-mucus-throughout-cycle;/resources/symptom-guides/discharge-before-period;/app-guides/floriva-fertility-awareness-method-setup;/free/ovulation-fertility-awareness-kit|consolidated-2026-07-06
Fertility charting tools|LH Test Strip Tracker|lh-test-strip-tracker|lead-magnets|tofu|fertility-aware;ttc-user|lh test tracker|worksheet|Daily LH test tracker for time tested, result, line strength, cervical mucus, BBT follow-up, and notes about multiple surges|Existing ovulation test guide; reputable OPK/LH source if specific timing claims are cited; no pregnancy guarantee|/resources/symptom-guides/signs-of-ovulation;/resources/guides/ovulation-test-how-to-use;/app-guides/floriva-fertility-awareness-method-setup;/resources/privacy-in-practice/who-can-legally-get-your-period-data;/free/ovulation-fertility-awareness-kit|consolidated-2026-07-06
Fertility charting tools|Fertility Awareness Chart Review Checklist|fertility-awareness-chart-review-checklist|lead-magnets|mofu|fertility-aware;paper-tracker|fertility awareness method chart|review checklist|Checklist for reviewing whether a chart has enough days, consistent BBT, mucus notes, LH results, medication notes, and uncertainty flags before sharing with a clinician or instructor|Existing FAM setup guide; CDC fertility awareness methods page if effectiveness or method claims are mentioned; avoid contraceptive instruction|/app-guides/floriva-fertility-awareness-method-setup;/free/ovulation-fertility-awareness-kit;/resources/privacy-in-practice/who-can-legally-get-your-period-data;/resources/privacy-in-practice/your-medical-records-and-period-data;/tools/quiz/do-you-need-fertility-tracking|consolidated-2026-07-06
Fertility charting tools|Paper Fertility Chart to App Checklist|paper-fertility-chart-to-app-checklist|lead-magnets|mofu|paper-tracker;period-app-switcher|paper fertility chart|migration checklist|Checklist for moving a paper fertility chart into an app without copying extra private notes, locations, partner details, or old annotations|Existing switching/data-map pages; existing FAM setup guide; no claim that app import is universal|/free/period-app-privacy-audit-kit;/free/delete-period-data-guide;/app-guides/floriva-fertility-awareness-method-setup;/resources/privacy-in-practice/period-tracker-data-portability-export|consolidated-2026-07-06
Fertility charting tools|Ovulation Symptoms Tracker|ovulation-symptoms-tracker|lead-magnets|tofu|fertility-aware;health-tracker|ovulation symptoms tracker|symptom tracker|Tracker for mid-cycle pain, mucus, spotting, libido, LH tests, BBT shift, and notes without promising ovulation confirmation from symptoms alone|Existing signs of ovulation guide; ovulation spotting tracker; source-backed caveat that symptoms alone do not confirm ovulation|/resources/symptom-guides/signs-of-ovulation;/resources/symptom-guides/ovulation-spotting-tracker;/resources/symptom-guides/how-long-does-ovulation-last;/app-guides/floriva-fertility-awareness-method-setup;/free/ovulation-fertility-awareness-kit|consolidated-2026-07-06
Fertility charting tools|Fertility Data Privacy Handoff Sheet|fertility-data-privacy-handoff-sheet|privacy-in-practice|mofu|fertility-aware;privacy-conscious|fertility chart template|privacy handoff sheet|Handoff worksheet for deciding which BBT, mucus, LH, sex, pregnancy test, and symptom details to share with a clinic, partner, instructor, or app|Existing fertility clinic privacy page; data minimization guide; no legal or medical guarantee|/resources/privacy-in-practice/who-can-legally-get-your-period-data;/resources/guides/period-tracker-data-minimization-guide;/resources/privacy-in-practice/your-medical-records-and-period-data;/free/period-app-privacy-audit-kit;/app-guides/floriva-fertility-awareness-method-setup|consolidated-2026-07-31
PCOS practical tools|PCOS Meal Planner Template|pcos-meal-planner-template|lead-magnets|tofu|pcos-diagnosed;suspected-pcos;meal-planner|pcos meal planner|meal planning worksheet|Meal planning worksheet for building repeatable meals, snacks, fiber/protein notes, grocery staples, and questions for a dietitian without promising weight loss or cycle changes|Academy of Nutrition and Dietetics PCOS nutrition page; ACOG PCOS FAQ; no diet-cure claims|/resources/wellness-guides/pcos-diet-plan-for-periods;/resources/condition-guides/pcos-period-irregularity-tracking;/free/pcos-tracking-kit;/app-guides/floriva-for-pcos-tracking;/resources/privacy-in-practice/your-medical-records-and-period-data|consolidated-2026-07-06
PCOS practical tools|7-Day PCOS Meal Planning Worksheet|7-day-pcos-meal-planning-worksheet|lead-magnets|tofu|pcos-diagnosed;meal-planner|7-day pcos diet plan pdf|worksheet|Seven-day meal planning grid with breakfast, lunch, dinner, snacks, prep notes, budget swaps, and care-team questions; not a prescribed diet plan|Academy of Nutrition and Dietetics PCOS nutrition page; ACOG PCOS FAQ; avoid macros/calories and treatment guarantees|/free/pcos-tracking-kit;/resources/wellness-guides/pcos-diet-plan-for-periods;/resources/wellness-guides/anti-inflammatory-diet-for-periods;/resources/condition-guides/pcos-period-irregularity-tracking|consolidated-2026-07-06
PCOS practical tools|PCOS Meal Prep Grocery List|pcos-meal-prep-grocery-list|lead-magnets|tofu|pcos-diagnosed;meal-planner;budget-conscious|pcos meal prep|grocery worksheet|Grocery-list builder for PCOS meal prep with staples, protein, fiber, snack, freezer, and budget sections; avoids medical diet prescriptions|Academy of Nutrition and Dietetics PCOS nutrition page; existing PCOS diet guide; no cure or weight-loss promise|/free/pcos-tracking-kit;/resources/wellness-guides/pcos-diet-plan-for-periods;/resources/wellness-guides/cycle-syncing-food-chart;/free/period-app-privacy-audit-kit|consolidated-2026-07-06
PCOS practical tools|PCOS Doctor Appointment Question List|pcos-doctor-appointment-question-list|lead-magnets|mofu|suspected-pcos;specialist-prep;health-tracker|pcos checklist|visit prep worksheet|Question list for discussing irregular cycles, androgen symptoms, labs, ultrasound, treatment goals, fertility goals, and data privacy before a PCOS appointment|ACOG PCOS FAQ; NICHD PCOS fact sheet; no diagnostic self-test claims|/resources/condition-guides/pcos-period-irregularity-tracking;/resources/guides/period-tracking-pcos-guide;/free/pcos-tracking-kit;/resources/condition-guides/irregular-periods-when-to-see-doctor;/resources/privacy-in-practice/your-medical-records-and-period-data|consolidated-2026-07-06
PCOS practical tools|PCOS Lab Results Tracker|pcos-lab-results-tracker|lead-magnets|mofu|suspected-pcos;specialist-prep;health-tracker|pcos blood test hormone levels|lab tracker|Tracker for lab names, dates, reference ranges, clinician notes, cycle day context, and follow-up questions without interpreting results for the reader|ACOG PCOS FAQ; NICHD PCOS fact sheet; clinician-guided interpretation only|/resources/condition-guides/pcos-period-irregularity-tracking;/resources/guides/period-tracking-pcos-guide;/app-guides/floriva-hormone-health-tracking;/free/pcos-tracking-kit;/resources/privacy-in-practice/your-medical-records-and-period-data|consolidated-2026-07-06
PCOS practical tools|PCOS Medication and Supplement Change Log|pcos-medication-supplement-change-log|lead-magnets|mofu|pcos-diagnosed;health-tracker|pcos treatment tracker|change log|Change log for medications, supplements, dose changes, start dates, side effects, cycle changes, symptom notes, and clinician follow-up questions without giving treatment advice|ACOG PCOS FAQ; Endocrine Society PCOS guideline if metformin is mentioned; no supplement efficacy claims|/resources/condition-guides/pcos-period-irregularity-tracking;/app-guides/floriva-for-pcos-tracking;/free/pcos-tracking-kit;/resources/privacy-in-practice/your-medical-records-and-period-data|consolidated-2026-07-06
PCOS practical tools|PCOS Acne and Hair Growth Photo Log|pcos-acne-hair-growth-photo-log|lead-magnets|mofu|pcos-diagnosed;suspected-pcos;health-tracker|pcos acne tracker|photo log|Monthly photo and symptom log for acne, hair growth, scalp hair changes, lighting, location, severity, and clinician notes without diagnosing androgen levels|ACOG PCOS FAQ; NICHD PCOS fact sheet; existing hormonal acne guide; no diagnosis from photos|/resources/symptom-guides/hormonal-acne-cycle-mapping;/resources/condition-guides/pcos-period-irregularity-tracking;/free/pcos-tracking-kit;/app-guides/floriva-hormone-health-tracking|consolidated-2026-07-06
PCOS practical tools|PCOS Data Sharing Privacy Checklist|pcos-data-sharing-privacy-checklist|privacy-in-practice|mofu|pcos-diagnosed;privacy-conscious;specialist-prep|pcos app privacy|privacy checklist|Checklist for deciding which PCOS cycle, symptom, lab, food, medication, photo, and fertility notes to share with a clinician, insurer, partner, or app|FTC health app breach rule; existing PCOS insurance page; data minimization guide; no legal guarantees|/resources/privacy-in-practice/your-medical-records-and-period-data;/resources/guides/period-tracker-data-minimization-guide;/free/pcos-tracking-kit|consolidated-2026-07-31
PMDD practical tools|PMDD Quiz With No Email|pmdd-quiz-no-email|questionnaires|tofu|pmdd-tracker;privacy-conscious-user|pmdd quiz|quiz/self-check|Privacy-first self-check that explains PMDD pattern signals, limits, urgent safety signals, and what to track next|ACOG Premenstrual Syndrome; Office on Women's Health PMS; 988 Lifeline for crisis language; no diagnosis claim|/resources/guides/pmdd-period-tracking-guide;/resources/symptom-guides/pmdd-symptoms-vs-pms;/free/pmdd-tracking-kit;/resources/condition-guides/pmdd-treatment-options;/app-guides/floriva-for-pmdd-tracking|drafted-batch-7
PMDD practical tools|Daily Record of Severity of Problems Guide|pmdd-drsp-daily-log|lead-magnets|mofu|pmdd-tracker;doctor-prep|daily record of severity of problems|worksheet guide|Plain-language DRSP-style daily log explainer with a simple daily table and clinician summary prompts|NCBI Bookshelf PMDD prospective daily ratings; ACOG Premenstrual Syndrome; IAPMD tracker context if quoted cautiously|/free/pmdd-tracking-kit;/resources/guides/pmdd-period-tracking-guide;/resources/symptom-guides/pmdd-symptoms-vs-pms;/resources/condition-guides/pmdd-treatment-options|consolidated-2026-07-06
PMDD practical tools|PMDD Appointment Prep Checklist|pmdd-appointment-prep-checklist|lead-magnets|mofu|pmdd-tracker;doctor-prep|pmdd appointment checklist|visit checklist|Clinician visit prep sheet for cycle timing, function impact, safety concerns, medications, and questions|ACOG Premenstrual Syndrome; Office on Women's Health PMS; 988 Lifeline for urgent safety wording|/free/pmdd-tracking-kit;/resources/condition-guides/pmdd-treatment-options;/app-guides/floriva-for-pmdd-tracking|consolidated-2026-07-06
PMDD practical tools|PMDD Treatment Response Tracker|pmdd-treatment-response-tracker|lead-magnets|mofu|pmdd-tracker;treatment-tracker|pmdd treatment tracker|treatment log|Medication, therapy, lifestyle, side-effect, function, and cycle timing response tracker for PMDD care|ACOG Premenstrual Syndrome treatment context; Office on Women's Health PMS; FDA medication/supplement safety caveat if needed|/resources/condition-guides/pmdd-treatment-options;/free/pmdd-tracking-kit;/resources/guides/pmdd-period-tracking-guide|consolidated-2026-07-06
PMDD practical tools|PMDD Work and School Planning Sheet|pmdd-work-school-planning-sheet|lead-magnets|mofu|pmdd-tracker;work-school-planner|pmdd work accommodations|planning worksheet|Work and school planning sheet for symptom windows, task load, communication notes, and care boundaries without legal overpromises|ACOG Premenstrual Syndrome; 988 Lifeline for safety; JAN mental health accommodation examples as secondary context|/free/pmdd-tracking-kit;/resources/privacy-in-practice/who-can-legally-get-your-period-data;/resources/guides/pmdd-period-tracking-guide|consolidated-2026-07-06
PMDD practical tools|PMDD Relationship Communication Script|pmdd-relationship-communication-script|lead-magnets|mofu|pmdd-tracker;partner-helper|pmdd relationship worksheet|script worksheet|Boundary and support script for sharing PMDD patterns with a partner, friend, roommate, or family member|ACOG Premenstrual Syndrome; Office on Women's Health PMS; 988 Lifeline for safety escalation language|/resources/guides/period-tracking-for-partners;/free/pmdd-tracking-kit;/resources/guides/pmdd-period-tracking-guide|consolidated-2026-07-06
PMDD practical tools|PMDD Safety Plan Template|pmdd-safety-plan-template|lead-magnets|mofu|pmdd-tracker;safety-planner|pmdd safety plan|safety template|Plain safety plan for high-risk PMDD days, warning signs, supports, crisis steps, and what not to store in an app|988 Lifeline; ACOG Premenstrual Syndrome; Office on Women's Health PMS; no replacement for emergency care|/free/pmdd-tracking-kit;/resources/guides/pmdd-period-tracking-guide;/resources/privacy-in-practice/protect-your-symptom-and-condition-data|consolidated-2026-07-06
PMDD practical tools|PMDD Data Privacy Checklist|pmdd-data-privacy-checklist|privacy-in-practice|mofu|pmdd-tracker;privacy-conscious-user|pmdd tracker privacy|privacy checklist|Checklist for deciding where to store PMDD mood logs, safety notes, medication notes, exports, and clinician summaries|FTC health app enforcement context; 988 Lifeline for safety note; ACOG or OWH PMDD sensitivity context|/free/pmdd-tracking-kit;/resources/guides/period-tracker-data-minimization-guide;/resources/privacy-in-practice/lock-down-period-data-on-your-phone;/app-guides/floriva-for-pmdd-tracking|consolidated-2026-07-31
Birth control practical tools|Breakthrough Bleeding Log|breakthrough-bleeding-log|lead-magnets|tofu|birth-control-user;health-tracker|breakthrough bleeding birth control|worksheet log|Plain bleeding and spotting log for people on birth control with dates, flow, missed or late dose notes, new medicines, pain, pregnancy-test note, and clinician questions|CDC Selected Practice Recommendations bleeding irregularities; ACOG or Planned Parenthood patient education only as secondary context; no dosing or treatment instructions|/resources/life-stage-guides/birth-control-period-changes;/resources/symptom-guides/spotting-vs-period;/free/abnormal-bleeding-log;/resources/condition-guides/irregular-periods-when-to-see-doctor;/resources/guides/period-tracking-without-cloud|consolidated-2026-07-06
Birth control practical tools|Birth Control Side Effect Tracker|birth-control-side-effect-tracker|lead-magnets|tofu|birth-control-user;health-tracker|birth control side effects tracker|symptom tracker|Side-effect pattern tracker for method start or switch date, bleeding, mood, headache, nausea, acne, libido, cramps, and care questions without claiming causation|CDC Selected Practice Recommendations contraception guidance; patient education source if method side effects are named; no causal diagnosis claims|/resources/life-stage-guides/birth-control-period-changes;/resources/life-stage-guides/tracking-cycles-after-stopping-birth-control;/free/abnormal-bleeding-log;/resources/guides/period-tracking-without-cloud;/resources/guides/period-tracker-data-minimization-guide|consolidated-2026-07-06
Birth control practical tools|IUD Bleeding and Cramp Log|iud-bleeding-and-cramp-log|lead-magnets|tofu|iud-user;health-tracker|iud bleeding tracker|worksheet log|IUD bleeding and cramp log for spotting, flow, pain, string-check notes, insertion date, method type, and clinician questions|CDC Selected Practice Recommendations IUD bleeding guidance; ACOG or Planned Parenthood patient education only as secondary context; avoid self-diagnosis|/resources/condition-guides/iud-and-period-changes;/resources/life-stage-guides/birth-control-period-changes;/resources/symptom-guides/spotting-vs-period;/free/abnormal-bleeding-log;/resources/privacy-in-practice/your-medical-records-and-period-data|consolidated-2026-07-06
Birth control practical tools|IUD Appointment Question Checklist|iud-appointment-question-checklist|lead-magnets|mofu|iud-user;doctor-prep|iud appointment questions|visit checklist|Question checklist for IUD follow-up or unexpected bleeding with what to document, when to call, what to bring, and how to limit app exports|CDC Selected Practice Recommendations IUD guidance; patient education source if warning signs are mentioned; no treatment or contraceptive timing advice|/resources/condition-guides/iud-and-period-changes;/free/period-pain-cramp-diary;/resources/privacy-in-practice/your-medical-records-and-period-data;/resources/guides/period-tracker-data-minimization-guide;/free/abnormal-bleeding-log|consolidated-2026-07-06
Birth control practical tools|Depo Shot Bleeding Calendar|depo-shot-bleeding-calendar|lead-magnets|tofu|depo-user;health-tracker|depo shot bleeding|calendar worksheet|Three-month Depo bleeding calendar for shot date, spotting, heavy days, cramps, mood, headaches, and clinician questions|CDC Selected Practice Recommendations DMPA bleeding guidance; no dosing instructions for stopping bleeding|/resources/life-stage-guides/birth-control-period-changes;/free/abnormal-bleeding-log;/resources/privacy-in-practice/your-medical-records-and-period-data;/resources/guides/period-tracking-without-cloud|consolidated-2026-07-06
Birth control practical tools|Birth Control Switch Checklist|birth-control-switch-checklist|lead-magnets|mofu|birth-control-user;doctor-prep|birth control switch checklist|planning checklist|Method-switch planning checklist for current method, goals, side effects, bleeding pattern, start and stop dates, privacy choices, and clinician or pharmacist questions|CDC Selected Practice Recommendations and US MEC if eligibility is mentioned; no method recommendation or protection-start timing advice|/resources/life-stage-guides/birth-control-period-changes;/resources/life-stage-guides/tracking-cycles-after-stopping-birth-control;/resources/life-stage-guides/birth-control-implant-bleeding-log;/free/birth-control-tracking-kit;/resources/guides/period-tracking-without-cloud|consolidated-2026-07-06
Birth control practical tools|Stopping Birth Control Cycle Return Tracker|stopping-birth-control-cycle-return-tracker|lead-magnets|tofu|birth-control-user;cycle-symptom-tracker|period after stopping birth control|tracker worksheet|Cycle-return tracker for period dates, spotting, cervical mucus if used, mood, acne, cramps, pregnancy-test note, and care questions after stopping a method|Existing stopping-birth-control guide; CDC contraception guidance if method timing is mentioned; avoid fertility or pregnancy guarantees|/resources/life-stage-guides/tracking-cycles-after-stopping-birth-control;/resources/life-stage-guides/birth-control-period-changes;/free/birth-control-tracking-kit;/resources/condition-guides/why-is-my-period-late;/resources/guides/period-tracking-without-cloud|consolidated-2026-07-06
Birth control practical tools|Birth Control Data Privacy Checklist|birth-control-data-privacy-checklist|privacy-in-practice|mofu|birth-control-user;privacy-conscious-user|birth control app privacy|privacy checklist|Checklist for deciding where to store birth-control notes, bleeding logs, sex notes, pregnancy-test notes, exports, and clinician summaries|FTC Health Breach Notification Rule; HHS HIPAA consumer app guidance if used; existing data minimization guide; no legal guarantees|/free/abnormal-bleeding-log;/free/birth-control-tracking-kit;/resources/guides/period-tracker-data-minimization-guide;/resources/privacy-in-practice/your-medical-records-and-period-data;/resources/guides/period-tracking-without-cloud|consolidated-2026-07-31
Perimenopause practical tools|Perimenopause Symptoms Checklist|perimenopause-symptoms-checklist|lead-magnets|tofu|perimenopause;health-tracker|perimenopause symptoms checklist|checklist worksheet|Plain checklist that turns symptom-list searches into body-system groups, severity notes, cycle timing, daily-life impact, and care questions without claiming a fixed official symptom count|Office on Women's Health menopause symptoms; ACOG perimenopausal bleeding and menopause context; avoid fake 34/100 symptom authority|/resources/life-stage-guides/perimenopause-period-changes;/resources/life-stage-guides/perimenopause-hormone-changes-tracking;/free/perimenopause-symptom-tracker;/resources/guides/period-tracking-without-cloud|consolidated-2026-07-06
Perimenopause practical tools|Perimenopause Symptom Tracker|perimenopause-symptom-tracker|lead-magnets|tofu|perimenopause;health-tracker|perimenopause symptom tracker|symptom tracker|Daily and weekly tracker for hot flashes, night sweats, sleep, mood, bleeding, headaches, vaginal dryness, brain fog, and care questions|Office on Women's Health menopause symptoms; ACOG menopause FAQ if used; no diagnosis or treatment promises|/free/perimenopause-symptom-tracker;/resources/life-stage-guides/perimenopause-period-changes;/resources/life-stage-guides/perimenopause-hormone-changes-tracking;/app-guides/floriva-for-perimenopause|drafted-batch-9
Perimenopause practical tools|Hot Flash and Night Sweat Log|hot-flash-night-sweat-log|lead-magnets|tofu|perimenopause;health-tracker|hot flash tracker|worksheet log|Hot flash and night sweat log for time, trigger notes, intensity, sleep interruption, period timing, medicine changes, and clinician questions|Office on Women's Health menopause symptoms; Mayo/Cleveland or ACOG secondary if used; no treatment instructions|/free/perimenopause-symptom-tracker;/resources/life-stage-guides/perimenopause-period-changes;/resources/symptom-guides/period-sleep-disruption;/free/period-sleep-log;/app-guides/floriva-for-perimenopause|consolidated-2026-07-06
Perimenopause practical tools|Perimenopause Sleep Disruption Tracker|perimenopause-sleep-disruption-tracker|lead-magnets|tofu|perimenopause;sleep-tracker;health-tracker|perimenopause sleep tracker|sleep worksheet|Sleep tracker for bedtime, wake time, night sweats, hot flashes, awakenings, mood, caffeine/alcohol notes, and care questions|Office on Women's Health menopause symptoms; existing period sleep disruption guide; no sleep-cure claims|/resources/symptom-guides/period-sleep-disruption;/free/period-sleep-log;/free/perimenopause-symptom-tracker;/resources/life-stage-guides/perimenopause-period-changes;/resources/guides/period-tracker-data-minimization-guide|consolidated-2026-07-06
Perimenopause practical tools|Perimenopause Appointment Prep Checklist|perimenopause-appointment-prep-checklist|lead-magnets|mofu|perimenopause;doctor-prep|perimenopause appointment checklist|visit checklist|Visit prep checklist for cycle changes, bleeding, symptoms, sleep, hot flashes, mood, sex pain or dryness if shared, labs, treatment goals, and privacy of exports|Office on Women's Health menopause basics; ACOG perimenopausal bleeding; no treatment recommendations|/free/perimenopause-symptom-tracker;/resources/privacy-in-practice/your-medical-records-and-period-data;/resources/life-stage-guides/perimenopause-period-changes|consolidated-2026-07-06
Perimenopause practical tools|HRT Discussion Question List|hrt-discussion-question-list|lead-magnets|mofu|perimenopause;doctor-prep;health-tracker|hrt questions to ask doctor|question list|Question list for discussing hormone therapy goals, symptoms, bleeding history, health history, risks, follow-up, and what to track without recommending HRT|ACOG hormone therapy for menopause; Office on Women's Health menopause treatment context; no HRT recommendation or dosing|/free/reproductive-visit-prep-kit;/free/perimenopause-symptom-tracker;/resources/life-stage-guides/perimenopause-hormone-changes-tracking;/resources/life-stage-guides/perimenopause-period-changes;/resources/privacy-in-practice/your-medical-records-and-period-data|consolidated-2026-07-06
Perimenopause practical tools|Perimenopause Symptom Priority Sorter|perimenopause-symptom-priority-sorter|lead-magnets|tofu|perimenopause;overwhelmed-user;health-tracker|horrible perimenopause symptoms|sorting worksheet|Sorter for overwhelming symptom-list searches that groups symptoms by urgent, bleeding-related, sleep-related, mood-related, sex/vaginal, and daily-life impact before a care visit|Office on Women's Health menopause symptoms; ACOG perimenopausal bleeding; 988 if crisis language is used; no official 34/100 symptom-count claim|/free/perimenopause-symptom-tracker;/free/reproductive-visit-prep-kit;/free/period-sleep-log;/resources/life-stage-guides/perimenopause-period-changes;/resources/condition-guides/irregular-periods-when-to-see-doctor|consolidated-2026-07-06
Perimenopause practical tools|Perimenopause Data Privacy Checklist|perimenopause-data-privacy-checklist|privacy-in-practice|mofu|perimenopause;privacy-conscious-user;doctor-prep|perimenopause app privacy|privacy checklist|Checklist for deciding where to store perimenopause bleeding, hot flash, sleep, sex/vaginal, mood, medication, HRT, and clinician-export notes|FTC Health Breach Notification Rule; HHS HIPAA consumer app context; existing data minimization guide; no legal guarantees|/free/perimenopause-symptom-tracker;/free/reproductive-visit-prep-kit;/resources/guides/period-tracker-data-minimization-guide;/resources/privacy-in-practice/your-medical-records-and-period-data;/app-guides/floriva-for-perimenopause|consolidated-2026-07-31
Endometriosis practical tools|Endometriosis Symptom Checklist, Not a Quiz|endometriosis-symptom-checklist-no-quiz|lead-magnets|tofu|suspected-endometriosis;chronic-pain-tracker|do i have endometriosis quiz|checklist worksheet|Non-diagnostic symptom checklist for pain timing, period impact, bowel/bladder symptoms, sex pain if shared, fatigue, fertility questions, and what to bring to care|ACOG endometriosis guidance; NICE endometriosis recommendations; Office on Women's Health endometriosis; no diagnosis claim|/resources/guides/period-tracking-endometriosis;/app-guides/floriva-for-endometriosis-tracking;/resources/condition-guides/intense-period-pain-vs-endometriosis;/free/endometriosis-tracking-kit|consolidated-2026-07-06
Endometriosis practical tools|Endometriosis Bowel and Bladder Symptom Log|endometriosis-bowel-bladder-symptom-log|lead-magnets|mofu|suspected-endometriosis;chronic-pain-tracker;doctor-prep|endometriosis bowel symptoms|symptom log|Bowel and bladder symptom log for cycle day, painful bowel movements, constipation, diarrhea, rectal pain, urinary pain, urgency, bleeding, food or medicine notes, and visit summary|NICE endometriosis recommendations; NHS endometriosis symptoms; Office on Women's Health endometriosis; no bowel-endometriosis self-diagnosis|/free/endometriosis-tracking-kit;/resources/guides/period-tracking-endometriosis;/app-guides/floriva-for-endometriosis-tracking;/resources/privacy-in-practice/your-medical-records-and-period-data|consolidated-2026-07-06
Endometriosis practical tools|Endometriosis Appointment Prep Checklist|endometriosis-appointment-prep-checklist|lead-magnets|mofu|suspected-endometriosis;doctor-prep;chronic-pain-tracker|how do gynecologists check for endometriosis|visit checklist|Visit packet for symptom timeline, pain map, period impact, bowel/bladder notes, sex pain if shared, medicines tried, fertility goals if relevant, questions, and privacy-limited exports|ACOG endometriosis guidance; NICE endometriosis recommendations; Office on Women's Health endometriosis; no diagnosis claim|/free/endometriosis-tracking-kit;/resources/guides/period-tracking-endometriosis;/resources/privacy-in-practice/your-medical-records-and-period-data|consolidated-2026-07-06
Endometriosis practical tools|Endometriosis Ultrasound Question List|endometriosis-ultrasound-question-list|lead-magnets|mofu|suspected-endometriosis;doctor-prep|endometriosis ultrasound|question list|Question list for asking what ultrasound can see, what it cannot rule out, what happens if symptoms continue, and what to track after imaging|ACOG endometriosis guidance; NICE endometriosis recommendations; NHS endometriosis diagnosis context; no imaging interpretation|/free/endometriosis-tracking-kit;/resources/guides/period-tracking-endometriosis;/resources/condition-guides/intense-period-pain-vs-endometriosis;/app-guides/floriva-for-endometriosis-tracking|consolidated-2026-07-06
Endometriosis practical tools|Endometriosis Laparoscopy Recovery Log|endometriosis-laparoscopy-recovery-log|lead-magnets|mofu|endometriosis-diagnosed;surgical-prep;chronic-pain-tracker|endometriosis surgery healing time|recovery log|Post-laparoscopy recovery log for pain, bleeding, incision notes, bowel/bladder changes, medicine questions, activity notes, follow-up questions, and surgeon-instruction reminders|Existing laparoscopy recovery guide; ACOG or NHS endometriosis surgery context; no recovery timeline promise|/resources/condition-guides/laparoscopy-endometriosis-recovery;/free/endometriosis-tracking-kit;/resources/guides/period-tracking-endometriosis;/app-guides/floriva-for-endometriosis-tracking|consolidated-2026-07-06
Endometriosis practical tools|Endometriosis Pain Relief Trial Log|endometriosis-pain-relief-trial-log|lead-magnets|tofu|suspected-endometriosis;chronic-pain-tracker|endometriosis heating pad|trial log|Pain relief trial log for timing, cycle day, pain score before and after, heat/rest/medicine notes, side effects, and clinician questions without dose advice|Office on Women's Health endometriosis; NHS endometriosis; existing heat therapy and cramp relief pages; no treatment recommendation|/resources/wellness-guides/heat-therapy-period-cramps;/resources/wellness-guides/period-cramp-relief-guide;/free/endometriosis-tracking-kit;/resources/guides/period-tracking-endometriosis|consolidated-2026-07-06
Endometriosis practical tools|Endometriosis Diet Symptom Trigger Log|endometriosis-diet-symptom-trigger-log|lead-magnets|tofu|endometriosis-diagnosed;meal-planner;chronic-pain-tracker|endometriosis and diet|tracking log|Food and symptom log for meals, caffeine or alcohol if relevant, pain, bloating, bowel symptoms, fatigue, cycle day, and dietitian or clinician questions without diet-cure claims|Existing endometriosis diet guide; Office on Women's Health endometriosis; NICE endometriosis recommendations; no causation or cure claim|/resources/wellness-guides/endometriosis-diet-guide;/resources/wellness-guides/anti-inflammatory-diet-for-periods;/free/endometriosis-tracking-kit;/resources/guides/period-tracking-endometriosis|consolidated-2026-07-06
Endometriosis practical tools|Endometriosis Data Privacy Checklist|endometriosis-data-privacy-checklist|privacy-in-practice|mofu|endometriosis-diagnosed;suspected-endometriosis;privacy-conscious-user|endometriosis app privacy|privacy checklist|Checklist for deciding where to store pain, sex pain, bowel/bladder, fertility, surgery, diet, medication, and export notes, with account and backup checks|FTC Health Breach Notification Rule; HHS HIPAA consumer app context; existing data minimization guide; no legal guarantees|/resources/privacy-in-practice/your-medical-records-and-period-data;/resources/guides/period-tracker-data-minimization-guide;/free/endometriosis-tracking-kit;/app-guides/floriva-for-endometriosis-tracking|consolidated-2026-07-31
Fibroid practical tools|Fibroid Symptom Checklist, Not a Diagnosis|fibroid-symptom-checklist-no-diagnosis|lead-magnets|tofu|suspected-fibroids;health-tracker|fibroid disease symptoms|checklist worksheet|Non-diagnostic checklist for heavy bleeding, clots, pelvic pressure, belly enlargement, bladder or bowel pressure, pain, sex pain if shared, fertility questions, and visit notes|ACOG uterine fibroids FAQ; Office on Women's Health uterine fibroids; FDA fibroids page; no diagnosis claim|/resources/condition-guides/fibroids-symptoms-tracking;/resources/condition-guides/fibroids-cycle-changes;/resources/condition-guides/heavy-bleeding-fibroids-tracking;/free/fibroid-tracking-kit|consolidated-2026-07-06
Fibroid practical tools|Fibroid Bleeding and Clot Log|fibroid-bleeding-and-clot-log|lead-magnets|mofu|suspected-fibroids;heavy-bleeding;doctor-prep|fibroids blood clots|bleeding log|Flow and clot log for suspected or known fibroids with product changes, flooding, clots, period length, anemia symptoms, pain, and clinician questions|ACOG heavy menstrual bleeding; ACOG uterine fibroids FAQ; Office on Women's Health fibroids; no emergency diagnosis claim|/resources/condition-guides/heavy-bleeding-fibroids-tracking;/free/heavy-period-clot-tracker;/free/abnormal-bleeding-log;/free/fibroid-tracking-kit;/resources/condition-guides/menorrhagia-heavy-periods-guide|consolidated-2026-07-06
Fibroid practical tools|Fibroid Pressure and Bladder Bowel Log|fibroid-pressure-bladder-bowel-log|lead-magnets|mofu|suspected-fibroids;health-tracker;doctor-prep|fibroids belly|symptom log|Pressure and bulk symptom log for lower-belly fullness, urinary frequency, trouble emptying bladder, constipation, back pain, sex pain if shared, and cycle timing|Office on Women's Health fibroids; ACOG uterine fibroids FAQ; FDA fibroids page; no diagnosis or size estimate from symptoms|/resources/condition-guides/fibroids-symptoms-tracking;/resources/condition-guides/uterine-pain-guide;/free/fibroid-tracking-kit;/resources/privacy-in-practice/protect-your-symptom-and-condition-data|consolidated-2026-07-06
Fibroid practical tools|Fibroid Ultrasound Question List|fibroid-ultrasound-question-list|lead-magnets|mofu|suspected-fibroids;imaging-prep;doctor-prep|fibroid ultrasound questions|question list|Question list for asking what ultrasound found, fibroid size, number, location, cavity involvement, what imaging cannot answer, and what to track after imaging|ACOG uterine fibroids FAQ; Office on Women's Health fibroids; NICE heavy menstrual bleeding recommendations if imaging pathway mentioned|/resources/condition-guides/fibroids-symptoms-tracking;/free/fibroid-tracking-kit;/resources/condition-guides/heavy-bleeding-fibroids-tracking|consolidated-2026-07-06
Fibroid practical tools|Fibroid Appointment Prep Checklist|fibroid-appointment-prep-checklist|lead-magnets|mofu|suspected-fibroids;doctor-prep;privacy-conscious-user|fibroid appointment checklist|visit checklist|Visit prep checklist for bleeding pattern, clots, pressure symptoms, ultrasound history, anemia symptoms, fertility goals if relevant, treatment questions, and privacy-limited exports|ACOG uterine fibroids FAQ; ACOG heavy menstrual bleeding; Office on Women's Health fibroids; no treatment recommendation|/free/fibroid-tracking-kit;/resources/privacy-in-practice/protect-your-symptom-and-condition-data;/resources/condition-guides/fibroids-symptoms-tracking|consolidated-2026-07-06
Fibroid practical tools|Fibroid Treatment Decision Question List|fibroid-treatment-decision-question-list|lead-magnets|mofu|known-fibroids;doctor-prep;treatment-researcher|fibroid medicine|question list|Question list for comparing watchful waiting, medicine, procedures, surgery, fertility goals, anemia, side effects, follow-up, and what to track without recommending a treatment|ACOG choosing a treatment for uterine fibroids; ACOG uterine fibroids FAQ; FDA fibroids page; no treatment advice|/resources/condition-guides/fibroids-symptoms-tracking;/free/fibroid-tracking-kit;/resources/privacy-in-practice/protect-your-symptom-and-condition-data;/resources/condition-guides/heavy-bleeding-fibroids-tracking|consolidated-2026-07-06
Fibroid practical tools|Myomectomy Recovery Log|myomectomy-recovery-log|lead-magnets|mofu|known-fibroids;surgical-prep;health-tracker|myomectomy recovery log|recovery log|Recovery log for myomectomy follow-up questions, pain, bleeding, incision or procedure notes, bowel/bladder changes, medicine questions, activity notes, and surgeon instructions|ACOG uterine fibroids FAQ; ACOG choosing treatment; FDA fibroids page; follow surgeon instructions, no recovery timeline promise|/free/fibroid-tracking-kit;/resources/condition-guides/fibroids-symptoms-tracking;/resources/privacy-in-practice/protect-your-symptom-and-condition-data;/resources/condition-guides/heavy-bleeding-fibroids-tracking|consolidated-2026-07-06
Fibroid practical tools|Fibroid Data Privacy Checklist|fibroid-data-privacy-checklist|privacy-in-practice|mofu|known-fibroids;suspected-fibroids;privacy-conscious-user|fibroid app privacy|privacy checklist|Checklist for deciding where to store fibroid bleeding, clot, pressure, fertility, imaging, medicine, surgery, and clinician-export notes with account and backup checks|FTC Health Breach Notification Rule; HHS HIPAA consumer app context; existing data minimization guide; no legal guarantees|/resources/guides/period-tracker-data-minimization-guide;/free/fibroid-tracking-kit;/app-guides/floriva-for-gynecologist-prep|consolidated-2026-07-31
Adenomyosis practical tools|Adenomyosis Symptom Checklist, Not a Diagnosis|adenomyosis-symptom-checklist-no-diagnosis|lead-magnets|tofu|suspected-adenomyosis;heavy-bleeding-tracker;doctor-prep|adenomyosis symptoms|checklist worksheet|Non-diagnostic checklist for heavy or long periods, severe cramps, pelvic pain, lower-belly pressure, painful sex if shared, fertility questions, anemia symptoms, and what changed over time|Mayo Clinic adenomyosis; Johns Hopkins adenomyosis; NICE heavy menstrual bleeding; no diagnosis claim|/resources/condition-guides/adenomyosis-period-tracking;/resources/condition-guides/uterine-pain-guide;/resources/condition-guides/menorrhagia-heavy-periods-guide;/free/adenomyosis-tracking-kit|consolidated-2026-07-06
Adenomyosis practical tools|Adenomyosis Bleeding and Clot Log|adenomyosis-bleeding-and-clot-log|lead-magnets|mofu|suspected-adenomyosis;heavy-bleeding-tracker;doctor-prep|adenomyosis bleeding|bleeding log|Flow and clot log for suspected or known adenomyosis with period length, flooding, product changes, clots, anemia symptoms, pain, pressure, and urgent-care reminders|ACOG abnormal uterine bleeding; NICE heavy menstrual bleeding; Mayo Clinic adenomyosis; no emergency diagnosis claim|/resources/condition-guides/adenomyosis-period-tracking;/resources/condition-guides/menorrhagia-heavy-periods-guide;/free/abnormal-bleeding-log;/free/heavy-period-clot-tracker;/free/adenomyosis-tracking-kit|consolidated-2026-07-06
Adenomyosis practical tools|Adenomyosis Pain Flare Log|adenomyosis-pain-flare-log|lead-magnets|mofu|suspected-adenomyosis;chronic-pain-tracker;doctor-prep|adenomyosis pain|pain flare log|Pain flare log for cycle day, location, severity, bleeding at the same time, belly pressure, bowel or bladder symptoms, medicine questions, heat/rest notes, and clinician follow-up without dose advice|Mayo Clinic adenomyosis; Johns Hopkins adenomyosis; existing uterine pain guide; no treatment recommendation|/resources/condition-guides/adenomyosis-period-tracking;/resources/condition-guides/uterine-pain-guide;/resources/wellness-guides/heat-therapy-period-cramps;/free/adenomyosis-tracking-kit;/resources/privacy-in-practice/protect-your-symptom-and-condition-data|consolidated-2026-07-06
Adenomyosis practical tools|Adenomyosis Belly Pressure Tracker|adenomyosis-belly-pressure-tracker|lead-magnets|tofu|suspected-adenomyosis;pelvic-pressure-tracker;doctor-prep|adenomyosis belly|pressure tracker|Tracker for lower-belly pressure, bloating, pelvic heaviness, tenderness, back pain, bladder or bowel changes, timing, severity, and daily impact|Mayo Clinic adenomyosis; Johns Hopkins adenomyosis; no size estimate from symptoms|/resources/condition-guides/adenomyosis-period-tracking;/resources/condition-guides/uterine-pain-guide;/free/adenomyosis-tracking-kit;/resources/privacy-in-practice/protect-your-symptom-and-condition-data|consolidated-2026-07-06
Adenomyosis practical tools|Adenomyosis Ultrasound and MRI Question List|adenomyosis-ultrasound-mri-question-list|lead-magnets|mofu|suspected-adenomyosis;imaging-prep;doctor-prep|adenomyosis ultrasound|question list|Question list for ultrasound or MRI visits: what imaging can and cannot show, junctional zone or bulky uterus language, fibroids or endometriosis overlap, next steps, and what to track|AAFP adenomyosis diagnosis; Mayo Clinic adenomyosis; NICE heavy menstrual bleeding; no image interpretation claim|/resources/condition-guides/adenomyosis-period-tracking;/free/adenomyosis-tracking-kit;/resources/privacy-in-practice/protect-your-symptom-and-condition-data|consolidated-2026-07-06
Adenomyosis practical tools|Adenomyosis vs Endometriosis vs Fibroids Checklist|adenomyosis-vs-endometriosis-fibroids-checklist|lead-magnets|tofu|suspected-adenomyosis;suspected-endometriosis;suspected-fibroids;doctor-prep|adenomyosis vs endometriosis|comparison checklist|Comparison worksheet for symptom patterns that may overlap across adenomyosis, endometriosis, and fibroids, with prompts for bleeding, pain timing, pressure, imaging, and clinician questions without self-diagnosis|Mayo Clinic adenomyosis; Office on Women's Health endometriosis; ACOG uterine fibroids; no diagnosis claim|/resources/condition-guides/adenomyosis-period-tracking;/resources/guides/period-tracking-endometriosis;/resources/condition-guides/fibroids-symptoms-tracking;/free/adenomyosis-tracking-kit;/free/fibroid-tracking-kit|consolidated-2026-07-06
Adenomyosis practical tools|Adenomyosis Treatment Decision Question List|adenomyosis-treatment-decision-question-list|lead-magnets|mofu|known-adenomyosis;treatment-researcher;doctor-prep|adenomyosis treatment|question list|Question list for comparing symptom management, hormonal options, procedures, hysterectomy discussion, fertility goals, anemia, side effects, follow-up, and what to track without recommending a treatment|ACOG abnormal uterine bleeding; AAFP adenomyosis management; Johns Hopkins adenomyosis; no treatment advice|/resources/condition-guides/adenomyosis-period-tracking;/free/adenomyosis-tracking-kit;/resources/privacy-in-practice/protect-your-symptom-and-condition-data|consolidated-2026-07-06
Adenomyosis practical tools|Adenomyosis Data Privacy Checklist|adenomyosis-data-privacy-checklist|privacy-in-practice|mofu|known-adenomyosis;suspected-adenomyosis;privacy-conscious-user|adenomyosis app privacy|privacy checklist|Checklist for deciding where to store adenomyosis bleeding, clot, pain, sex pain, fertility, imaging, medicine, surgery, and visit-summary notes with account and backup checks|FTC Health Breach Notification Rule; HHS HIPAA consumer app context; existing data minimization guide; no legal guarantees|/resources/guides/period-tracker-data-minimization-guide;/resources/condition-guides/adenomyosis-period-tracking;/free/adenomyosis-tracking-kit|consolidated-2026-07-31
Ovarian cyst practical tools|Ovarian Cyst Symptom Checklist, Not a Diagnosis|ovarian-cyst-symptom-checklist-no-diagnosis|lead-magnets|tofu|suspected-ovarian-cyst;pelvic-pain-tracker;doctor-prep|ovarian cyst symptoms|checklist worksheet|Non-diagnostic checklist for one-sided pelvic pain, bloating, pressure, period changes, nausea, rupture warning context, imaging questions, and what changed over time|ACOG ovarian cysts FAQ; Mayo Clinic ovarian cysts; Office on Women's Health ovarian cysts; no diagnosis claim|/resources/symptom-guides/ovulation-pain-vs-appendix;/resources/condition-guides/uterine-pain-guide;/free/ovarian-cyst-tracking-kit;/resources/privacy-in-practice/protect-your-symptom-and-condition-data|consolidated-2026-07-06
Ovarian cyst practical tools|Ovarian Cyst Pain Log|ovarian-cyst-pain-log|lead-magnets|mofu|suspected-ovarian-cyst;pelvic-pain-tracker;doctor-prep|ovarian cyst pain|pain log|Pain log for side, timing, severity, cycle day, nausea or vomiting, fever, bleeding, activity limits, medicines to ask about, and urgent-care reminders without self-triage|ACOG ovarian cysts FAQ; Mayo Clinic ovarian cyst symptoms; MedlinePlus ovarian cysts; no emergency diagnosis claim|/free/ovarian-cyst-tracking-kit;/resources/symptom-guides/ovulation-pain-vs-appendix;/resources/condition-guides/uterine-pain-guide|consolidated-2026-07-06
Ovarian cyst practical tools|Ovarian Cyst Rupture and Urgent-Care Notes|ovarian-cyst-rupture-urgent-care-notes|lead-magnets|mofu|suspected-ovarian-cyst;urgent-care-prep;pelvic-pain-tracker|ovarian cyst rupture symptoms|urgent-care notes|Notes sheet for sudden pelvic pain, timing, side, fever, vomiting, faintness, pregnancy concern, bleeding, medicines, and what to tell urgent care without advising users to wait|ACOG ovarian cysts FAQ; Mayo Clinic ovarian cyst symptoms; Office on Women's Health ovarian cysts; urgent evaluation wording only|/free/ovarian-cyst-tracking-kit;/resources/symptom-guides/ovulation-pain-vs-appendix;/free/abnormal-bleeding-log|consolidated-2026-07-06
Ovarian cyst practical tools|Ovarian Cyst Ultrasound Question List|ovarian-cyst-ultrasound-question-list|lead-magnets|mofu|suspected-ovarian-cyst;imaging-prep;doctor-prep|ovarian cyst ultrasound|question list|Question list for asking what ultrasound showed, cyst size or type if known, follow-up imaging, urgent symptoms, what imaging cannot answer, and what to track next|ACOG ovarian cysts FAQ; Mayo Clinic ovarian cyst diagnosis; MedlinePlus ovarian cysts; no image interpretation claim|/free/ovarian-cyst-tracking-kit;/resources/privacy-in-practice/protect-your-symptom-and-condition-data;/resources/privacy-in-practice/lock-down-period-data-on-your-phone|consolidated-2026-07-06
Ovarian cyst practical tools|Ovarian Cyst Period Change Tracker|ovarian-cyst-period-change-tracker|lead-magnets|mofu|suspected-ovarian-cyst;cycle-change-tracker;doctor-prep|ovarian cyst period changes|cycle tracker|Tracker for bleeding timing, missed or late periods, spotting, pain timing, bloating, pregnancy-test context if relevant, and questions for a clinician without claiming cysts always change periods|ACOG ovarian cysts FAQ; Office on Women's Health ovarian cysts; existing abnormal bleeding content; no causation claim|/free/ovarian-cyst-tracking-kit;/free/abnormal-bleeding-log;/resources/symptom-guides/cramps-but-no-period;/resources/privacy-in-practice/protect-your-symptom-and-condition-data|consolidated-2026-07-06
Ovarian cyst practical tools|Ovarian Cyst Treatment Decision Question List|ovarian-cyst-treatment-decision-question-list|lead-magnets|mofu|known-ovarian-cyst;treatment-researcher;doctor-prep|ovarian cyst treatment|question list|Question list for discussing watchful waiting, pain plan, hormonal options if raised, follow-up imaging, surgery, fertility goals, side effects, and what to track without recommending a treatment|ACOG ovarian cysts FAQ; Mayo Clinic ovarian cyst treatment; Office on Women's Health ovarian cysts; no treatment advice|/free/ovarian-cyst-tracking-kit;/resources/privacy-in-practice/protect-your-symptom-and-condition-data;/app-guides/floriva-for-gynecologist-prep|consolidated-2026-07-06
Ovarian cyst practical tools|Ovarian Cyst Surgery Recovery Log|ovarian-cyst-surgery-recovery-log|lead-magnets|mofu|known-ovarian-cyst;surgical-prep;doctor-prep|ovarian cyst surgery recovery|recovery log|Recovery log for surgeon instructions, pain, bleeding, incision or procedure notes, fever, bowel or bladder changes, medicine questions, activity notes, and follow-up questions without timeline promises|Mayo Clinic ovarian cyst treatment; MedlinePlus laparoscopy aftercare; MedlinePlus ovarian cysts; follow surgeon instructions|/free/ovarian-cyst-tracking-kit;/resources/privacy-in-practice/protect-your-symptom-and-condition-data;/app-guides/floriva-for-gynecologist-prep|consolidated-2026-07-06
Ovarian cyst practical tools|Ovarian Cyst Data Privacy Checklist|ovarian-cyst-data-privacy-checklist|privacy-in-practice|mofu|known-ovarian-cyst;suspected-ovarian-cyst;privacy-conscious-user|ovarian cyst privacy|privacy checklist|Checklist for deciding where to store ovarian cyst pain, bleeding, imaging, fertility, treatment, surgery, visit-summary, screenshot, export, account, backup, and shared-device notes|FTC Health Breach Notification Rule; HHS HIPAA consumer app context; existing data minimization guide; no legal guarantees|/resources/guides/period-tracker-data-minimization-guide;/free/ovarian-cyst-tracking-kit;/resources/privacy-in-practice/protect-your-symptom-and-condition-data|consolidated-2026-07-31
Vaginal discharge practical tools|Vaginal Discharge Before Period Tracker|vaginal-discharge-before-period-tracker|lead-magnets|tofu|discharge-tracker;cycle-change-tracker;doctor-prep|discharge before period|tracking log|Tracker for discharge timing, color, texture, odor, itching, burning, pain, bleeding, sex timing if relevant, and cycle day without diagnosing infection or pregnancy|ACOG vaginitis FAQ; CDC vaginal discharge guidance; Cleveland Clinic vaginal discharge; no diagnosis or pregnancy claim|/resources/symptom-guides/discharge-before-period;/resources/symptom-guides/period-discharge-guide;/resources/guides/how-to-track-cervical-mucus;/free/vaginal-discharge-odor-checklist;/resources/privacy-in-practice/protect-your-symptom-and-condition-data|consolidated-2026-07-06
Vaginal discharge practical tools|Vaginal Discharge Color and Odor Checklist|vaginal-discharge-color-odor-checklist|lead-magnets|tofu|discharge-tracker;doctor-prep;privacy-conscious-user|discharge color chart|checklist worksheet|Plain checklist for discharge color, texture, odor, itching, burning, pelvic pain, bleeding, pregnancy context if relevant, and when to ask for care without a diagnosis chart|ACOG vaginitis FAQ; CDC vaginal discharge guidance; Cleveland Clinic vaginal discharge; no self-diagnosis chart|/resources/symptom-guides/period-discharge-guide;/resources/symptom-guides/discharge-after-period;/resources/symptom-guides/ovulation-symptoms-discharge;/free/vaginal-discharge-odor-checklist|consolidated-2026-07-06
Vaginal discharge practical tools|BV Symptom Visit Prep Checklist|bv-symptom-visit-prep-checklist|lead-magnets|tofu|possible-bv;doctor-prep;privacy-conscious-user|bv symptoms|visit checklist|Visit prep checklist for fishy odor, thin gray or white discharge, itching or burning, sex timing if relevant, period timing, pregnancy status if relevant, prior BV, douching, and clinician questions without diagnosing BV|CDC BV facts; CDC BV treatment guidelines; ACOG vaginitis FAQ; no treatment advice|/resources/symptom-guides/period-discharge-guide;/free/vaginal-discharge-odor-checklist;/resources/privacy-in-practice/protect-your-symptom-and-condition-data;/app-guides/floriva-for-gynecologist-prep|consolidated-2026-07-06
Vaginal discharge practical tools|Vaginal Odor After Period Log|vaginal-odor-after-period-log|lead-magnets|tofu|discharge-tracker;possible-bv;doctor-prep|vaginal odor after period|symptom log|Log for odor after a period, discharge color or texture, itching, burning, pelvic pain, bleeding, sex timing if relevant, products used, and clinician questions without telling users what infection they have|CDC BV facts; ACOG vaginitis FAQ; existing period discharge guide; no diagnosis claim|/resources/symptom-guides/period-discharge-guide;/resources/symptom-guides/discharge-after-period;/free/vaginal-discharge-odor-checklist;/resources/privacy-in-practice/protect-your-symptom-and-condition-data|consolidated-2026-07-06
Vaginal discharge practical tools|Yeast Infection Symptom Log, No Diagnosis|yeast-infection-symptom-log-no-diagnosis|lead-magnets|tofu|possible-yeast-infection;doctor-prep;privacy-conscious-user|yeast infection symptoms|symptom log|Non-diagnostic log for itching, burning, soreness, discharge texture, odor, pain with sex if relevant, urination pain, timing before period, medicines used, and when symptoms changed|CDC candidiasis treatment page; CDC candidiasis STI guidelines; ACOG vaginitis FAQ; no treatment advice|/resources/symptom-guides/discharge-before-period;/free/vaginal-discharge-odor-checklist;/resources/privacy-in-practice/protect-your-symptom-and-condition-data;/app-guides/floriva-for-gynecologist-prep|consolidated-2026-07-06
Vaginal discharge practical tools|Recurrent Yeast Infection Appointment Prep|recurrent-yeast-infection-appointment-prep|lead-magnets|mofu|recurrent-yeast-concern;doctor-prep;privacy-conscious-user|recurrent yeast infection|appointment checklist|Appointment prep for repeated yeast-like symptoms, dates, testing history, medicines used, symptom return timing, diabetes or antibiotic context if relevant, pregnancy context if relevant, and specialist questions without recommending treatment|CDC candidiasis guidelines; CDC candidiasis treatment page; ACOG vaginitis FAQ; no dosing or treatment protocol|/free/vaginal-discharge-odor-checklist;/resources/symptom-guides/discharge-before-period;/resources/privacy-in-practice/protect-your-symptom-and-condition-data;/app-guides/floriva-for-gynecologist-prep|consolidated-2026-07-06
Vaginal discharge practical tools|Vaginal Discharge vs Cervical Mucus Checklist|vaginal-discharge-vs-cervical-mucus-checklist|lead-magnets|tofu|fertility-awareness;discharge-tracker;doctor-prep|vaginal discharge vs cervical mucus|comparison checklist|Checklist for separating cycle-linked cervical mucus notes from discharge changes that may need care, with prompts for color, stretch, odor, itching, burning, sex timing if relevant, and cycle day|Existing cervical mucus guide; ACOG vaginitis FAQ; CDC vaginal discharge guidance; no infection diagnosis|/resources/guides/how-to-track-cervical-mucus;/resources/symptom-guides/cervical-mucus-throughout-cycle;/resources/symptom-guides/ovulation-symptoms-discharge;/free/vaginal-discharge-odor-checklist|consolidated-2026-07-06
Vaginal discharge practical tools|Vaginal Discharge Data Privacy Checklist|vaginal-discharge-data-privacy-checklist|privacy-in-practice|mofu|discharge-tracker;privacy-conscious-user;doctor-prep|vaginal discharge privacy|privacy checklist|Checklist for deciding where to store discharge, odor, itching, sex timing, pregnancy, STI testing, medicine, partner, screenshot, export, and portal notes with account and backup checks|FTC Health Breach Notification Rule; HHS HIPAA consumer app context; existing data minimization guide; no legal guarantees|/resources/guides/period-tracker-data-minimization-guide;/free/vaginal-discharge-odor-checklist;/resources/privacy-in-practice/protect-your-symptom-and-condition-data|consolidated-2026-07-31
Menstrual migraine practical tools|Menstrual Migraine Cycle Log|menstrual-migraine-cycle-log|lead-magnets|mofu|migraine-tracker;cycle-symptom-tracker;doctor-prep|menstrual migraine tracker|cycle log|Cycle-linked migraine log for onset, cycle day, period start, aura, nausea, light sensitivity, duration, pain score, function, sleep, caffeine, stress, weather notes, and care questions without diagnosis or treatment advice|American Migraine Foundation menstrual migraine; Migraine Trust menstrual migraine diary; Mayo Clinic migraine symptoms; no treatment protocol|/resources/symptom-guides/menstrual-migraine-tracking;/free/menstrual-migraine-log;/resources/privacy-in-practice/protect-your-symptom-and-condition-data|consolidated-2026-07-06
Menstrual migraine practical tools|Migraine Before Period Tracker|migraine-before-period-tracker|lead-magnets|mofu|migraine-tracker;premenstrual-symptoms;doctor-prep|migraine before period|tracking worksheet|Tracker for headaches or migraines in the days before bleeding, with cycle day, onset, period timing, aura, nausea, light sensitivity, medicines to discuss, and non-hormonal co-triggers without claiming every headache is menstrual migraine|American Migraine Foundation menstrual migraine; Migraine Trust menstrual migraine diary; Mayo Clinic migraine symptoms; no self-diagnosis|/resources/symptom-guides/menstrual-migraine-tracking;/resources/life-stage-guides/signs-your-period-is-coming;/resources/symptom-guides/luteal-phase-symptoms;/free/menstrual-migraine-log|consolidated-2026-07-06
Menstrual migraine practical tools|Menstrual Migraine Appointment Prep Checklist|menstrual-migraine-appointment-prep-checklist|lead-magnets|mofu|migraine-tracker;doctor-prep;specialist-prep|menstrual migraine appointment|visit checklist|Visit prep checklist for migraine dates, cycle days, aura status, functional impact, medicines used, treatment response, contraception or hormone context if relevant, and neurologist or gynecologist questions without recommending care|American Migraine Foundation menstrual migraine; Mayo Clinic migraine diagnosis and treatment; Mayo Clinic migraine symptoms; no medication advice|/resources/symptom-guides/menstrual-migraine-tracking;/free/menstrual-migraine-log;/app-guides/floriva-for-gynecologist-prep|consolidated-2026-07-06
Menstrual migraine practical tools|Migraine Aura and Cycle Notes|migraine-aura-cycle-notes|lead-magnets|mofu|migraine-with-aura;cycle-symptom-tracker;doctor-prep|migraine aura period|symptom notes|Notes sheet for visual, sensory, speech, one-sided, timing, period relation, new or changed aura, and what to tell care teams without interpreting symptoms or telling users care can wait|Mayo Clinic migraine symptoms; Mayo Clinic ocular migraine; American Migraine Foundation menstrual migraine; urgent evaluation wording only|/resources/symptom-guides/menstrual-migraine-tracking;/free/menstrual-migraine-log;/resources/privacy-in-practice/protect-your-symptom-and-condition-data;/resources/condition-guides/pmdd-treatment-options|consolidated-2026-07-06
Menstrual migraine practical tools|Migraine Medication Response Log|migraine-medication-response-log|lead-magnets|mofu|migraine-tracker;doctor-prep;treatment-researcher|migraine medication tracker|response log|Log for what was taken, timing, relief, side effects to report, repeat doses to discuss, missed work or school, and questions for a clinician without dosing instructions or medication recommendations|American Migraine Foundation menstrual migraine treatment overview; Mayo Clinic migraine diagnosis and treatment; no dosing or treatment protocol|/free/menstrual-migraine-log;/resources/symptom-guides/menstrual-migraine-tracking;/resources/privacy-in-practice/protect-your-symptom-and-condition-data|consolidated-2026-07-06
Menstrual migraine practical tools|Migraine Trigger and Cycle Comparison Log|migraine-trigger-and-cycle-comparison-log|lead-magnets|mofu|migraine-tracker;cycle-symptom-tracker;privacy-conscious-user|migraine trigger tracker|comparison log|Comparison log for cycle day, sleep, caffeine, skipped meals, hydration, stress, weather, screen time, period timing, and migraine onset so users can separate cycle timing from possible co-triggers without claiming causation|Mayo Clinic migraine symptoms and triggers; American Migraine Foundation menstrual migraine; Migraine Trust menstrual migraine diary; no causation claim|/resources/symptom-guides/menstrual-migraine-tracking;/free/menstrual-migraine-log;/resources/wellness-guides/stress-cycle-length-connection;/resources/privacy-in-practice/protect-your-symptom-and-condition-data|consolidated-2026-07-06
Menstrual migraine practical tools|Perimenopause Migraine Pattern Tracker|perimenopause-migraine-pattern-tracker|lead-magnets|tofu|perimenopause;migraine-tracker;doctor-prep|perimenopause migraine|pattern tracker|Tracker for migraine days, bleeding changes, skipped periods, hot flashes, sleep disruption, aura status, medicines to discuss, and clinician questions during perimenopause without hormone advice|American Migraine Foundation migraine and women health; Mayo Clinic migraine symptoms; Office on Women's Health menopause symptoms if used; no HRT recommendation|/resources/life-stage-guides/perimenopause-period-changes;/resources/life-stage-guides/perimenopause-hormone-changes-tracking;/free/perimenopause-symptom-tracker;/free/menstrual-migraine-log;/resources/privacy-in-practice/protect-your-symptom-and-condition-data|consolidated-2026-07-06
Menstrual migraine practical tools|Menstrual Migraine Data Privacy Checklist|menstrual-migraine-data-privacy-checklist|privacy-in-practice|mofu|migraine-tracker;privacy-conscious-user;doctor-prep|migraine tracker privacy|privacy checklist|Checklist for deciding where to store migraine dates, cycle days, aura, medicines, side effects, disability notes, contraception or hormone context, screenshots, exports, accounts, backups, and medical records|FTC Health Breach Notification Rule; HHS HIPAA consumer app context; Mayo Clinic migraine data sensitivity context from appointment prep; no legal guarantees|/resources/guides/period-tracker-data-minimization-guide;/free/menstrual-migraine-log;/app-guides/floriva-for-gynecologist-prep|consolidated-2026-07-31
UTI and bladder practical tools|UTI Symptom Tracker, No Diagnosis|uti-symptom-tracker-no-diagnosis|lead-magnets|tofu|uti-concern;doctor-prep;privacy-conscious-user|uti symptoms women|symptom tracker|Non-diagnostic tracker for burning when peeing, urgency, frequency, lower belly pain, cloudy or bloody urine, fever or back pain warning context, cycle timing, sex timing if relevant, and care questions without treatment advice|Office on Women's Health UTI; NIDDK bladder infection in adults; Mayo Clinic UTI symptoms; no self-diagnosis or antibiotic advice|/free/uti-urinary-symptom-tracker;/free/vaginal-discharge-odor-checklist;/resources/privacy-in-practice/protect-your-symptom-and-condition-data;/app-guides/floriva-for-gynecologist-prep|consolidated-2026-07-06
UTI and bladder practical tools|UTI During Period Symptom Log|uti-during-period-symptom-log|lead-magnets|tofu|uti-concern;cycle-symptom-tracker;doctor-prep|uti during period|symptom log|Period-timing log for burning, urgency, frequency, lower belly pressure, bleeding vs urine color notes, period products, hydration notes, and care questions without saying periods cause UTIs|Office on Women's Health UTI; NIDDK bladder infection in adults; Mayo Clinic UTI symptoms; no causation claim|/free/uti-urinary-symptom-tracker;/free/period-pain-cramp-diary;/resources/symptom-guides/cramps-but-no-period;/resources/privacy-in-practice/protect-your-symptom-and-condition-data|consolidated-2026-07-06
UTI and bladder practical tools|UTI After Sex Visit Prep Checklist|uti-after-sex-visit-prep-checklist|lead-magnets|mofu|uti-concern;sex-health-privacy;doctor-prep|uti after sex symptoms|visit checklist|Visit prep checklist for symptoms after sex, timing, burning, urgency, frequency, lower belly pain, contraception or product context if shared, recurrence notes, and privacy choices without prevention or treatment instructions|Office on Women's Health UTI; NIDDK bladder infection in adults; Mayo Clinic UTI diagnosis and treatment; no sex-specific prevention protocol|/free/uti-urinary-symptom-tracker;/free/vaginal-discharge-odor-checklist;/resources/privacy-in-practice/protect-your-symptom-and-condition-data;/app-guides/floriva-for-gynecologist-prep|consolidated-2026-07-06
UTI and bladder practical tools|Recurrent UTI Appointment Prep Checklist|recurrent-uti-appointment-prep-checklist|lead-magnets|mofu|recurrent-uti-concern;doctor-prep;specialist-prep|recurrent uti women|appointment checklist|Appointment prep for repeated UTI-like symptoms, dates, urine testing history, antibiotics already prescribed, symptom return timing, menopause or pregnancy context if relevant, and clinician questions without giving a treatment plan|Office on Women's Health UTI; Mayo Clinic UTI diagnosis and treatment; NIDDK bladder infection in adults; no antibiotic protocol|/free/uti-urinary-symptom-tracker;/resources/privacy-in-practice/protect-your-symptom-and-condition-data;/app-guides/floriva-for-gynecologist-prep|consolidated-2026-07-06
UTI and bladder practical tools|UTI vs Yeast Symptom Notes|uti-vs-yeast-symptom-notes|lead-magnets|tofu|uti-concern;possible-yeast-infection;doctor-prep|uti vs yeast infection|comparison notes|Side-by-side notes for urinary burning, urgency, frequency, vulvar itching, discharge, odor, pelvic pain, sex pain if shared, and testing questions without diagnosing either condition|Office on Women's Health UTI; CDC candidiasis guidance; ACOG vaginitis guidance; no diagnosis or treatment chart|/free/uti-urinary-symptom-tracker;/free/vaginal-discharge-odor-checklist;/resources/privacy-in-practice/protect-your-symptom-and-condition-data|consolidated-2026-07-06
UTI and bladder practical tools|Bladder Pain Before Period Tracker|bladder-pain-before-period-tracker|lead-magnets|tofu|bladder-pain-tracker;cycle-symptom-tracker;doctor-prep|bladder pain before period|tracker worksheet|Tracker for bladder pain, pelvic pressure, urgency, frequency, burning, cycle day, period timing, bowel or vaginal symptoms if relevant, and clinician questions without assuming UTI, endometriosis, or interstitial cystitis|NIDDK bladder control symptoms; NIDDK bladder infection in adults; existing endometriosis/fibroid bladder logs; no diagnosis claim|/free/uti-urinary-symptom-tracker;/free/endometriosis-tracking-kit;/free/fibroid-tracking-kit;/resources/privacy-in-practice/protect-your-symptom-and-condition-data|consolidated-2026-07-06
UTI and bladder practical tools|Urinary Urgency Cycle Log|urinary-urgency-cycle-log|lead-magnets|tofu|urinary-urgency-tracker;cycle-symptom-tracker;doctor-prep|urinary urgency before period|cycle log|Cycle log for urgency, frequency, leaks if shared, night waking, bladder pain, burning, fluid notes, period timing, and care questions without diagnosing infection or bladder control problems|NIDDK bladder control problems; Office on Women's Health UTI; Mayo Clinic cystitis symptoms; no diagnosis claim|/free/period-pain-cramp-diary;/free/uti-urinary-symptom-tracker;/resources/privacy-in-practice/protect-your-symptom-and-condition-data;/resources/guides/period-tracker-data-minimization-guide|consolidated-2026-07-06
UTI and bladder practical tools|UTI and Bladder Data Privacy Checklist|uti-and-bladder-data-privacy-checklist|privacy-in-practice|mofu|uti-concern;bladder-pain-tracker;privacy-conscious-user|uti tracker privacy|privacy checklist|Checklist for deciding where to store UTI-like symptoms, urine test notes, antibiotics, sex timing, pregnancy questions, menopause context, portal messages, exports, accounts, backups, and shared-device access|FTC Health Breach Notification Rule; HHS HIPAA consumer app context; Office on Women's Health UTI; no legal guarantees|/resources/guides/period-tracker-data-minimization-guide;/free/uti-urinary-symptom-tracker;/app-guides/floriva-for-gynecologist-prep|consolidated-2026-07-31
Digestive cycle practical tools|Period Poops Tracker|period-poops-tracker|lead-magnets|tofu|cycle-symptom-tracker;digestive-symptom-tracker;doctor-prep|period poops|tracker worksheet|Practical tracker for stool changes, cramps, urgency, constipation, diarrhea, gas, bloating, nausea, cycle day, period timing, and care questions without diagnosing a cause or giving treatment advice|Office on Women's Health PMS; Mayo Clinic PMS; ACOG painful periods; NIDDK digestive red flags; no diagnosis or treatment protocol|/free/premenstrual-symptom-tracker;/free/period-pain-cramp-diary;/resources/privacy-in-practice/protect-your-symptom-and-condition-data|consolidated-2026-07-06
Digestive cycle practical tools|Period Diarrhea Symptom Log|period-diarrhea-symptom-log|lead-magnets|tofu|cycle-symptom-tracker;digestive-symptom-tracker;doctor-prep|period diarrhea|symptom log|No-diagnosis log for diarrhea during period timing, stool frequency, urgency, cramps, fever, vomiting, blood or black stool, dehydration signs, pregnancy concern, food or medicine context, and visit questions|Office on Women's Health PMS; Mayo Clinic PMS; ACOG painful periods; NIDDK viral gastroenteritis; no anti-diarrheal or treatment advice|/free/premenstrual-symptom-tracker;/free/period-pain-cramp-diary;/resources/privacy-in-practice/protect-your-symptom-and-condition-data|consolidated-2026-07-06
Digestive cycle practical tools|Diarrhea Before Period Tracker|diarrhea-before-period-tracker|lead-magnets|tofu|premenstrual-symptoms;digestive-symptom-tracker;doctor-prep|diarrhea before period|tracking worksheet|Tracker for loose stool, urgency, cramps, nausea, bloating, cycle day, days before bleeding, pregnancy concern, red flags, and care questions without saying PMS is always the cause|Office on Women's Health PMS; Mayo Clinic PMS; NIDDK viral gastroenteritis; no diagnosis or treatment advice|/free/premenstrual-symptom-tracker;/resources/symptom-guides/period-bloating-patterns;/resources/privacy-in-practice/protect-your-symptom-and-condition-data|consolidated-2026-07-06
Digestive cycle practical tools|Period Constipation Log|period-constipation-log|lead-magnets|tofu|cycle-symptom-tracker;digestive-symptom-tracker;doctor-prep|period constipation|constipation log|No-diagnosis log for constipation during period timing, stool frequency, straining, belly pain, bloating, medicines to discuss, red flags, and clinician questions without laxative or dosing advice|Office on Women's Health PMS; Mayo Clinic PMS; Mayo Clinic constipation red flags; no laxative or treatment protocol|/free/premenstrual-symptom-tracker;/free/period-pain-cramp-diary;/resources/privacy-in-practice/protect-your-symptom-and-condition-data|consolidated-2026-07-06
Digestive cycle practical tools|Constipation Before Period Tracker|constipation-before-period-tracker|lead-magnets|tofu|premenstrual-symptoms;digestive-symptom-tracker;doctor-prep|constipation before period|tracking worksheet|Tracker for constipation before bleeding, stool timing, straining, bloating, gas, pain, medicines or supplements to discuss, red flags, and care questions without saying hormones are definitely the cause|Office on Women's Health PMS; Mayo Clinic PMS; Mayo Clinic constipation red flags; no laxative or treatment advice|/free/premenstrual-symptom-tracker;/resources/symptom-guides/period-bloating-patterns;/resources/privacy-in-practice/protect-your-symptom-and-condition-data|consolidated-2026-07-06
Digestive cycle practical tools|Period Gas and Bloating Log|period-gas-and-bloating-log|lead-magnets|tofu|cycle-symptom-tracker;digestive-symptom-tracker;doctor-prep|period gas|bloating log|Practical log for gas, bloating, belly pressure, constipation or diarrhea overlap, cycle day, period timing, food or medicine context, and care questions without diet protocols or diagnosis claims|Office on Women's Health PMS; Mayo Clinic PMS; Mayo Clinic gas and bloating red flags; no diet or treatment protocol|/free/premenstrual-symptom-tracker;/resources/symptom-guides/period-bloating-patterns;/resources/privacy-in-practice/protect-your-symptom-and-condition-data|consolidated-2026-07-06
Digestive cycle practical tools|Painful Bowel Movements During Period Notes|painful-bowel-movements-during-period-notes|lead-magnets|mofu|pelvic-pain;digestive-symptom-tracker;doctor-prep|painful bowel movements during period|visit notes|Visit-prep notes for bowel movement pain near periods, rectal pressure, stool changes, pelvic pain, bleeding, urinary overlap, endometriosis/fibroid/IBS questions, red flags, and specialist questions without diagnosis|Office on Women's Health endometriosis; ACOG endometriosis; Office on Women's Health IBS; Mayo gas and bloating red flags; no diagnosis claim|/free/endometriosis-tracking-kit;/free/fibroid-tracking-kit;/free/premenstrual-symptom-tracker;/resources/privacy-in-practice/protect-your-symptom-and-condition-data|consolidated-2026-07-06
Digestive cycle practical tools|Digestive Cycle Data Privacy Checklist|digestive-cycle-data-privacy-checklist|privacy-in-practice|mofu|privacy-conscious-user;digestive-symptom-tracker;doctor-prep|digestive symptom tracker privacy|privacy checklist|Checklist for deciding where to store stool, diarrhea, constipation, gas, bloating, pelvic pain, food notes, medicines, sex or pregnancy context, screenshots, exports, portal notes, accounts, backups, and shared-device access|FTC Health Breach Notification Rule; HHS HIPAA consumer app context; Office on Women's Health digestive symptom context; no legal guarantees|/resources/guides/period-tracker-data-minimization-guide;/free/premenstrual-symptom-tracker;/app-guides/floriva-for-gynecologist-prep|consolidated-2026-07-31
Post-sex bleeding and pain practical tools|Bleeding After Sex Tracker|bleeding-after-sex-tracker|lead-magnets|tofu|abnormal-bleeding;doctor-prep;privacy-conscious-user|bleeding after sex|tracking worksheet|No-diagnosis tracker for bleeding after sex, amount, color, pain, discharge, pregnancy concern, contraception context if shared, cycle day, repeat episodes, and clinician questions without saying what caused it|ACOG abnormal uterine bleeding; CDC cervicitis; existing bleeding-after-sex guide; no diagnosis or treatment advice|/resources/symptom-guides/bleeding-after-sex-no-pain;/free/abnormal-bleeding-log;/free/vaginal-discharge-odor-checklist;/free/period-pain-cramp-diary;/resources/privacy-in-practice/protect-your-symptom-and-condition-data|consolidated-2026-07-06
Post-sex bleeding and pain practical tools|Spotting After Sex Log|spotting-after-sex-log|lead-magnets|tofu|spotting-tracker;doctor-prep;privacy-conscious-user|spotting after sex|symptom log|Log for light spotting after sex, timing, color, amount, pain, discharge, pregnancy or STI concern if relevant, cycle day, repeat pattern, and visit questions without normalizing recurring bleeding|ACOG abnormal uterine bleeding; CDC cervicitis; existing spotting guides; no diagnosis claim|/free/abnormal-bleeding-log;/resources/symptom-guides/spotting-vs-period;/resources/symptom-guides/bleeding-after-sex-no-pain;/resources/privacy-in-practice/protect-your-symptom-and-condition-data|consolidated-2026-07-06
Post-sex bleeding and pain practical tools|Brown Discharge After Sex Notes|brown-discharge-after-sex-notes|lead-magnets|tofu|discharge-tracker;abnormal-bleeding;doctor-prep|brown discharge after sex|notes worksheet|Notes sheet for brown discharge after sex, timing, amount, odor, itching, pain, cycle day, period timing, contraception context if shared, and care questions without diagnosing cervical irritation or infection|ACOG abnormal uterine bleeding; ACOG vaginal infection; CDC vaginal discharge; no self-diagnosis chart|/resources/symptom-guides/brown-discharge-before-period;/resources/symptom-guides/period-discharge-guide;/free/vaginal-discharge-odor-checklist;/free/abnormal-bleeding-log;/resources/privacy-in-practice/protect-your-symptom-and-condition-data|consolidated-2026-07-06
Post-sex bleeding and pain practical tools|Bleeding After Sex Before Period Tracker|bleeding-after-sex-before-period-tracker|lead-magnets|tofu|abnormal-bleeding;cycle-change-tracker;doctor-prep|bleeding after sex before period|tracker worksheet|Tracker for bleeding after sex near expected period timing, spotting amount, color, cramps, discharge, pregnancy concern if relevant, contraception context if shared, and care questions without assuming it is just a period|ACOG abnormal uterine bleeding; CDC cervicitis; existing spotting-before-period guide; no reassurance guarantee|/free/abnormal-bleeding-log;/resources/symptom-guides/spotting-before-period;/resources/symptom-guides/bleeding-after-sex-no-pain;/app-guides/floriva-for-gynecologist-prep|consolidated-2026-07-06
Post-sex bleeding and pain practical tools|Bleeding After Sex on Birth Control Notes|bleeding-after-sex-on-birth-control-notes|lead-magnets|mofu|birth-control-user;abnormal-bleeding;doctor-prep|bleeding after sex on birth control|visit notes|Visit notes for bleeding after sex while using birth control, method, start or switch date, missed or late doses if relevant, spotting pattern, pain, discharge, pregnancy concern, and clinician questions without method advice|ACOG abnormal uterine bleeding; CDC contraception selected practice recommendations if birth-control bleeding is mentioned; CDC cervicitis; no dosing or protection-timing advice|/free/abnormal-bleeding-log;/free/birth-control-tracking-kit;/resources/life-stage-guides/birth-control-period-changes;/resources/privacy-in-practice/protect-your-symptom-and-condition-data|consolidated-2026-07-06
Post-sex bleeding and pain practical tools|Pain During Sex Symptom Notes|pain-during-sex-symptom-notes|lead-magnets|tofu|sex-pain;doctor-prep;privacy-conscious-user|pain during sex|symptom notes|No-diagnosis notes for pain during sex, entry vs deep pain, cycle timing, bleeding, discharge, dryness, pelvic pain, bowel or bladder overlap, and visit questions without treatment advice|Mayo Clinic painful intercourse; Office on Women's Health endometriosis; ACOG endometriosis; no diagnosis or sex advice|/resources/condition-guides/vaginal-pain-during-period;/free/period-pain-cramp-diary;/free/abnormal-bleeding-log;/free/endometriosis-tracking-kit;/resources/privacy-in-practice/protect-your-symptom-and-condition-data|consolidated-2026-07-06
Post-sex bleeding and pain practical tools|Pain After Sex Pelvic Pain Log|pain-after-sex-pelvic-pain-log|lead-magnets|tofu|sex-pain;pelvic-pain;doctor-prep|pain after sex|pelvic pain log|Log for pain after sex, lower-belly or pelvic pain location, timing, duration, bleeding, discharge, fever or pregnancy concern if relevant, period timing, and care questions without diagnosing endometriosis, infection, cysts, or pelvic floor issues|Mayo Clinic painful intercourse; Office on Women's Health endometriosis; ACOG painful periods if pelvic pain context is used; no diagnosis claim|/free/period-pain-cramp-diary;/resources/condition-guides/vaginal-pain-during-period;/free/ovarian-cyst-tracking-kit;/resources/privacy-in-practice/protect-your-symptom-and-condition-data|consolidated-2026-07-06
Post-sex bleeding and pain practical tools|Sex Pain and Bleeding Data Privacy Checklist|sex-pain-and-bleeding-data-privacy-checklist|privacy-in-practice|mofu|sex-pain;abnormal-bleeding;privacy-conscious-user|sex pain tracker privacy|privacy checklist|Checklist for deciding where to store sex pain, bleeding after sex, discharge, pregnancy or STI questions, partner context, screenshots, exports, portal notes, accounts, backups, and shared-device access|FTC Health Breach Notification Rule; HHS HIPAA consumer app context; ACOG abnormal uterine bleeding; no legal guarantees|/resources/guides/period-tracker-data-minimization-guide;/free/abnormal-bleeding-log;/free/period-pain-cramp-diary;/app-guides/floriva-for-gynecologist-prep|consolidated-2026-07-31
Period flu and sick-before-period practical tools|Period Flu Symptom Tracker|period-flu-symptom-tracker|lead-magnets|tofu|premenstrual-symptoms;cycle-symptom-tracker;doctor-prep|period flu|tracking worksheet|No-diagnosis tracker for flu-like symptoms near a period, body aches, chills, nausea, headache, fatigue, diarrhea or constipation, temperature notes, cycle day, period timing, and care questions without calling it flu or giving treatment advice|ACOG premenstrual syndrome; Mayo Clinic PMS; Cleveland Clinic period flu; no diagnosis or treatment advice|/free/premenstrual-symptom-tracker;/resources/privacy-in-practice/protect-your-symptom-and-condition-data;/resources/privacy-in-practice/lock-down-period-data-on-your-phone|consolidated-2026-07-06
Period flu and sick-before-period practical tools|Flu-Like Symptoms Before Period Log|flu-like-symptoms-before-period-log|lead-magnets|tofu|premenstrual-symptoms;cycle-symptom-tracker;doctor-prep|flu like symptoms before period|symptom log|Log for sick feelings before a period, start date, days before bleeding, body aches, chills, sore throat if present, cough or congestion if present, nausea, fatigue, headache, and clinician questions without deciding PMS versus infection|ACOG premenstrual syndrome; Mayo Clinic PMS; Cleveland Clinic influenza if respiratory symptoms are mentioned; no diagnosis claim|/free/premenstrual-symptom-tracker;/resources/symptom-guides/luteal-phase-symptoms;/resources/privacy-in-practice/protect-your-symptom-and-condition-data|consolidated-2026-07-06
Period flu and sick-before-period practical tools|Body Aches Before Period Log|body-aches-before-period-log|lead-magnets|tofu|premenstrual-symptoms;pain-tracker;doctor-prep|body aches before period|tracking log|Tracker for body aches before bleeding, location, severity, fatigue, headache, cramps, fever or illness concern, medicine notes to discuss, cycle day, and care questions without self-diagnosis or pain-treatment advice|Mayo Clinic PMS; ACOG premenstrual syndrome; Mayo Clinic menstrual cramps visit questions if used; no dosing or treatment advice|/free/premenstrual-symptom-tracker;/resources/symptom-guides/luteal-phase-symptoms;/resources/symptom-guides/cramps-but-no-period;/resources/privacy-in-practice/protect-your-symptom-and-condition-data|consolidated-2026-07-06
Period flu and sick-before-period practical tools|Chills Before Period Tracker|chills-before-period-tracker|lead-magnets|tofu|premenstrual-symptoms;cycle-symptom-tracker;doctor-prep|chills before period|tracking worksheet|Tracker for chills before a period, temperature notes, sweating, body aches, headache, nausea, diarrhea, period timing, illness exposure if shared, and visit questions without reassuring fever or diagnosing PMS|ACOG premenstrual syndrome; Mayo Clinic PMS; Cleveland Clinic period flu; no fever reassurance claim|/free/premenstrual-symptom-tracker;/resources/privacy-in-practice/protect-your-symptom-and-condition-data;/resources/privacy-in-practice/lock-down-period-data-on-your-phone|consolidated-2026-07-06
Period flu and sick-before-period practical tools|Nausea Before Period Tracker|nausea-before-period-tracker|lead-magnets|tofu|premenstrual-symptoms;nausea-tracker;doctor-prep|nausea before period|tracking worksheet|Tracker for nausea before a period, vomiting if present, appetite, cramps, headache, dizziness, diarrhea or constipation, pregnancy concern if relevant, cycle day, and care questions without deciding the cause|Mayo Clinic PMS; Mayo Clinic menstrual cramps; ACOG premenstrual syndrome; no pregnancy or treatment advice|/free/premenstrual-symptom-tracker;/resources/symptom-guides/luteal-phase-symptoms;/resources/privacy-in-practice/protect-your-symptom-and-condition-data|consolidated-2026-07-06
Period flu and sick-before-period practical tools|Dizziness During Period Notes|dizziness-during-period-notes|lead-magnets|mofu|dizziness-tracker;heavy-bleeding;doctor-prep|dizziness during period|visit notes|Visit-prep notes for dizziness during a period, bleeding amount, clots if shared, cramps, nausea, headache, faintness, hydration context, anemia questions, and prompt-care questions without diagnosing anemia or giving treatment advice|Mayo Clinic menstrual cramps; Mayo Clinic heavy menstrual bleeding red flags; ACOG abnormal uterine bleeding; no diagnosis or treatment advice|/free/premenstrual-symptom-tracker;/free/heavy-period-clot-tracker;/free/abnormal-bleeding-log;/resources/condition-guides/anemia-heavy-periods;/resources/privacy-in-practice/protect-your-symptom-and-condition-data|consolidated-2026-07-06
Period flu and sick-before-period practical tools|Fever and Period Symptom Notes|fever-and-period-symptom-notes|lead-magnets|mofu|premenstrual-symptoms;doctor-prep;urgent-symptom-notes|period fever|visit notes|Notes for fever or feverish feelings near a period, measured temperature if known, chills, aches, respiratory symptoms, pelvic pain, heavy bleeding, pregnancy concern if relevant, and care questions without saying fever is normal|Cleveland Clinic influenza symptoms; Mayo Clinic PMS; Mayo Clinic menstrual cramps visit questions; no fever reassurance claim|/free/premenstrual-symptom-tracker;/app-guides/floriva-for-gynecologist-prep;/resources/privacy-in-practice/protect-your-symptom-and-condition-data|consolidated-2026-07-06
Period flu and sick-before-period practical tools|Period Flu Data Privacy Checklist|period-flu-data-privacy-checklist|privacy-in-practice|mofu|privacy-conscious-user;premenstrual-symptoms;doctor-prep|period flu tracker privacy|privacy checklist|Checklist for deciding where to store period flu notes, body aches, chills, nausea, fever or illness context, pregnancy questions, medicine notes, screenshots, exports, portal notes, accounts, backups, and shared-device access|FTC Health Breach Notification Rule; HHS HIPAA consumer app context; ACOG premenstrual syndrome; no legal guarantees|/resources/guides/period-tracker-data-minimization-guide;/free/premenstrual-symptom-tracker;/app-guides/floriva-for-gynecologist-prep|consolidated-2026-07-31
PMS body skin appetite and anger practical tools|Breast Tenderness Before Period Tracker|breast-tenderness-before-period-tracker|lead-magnets|tofu|premenstrual-symptoms;breast-pain-tracker;doctor-prep|breast tenderness before period|tracking worksheet|No-diagnosis tracker for breast tenderness before a period, side, location, swelling or heaviness, nipple changes if present, cycle day, period timing, repeat pattern, and clinician questions without diagnosing pregnancy or breast disease|Mayo Clinic breast pain; Mayo Clinic PMS; Office on Women's Health PMS; no diagnosis or pregnancy advice|/free/period-pain-cramp-diary;/free/premenstrual-symptom-tracker;/resources/symptom-guides/luteal-phase-symptoms;/resources/life-stage-guides/signs-your-period-is-coming;/app-guides/floriva-for-gynecologist-prep|consolidated-2026-07-06
PMS body skin appetite and anger practical tools|Breast Pain After Period Notes|breast-pain-after-period-notes|lead-magnets|mofu|breast-pain-tracker;cycle-symptom-tracker;doctor-prep|breast pain after period|visit notes|Visit-prep notes for breast pain after period timing, one-sided or both-sided pain, lump or skin-change questions, nipple discharge questions, cycle dates, medicines to discuss, and what changed over time without reassurance or diagnosis|Mayo Clinic breast pain; Mayo Clinic breast pain appointment guidance; Cleveland Clinic breast pain if used; no reassurance guarantee|/free/premenstrual-symptom-tracker;/free/abnormal-bleeding-log;/free/heavy-period-clot-tracker;/app-guides/floriva-for-gynecologist-prep;/resources/guides/period-tracker-data-minimization-guide|consolidated-2026-07-06
PMS body skin appetite and anger practical tools|Period Cravings Tracker|period-cravings-tracker|lead-magnets|tofu|premenstrual-symptoms;food-cravings-tracker;cycle-symptom-tracker|period cravings|tracking worksheet|Tracker for cravings near a period, appetite changes, skipped meals, nausea, sleep, stress, mood, cycle day, period timing, and care questions without diet rules or weight-loss advice|Office on Women's Health PMS; Mayo Clinic PMS; Cleveland Clinic PMS; no diet or supplement protocol|/free/premenstrual-symptom-tracker;/resources/symptom-guides/luteal-phase-symptoms;/resources/privacy-in-practice/protect-your-symptom-and-condition-data|consolidated-2026-07-06
PMS body skin appetite and anger practical tools|Hungry Before Period Log|hungry-before-period-log|lead-magnets|tofu|premenstrual-symptoms;appetite-tracker;cycle-symptom-tracker|hungry before period|symptom log|Simple log for hunger before a period, appetite level, cravings, meal timing, nausea, sleep, stress, mood, cycle day, period timing, and care questions without telling users what or how much to eat|Office on Women's Health PMS; Mayo Clinic PMS; Cleveland Clinic PMS; no diet advice|/free/premenstrual-symptom-tracker;/resources/life-stage-guides/signs-your-period-is-coming;/resources/privacy-in-practice/protect-your-symptom-and-condition-data|consolidated-2026-07-06
PMS body skin appetite and anger practical tools|Food Cravings Before Period Notes|food-cravings-before-period-notes|lead-magnets|tofu|premenstrual-symptoms;food-cravings-tracker;doctor-prep|food cravings before period|notes worksheet|Notes sheet for food cravings before a period, craving type, appetite change, sleep, stress, nausea, mood, cycle day, period timing, and care questions without moralizing food or giving a diet plan|Office on Women's Health PMS; Mayo Clinic PMS; Cleveland Clinic PMS; no diet plan or supplement claims|/free/premenstrual-symptom-tracker;/resources/wellness-guides/stress-cycle-length-connection;/resources/privacy-in-practice/protect-your-symptom-and-condition-data|consolidated-2026-07-06
PMS body skin appetite and anger practical tools|Acne Before Period Skin Log|acne-before-period-skin-log|lead-magnets|tofu|premenstrual-symptoms;skin-tracker;doctor-prep|acne before period|skin log|Cycle-linked skin log for acne before a period, location, lesion type, pain, products used, cycle day, period timing, PCOS context if relevant, and clinician questions without treatment instructions|American Academy of Dermatology acne guidance; Mayo Clinic PMS; existing hormonal acne guide; no acne treatment protocol|/resources/symptom-guides/hormonal-acne-cycle-mapping;/free/pcos-tracking-kit;/resources/condition-guides/pcos-period-irregularity-tracking;/resources/symptom-guides/luteal-phase-symptoms;/resources/privacy-in-practice/protect-your-symptom-and-condition-data|consolidated-2026-07-06
PMS body skin appetite and anger practical tools|Anger Before Period Notes|anger-before-period-notes|lead-magnets|mofu|premenstrual-symptoms;mood-tracker;doctor-prep|anger before period|visit notes|No-shame notes for anger or irritability before a period, timing, sleep, stress, pain, cravings, relationship or work impact, safety questions, and care questions without diagnosing PMS, PMDD, anxiety, or depression|ACOG premenstrual syndrome; Office on Women's Health PMS; Mayo Clinic PMS; no diagnosis or crisis-plan substitution|/resources/condition-guides/pmdd-treatment-options;/free/pmdd-tracking-kit;/resources/symptom-guides/luteal-phase-symptoms;/resources/privacy-in-practice/protect-your-symptom-and-condition-data|consolidated-2026-07-06
PMS body skin appetite and anger practical tools|PMS Body Data Privacy Checklist|pms-body-data-privacy-checklist|privacy-in-practice|mofu|privacy-conscious-user;premenstrual-symptoms;doctor-prep|pms symptom tracker privacy|privacy checklist|Checklist for deciding where to store breast pain, cravings, hunger, acne, anger, mood, pregnancy questions, screenshots, exports, portal notes, accounts, backups, and shared-device access|FTC Health Breach Notification Rule; HHS HIPAA consumer app context; Office on Women's Health PMS; no legal guarantees|/resources/guides/period-tracker-data-minimization-guide;/free/premenstrual-symptom-tracker;/app-guides/floriva-for-gynecologist-prep|consolidated-2026-07-31
Vulvar symptom practical tools|Vulvar Itching Symptom Log|vulvar-itching-symptom-log|lead-magnets|tofu|vulvar-symptom-tracker;doctor-prep;privacy-conscious-user|vulvar itching|symptom log|No-diagnosis log for vulvar itching, timing, location, swelling, rash, discharge, pee pain, product exposure, cycle day, and care questions without diagnosing yeast, BV, STI, or dermatitis|ACOG vulvar disorders; ACOG vaginitis; CDC candidiasis guidelines; no diagnosis or treatment advice|/free/premenstrual-symptom-tracker;/free/vulvar-symptom-log;/free/vaginal-discharge-odor-checklist;/resources/privacy-in-practice/protect-your-symptom-and-condition-data|consolidated-2026-07-06
Vulvar symptom practical tools|Vaginal Itching Before Period Tracker|vaginal-itching-before-period-tracker|lead-magnets|tofu|vulvar-symptom-tracker;cycle-change-tracker;doctor-prep|vaginal itching before period|tracking worksheet|Cycle-timing tracker for itching before a period, discharge, odor, burning, swelling, products, period timing, repeat pattern, and clinician questions without saying hormones or yeast are the cause|ACOG vaginitis; CDC candidiasis guidelines; ACOG vulvar disorders; no period-causation or self-diagnosis claim|/free/vulvar-symptom-log;/free/vaginal-discharge-odor-checklist;/resources/symptom-guides/discharge-before-period;/resources/privacy-in-practice/protect-your-symptom-and-condition-data|consolidated-2026-07-06
Vulvar symptom practical tools|Vulvar Burning Symptom Notes|vulvar-burning-symptom-notes|lead-magnets|tofu|vulvar-symptom-tracker;doctor-prep;privacy-conscious-user|vulvar burning|symptom notes|Notes sheet for vulvar burning, skin contact pain, pee pain, discharge, odor, swelling, rash, sex pain if shared, product exposure, cycle timing, and care questions without treatment advice|ACOG vulvar disorders; ACOG vaginitis; CDC candidiasis guidelines; no diagnosis or treatment protocol|/free/vulvar-symptom-log;/free/vaginal-discharge-odor-checklist;/resources/condition-guides/vaginal-pain-during-period;/resources/privacy-in-practice/protect-your-symptom-and-condition-data|consolidated-2026-07-06
Vulvar symptom practical tools|Labia Swelling Visit Notes|labia-swelling-visit-notes|lead-magnets|tofu|vulvar-symptom-tracker;doctor-prep;privacy-conscious-user|labia swelling|visit notes|Visit-prep notes for labia swelling, one-sided or both-sided swelling, itching, burning, pain, rash, discharge, injury or product context if shared, cycle timing, and prompt-care questions without diagnosis|ACOG vulvar disorders; ACOG vaginitis; Cleveland Clinic vulvitis; no diagnosis or reassurance guarantee|/free/vulvar-symptom-log;/free/vaginal-discharge-odor-checklist;/app-guides/floriva-for-gynecologist-prep|consolidated-2026-07-06
Vulvar symptom practical tools|Vulvar Irritation Product Exposure Log|vulvar-irritation-product-exposure-log|lead-magnets|tofu|vulvar-symptom-tracker;privacy-conscious-user;doctor-prep|vulvar irritation|exposure log|Product and timing log for vulvar irritation, pads, liners, wipes, soap, lubricant, detergent, medicine already used, itching, burning, rash, and care questions without telling users what product to stop or use|ACOG vulvar disorders; MyHealth Alberta vulvar dermatitis; Cleveland Clinic vulvitis; no product or treatment protocol|/free/vulvar-symptom-log;/resources/guides/period-tracker-data-minimization-guide;/resources/privacy-in-practice/protect-your-symptom-and-condition-data|consolidated-2026-07-06
Vulvar symptom practical tools|Vulvar Rash Skin Change Notes|vulvar-rash-skin-change-notes|lead-magnets|tofu|vulvar-symptom-tracker;doctor-prep;privacy-conscious-user|vulvar rash|skin change notes|No-diagnosis notes for vulvar rash, redness, skin changes, itching, burning, swelling, sores or cracks if present, products, cycle timing, and visit questions without image diagnosis or treatment advice|ACOG vulvar disorders; Cleveland Clinic vulvitis; ACOG vulvovaginal health; no image diagnosis or treatment advice|/free/vulvar-symptom-log;/resources/privacy-in-practice/protect-your-symptom-and-condition-data;/resources/privacy-in-practice/lock-down-period-data-on-your-phone|consolidated-2026-07-06
Vulvar symptom practical tools|Vaginal Dryness Before Period Notes|vaginal-dryness-before-period-notes|lead-magnets|tofu|cycle-change-tracker;vulvar-symptom-tracker;doctor-prep|vaginal dryness before period|notes worksheet|Cycle-timing notes for dryness before a period, irritation, burning, sex pain if shared, products, medicines to discuss, repeat pattern, and care questions without hormone diagnosis or product advice|ACOG vulvovaginal health; ACOG vulvar disorders; Mayo Clinic Health System vulvar health; no hormone diagnosis or lubricant advice|/free/vulvar-symptom-log;/free/premenstrual-symptom-tracker;/free/period-pain-cramp-diary;/resources/life-stage-guides/perimenopause-hormone-changes-tracking;/resources/privacy-in-practice/protect-your-symptom-and-condition-data|consolidated-2026-07-06
Vulvar symptom practical tools|Vulvar Symptom Data Privacy Checklist|vulvar-symptom-data-privacy-checklist|privacy-in-practice|mofu|privacy-conscious-user;vulvar-symptom-tracker;doctor-prep|vulvar symptom tracker privacy|privacy checklist|Checklist for deciding where to store vulvar itching, burning, rash, swelling, dryness, sex pain, pregnancy or STI questions, product notes, photos, exports, portal messages, accounts, backups, and shared-device access|FTC Health Breach Notification Rule; HHS HIPAA consumer app context; ACOG vulvar disorders; no legal guarantees|/resources/guides/period-tracker-data-minimization-guide;/free/vulvar-symptom-log;/app-guides/floriva-for-gynecologist-prep|consolidated-2026-07-31
Period product irritation practical tools|Pad Rash Symptom Log|pad-rash-symptom-log|lead-magnets|tofu|vulvar-symptom-tracker;period-product-notes;doctor-prep|pad rash|symptom log|No-diagnosis log for pad rash timing, skin location, itching, burning, redness, swelling, product timing, medicine already used, photos if chosen, and care questions without rash diagnosis or treatment advice|ACOG vulvar disorders; Cleveland Clinic vulvar dermatitis; DataForSEO pad rash 4400 US searches; no treatment protocol|/free/period-leak-and-product-kit;/free/vulvar-symptom-log;/resources/privacy-in-practice/protect-your-symptom-and-condition-data;/app-guides/floriva-for-gynecologist-prep|consolidated-2026-07-06
Period product irritation practical tools|Pad Chafing Period Notes|pad-chafing-period-notes|lead-magnets|tofu|period-product-notes;vulvar-symptom-tracker;doctor-prep|pad chafing|notes worksheet|Notes sheet for chafing during a period, friction location, walking or exercise context, pad or liner timing, rash if present, bleeding day, and visit questions without product recommendations|ACOG vulvar disorders; Cleveland Clinic vulvar dermatitis; DataForSEO pad rash cluster; no product advice|/free/period-leak-and-product-kit;/free/vulvar-symptom-log;/free/premenstrual-symptom-tracker;/resources/privacy-in-practice/protect-your-symptom-and-condition-data|consolidated-2026-07-06
Period product irritation practical tools|Period Product Irritation Log|period-product-irritation-log|lead-magnets|tofu|period-product-notes;privacy-conscious-user;doctor-prep|period product irritation|exposure log|Product timing log for pads, liners, tampons, cups, discs, wipes, underwear, detergent, itching, burning, rash, pain, discharge if present, and care questions without deciding which product caused symptoms|ACOG vulvar disorders; Cleveland Clinic vulvar dermatitis; MedlinePlus vulvovaginitis; no product-causation claim|/free/period-leak-and-product-kit;/free/period-pain-cramp-diary;/free/vulvar-symptom-log;/resources/privacy-in-practice/protect-your-symptom-and-condition-data|consolidated-2026-07-06
Period product irritation practical tools|Tampon Pain Visit Notes|tampon-pain-visit-notes|lead-magnets|tofu|period-product-notes;doctor-prep;privacy-conscious-user|tampon pain|visit notes|Visit-prep notes for tampon pain, insertion or removal timing if shared, burning, dryness, discharge, odor, fever or rash prompt-care questions, product timing, and clinician questions without insertion instructions or diagnosis|FDA tampon safety; MedlinePlus toxic shock syndrome; ACOG vulvar disorders; no tampon-use protocol|/free/period-leak-and-product-kit;/free/vulvar-symptom-log;/free/premenstrual-symptom-tracker;/resources/privacy-in-practice/protect-your-symptom-and-condition-data;/app-guides/floriva-for-gynecologist-prep|consolidated-2026-07-06
Period product irritation practical tools|Menstrual Cup Pain Notes|menstrual-cup-pain-notes|lead-magnets|mofu|period-product-notes;doctor-prep;privacy-conscious-user|menstrual cup pain|notes worksheet|No-diagnosis notes for menstrual cup pain, pressure, cramping, removal pain if shared, bleeding day, dryness or irritation, urinary pressure if present, and care questions without cup insertion or fitting advice|ACOG vulvar disorders; Cleveland Clinic vulvar dermatitis; DataForSEO menstrual cup pain 140 US searches; no insertion or fitting instructions|/free/period-leak-and-product-kit;/free/period-pain-cramp-diary;/resources/privacy-in-practice/protect-your-symptom-and-condition-data|consolidated-2026-07-06
Period product irritation practical tools|Menstrual Cup Leak Log|menstrual-cup-leak-log|lead-magnets|tofu|period-product-notes;cycle-change-tracker;doctor-prep|menstrual cup leaks|leak log|Leak log for menstrual cup or disc use, bleeding day, flow context, activity, pain or pressure if present, product timing, backup product notes, and care questions without fitting, insertion, or brand advice|DataForSEO menstrual cup leaks trend interest; ACOG vulvar disorders; no product advice or fit protocol|/free/period-pain-cramp-diary;/free/period-leak-and-product-kit;/free/heavy-period-clot-tracker;/resources/privacy-in-practice/protect-your-symptom-and-condition-data;/app-guides/floriva-for-gynecologist-prep|consolidated-2026-07-06
Period product irritation practical tools|Period Product Change Visit Summary|period-product-change-visit-summary|lead-magnets|tofu|period-product-notes;doctor-prep;privacy-conscious-user|period product change symptoms|visit summary|One-page visit summary for symptoms after changing pads, liners, tampons, cups, discs, wipes, underwear, or detergent, with timing, skin symptoms, pain, discharge, fever/rash questions, and what to ask without product blame|ACOG vulvar disorders; Cleveland Clinic vulvar dermatitis; FDA tampon safety; no diagnosis or product-causation claim|/free/period-leak-and-product-kit;/free/period-pain-cramp-diary;/resources/privacy-in-practice/protect-your-symptom-and-condition-data|consolidated-2026-07-06
Period product irritation practical tools|Period Product Symptom Data Privacy Checklist|period-product-symptom-data-privacy-checklist|privacy-in-practice|mofu|privacy-conscious-user;period-product-notes;doctor-prep|period product symptom data privacy|privacy checklist|Checklist for deciding where to store period product notes, pad rash photos, tampon pain notes, cup leak logs, product names, medicine notes, portal messages, screenshots, exports, accounts, backups, and shared-device access|FTC Health Breach Notification Rule; HHS HIPAA consumer app context; ACOG vulvar disorders; no legal guarantees|/resources/guides/period-tracker-data-minimization-guide;/free/period-leak-and-product-kit;/free/period-pain-cramp-diary;/app-guides/floriva-for-gynecologist-prep|consolidated-2026-07-31
Sleep and period fatigue practical tools|Insomnia Before Period Sleep Log|insomnia-before-period-sleep-log|lead-magnets|tofu|cycle-change-tracker;sleep-tracker;doctor-prep|insomnia before period|sleep log|Cycle-linked sleep log for bedtime, wake time, night waking, temperature, cramps, mood, daytime tiredness, and questions without sleep treatment or supplement advice|ACOG PMS sleep problems; NHLBI sleep diary; DataForSEO insomnia before period low difficulty; no treatment protocol|/resources/symptom-guides/period-sleep-disruption;/resources/symptom-guides/luteal-phase-symptoms;/free/period-sleep-log;/free/premenstrual-symptom-tracker;/resources/privacy-in-practice/protect-your-symptom-and-condition-data|consolidated-2026-07-06
Sleep and period fatigue practical tools|Can't Sleep Before Period Notes|cant-sleep-before-period-notes|lead-magnets|tofu|cycle-change-tracker;sleep-tracker;privacy-conscious-user|can't sleep before period|notes worksheet|Plain-language notes sheet for people who cannot sleep before a period, with cycle day, worry, cramps, heat, bathroom trips, product discomfort, and next-day impact without diagnosing PMS or pregnancy|ACOG PMS sleep problems; Office on Women's Health PMDD trouble sleeping if referenced; DataForSEO 260 US monthly searches; no pregnancy diagnosis|/free/period-sleep-log;/resources/symptom-guides/period-sleep-disruption;/app-guides/floriva-for-gynecologist-prep|consolidated-2026-07-06
Sleep and period fatigue practical tools|Fatigue Before Period Tracker|fatigue-before-period-tracker|lead-magnets|tofu|cycle-change-tracker;energy-tracker;doctor-prep|fatigue before period|tracker worksheet|Daily tracker for tiredness before a period, sleep quality, bleeding timing, food notes if chosen, headache, cramps, mood, work or school impact, and care questions without iron, diet, or supplement advice|ACOG PMS fatigue/sleep problems; Mayo Clinic PMS fatigue and sleep problems; DataForSEO period fatigue 5400 US searches; no treatment protocol|/resources/symptom-guides/cycle-fatigue-tracking;/resources/symptom-guides/luteal-phase-symptoms;/free/premenstrual-symptom-tracker;/free/period-sleep-log;/resources/privacy-in-practice/protect-your-symptom-and-condition-data|consolidated-2026-07-06
Sleep and period fatigue practical tools|Tired During Period Energy Log|tired-during-period-energy-log|lead-magnets|tofu|cycle-change-tracker;energy-tracker;doctor-prep|tired during period|energy log|Period-day energy log for tiredness during bleeding, flow context, sleep quality, cramps, dizziness if present, missed work or school, and visit questions without anemia diagnosis or diet advice|ACOG PMS fatigue; Mayo Clinic PMS fatigue; DataForSEO tired during period difficulty 1; no diagnosis or diet protocol|/resources/symptom-guides/cycle-fatigue-tracking;/free/premenstrual-symptom-tracker;/free/heavy-period-clot-tracker;/app-guides/floriva-for-gynecologist-prep|consolidated-2026-07-06
Sleep and period fatigue practical tools|Night Sweats Before Period Notes|night-sweats-before-period-notes|lead-magnets|tofu|cycle-change-tracker;perimenopause-tracker;sleep-tracker|night sweats before period|notes worksheet|Notes sheet for night sweats or waking hot before a period, with cycle timing, bleeding changes, sleep impact, hot flashes if present, medicines to discuss, and care questions without hormone diagnosis|ACOG PMS sleep problems; Office on Women's Health menopause/perimenopause symptoms if used; existing hot flash log; no hormone diagnosis|/free/period-sleep-log;/resources/life-stage-guides/perimenopause-period-changes;/resources/privacy-in-practice/protect-your-symptom-and-condition-data|consolidated-2026-07-06
Sleep and period fatigue practical tools|Sleep and Period Symptom Summary|sleep-and-period-symptom-summary|lead-magnets|tofu|doctor-prep;sleep-tracker;cycle-change-tracker|sleep and period|visit summary|One-page summary that turns two to three cycles of sleep, fatigue, night waking, cramps, mood, bleeding days, and daytime impact into a clinician-ready pattern without diagnosing insomnia, PMS, PMDD, or perimenopause|ACOG PMS; NHLBI sleep diary; MGH PMDD overlap caution if used; no diagnosis or treatment advice|/resources/symptom-guides/period-sleep-disruption;/free/period-sleep-log;/free/premenstrual-symptom-tracker;/app-guides/floriva-for-gynecologist-prep|consolidated-2026-07-06
Sleep and period fatigue practical tools|Period Sleep Disruption Visit Prep|period-sleep-disruption-visit-prep|lead-magnets|mofu|doctor-prep;sleep-tracker;privacy-conscious-user|period sleep disruption visit prep|visit prep checklist|Visit-prep checklist for sleep changes around a period, with timing, daytime function, mood symptoms, pain, bleeding, pregnancy questions if relevant, medicines already used, and what to ask without care directives|ACOG PMS; NHLBI sleep diary; Office on Women's Health PMDD trouble sleeping if used; no treatment protocol|/resources/symptom-guides/period-sleep-disruption;/free/period-sleep-log;/free/pmdd-tracking-kit;/resources/privacy-in-practice/protect-your-symptom-and-condition-data|consolidated-2026-07-06
Sleep and period fatigue practical tools|Sleep Cycle Data Privacy Checklist|sleep-cycle-data-privacy-checklist|privacy-in-practice|mofu|privacy-conscious-user;sleep-tracker;cycle-change-tracker|sleep cycle data privacy|privacy checklist|Checklist for deciding where to store sleep, fatigue, mood, night sweat, wearable, alarm, calendar, export, portal, screenshot, backup, and shared-device data tied to menstrual cycles|FTC Flo 2021; FTC Health Breach Notification Rule; HHS HIPAA consumer app context; NHLBI sleep diary context; no legal guarantees|/resources/guides/period-tracker-data-minimization-guide;/resources/symptom-guides/period-sleep-disruption;/free/period-sleep-log;/app-guides/floriva-for-gynecologist-prep|consolidated-2026-07-31
Cognition and period focus practical tools|Brain Fog Before Period Tracker|brain-fog-before-period-tracker|lead-magnets|tofu|cycle-change-tracker;focus-tracker;doctor-prep|brain fog before period|tracker worksheet|Cycle-linked tracker for brain fog before a period, timing, sleep, mood, pain, work or school impact, memory slips, and visit questions without diagnosing PMS, PMDD, ADHD, anemia, thyroid disease, long COVID, or perimenopause|ACOG PMS concentration problems; Office on Women's Health PMDD trouble thinking or focusing; DataForSEO period brain fog 720 US searches and low difficulty; no diagnosis or treatment advice|/resources/life-stage-guides/signs-your-period-is-coming;/resources/symptom-guides/luteal-phase-symptoms;/free/premenstrual-symptom-tracker;/resources/privacy-in-practice/protect-your-symptom-and-condition-data|consolidated-2026-07-06
Cognition and period focus practical tools|Period Brain Fog Notes|period-brain-fog-notes|lead-magnets|tofu|cycle-change-tracker;focus-tracker;privacy-conscious-user|period brain fog|notes worksheet|Plain notes sheet for brain fog during or before a period, with cycle day, task impact, word-finding or memory notes, sleep, cramps, mood, and optional care questions without broad reassurance or cause claims|ACOG PMS problems concentrating; DataForSEO period brain fog 720 US searches; no cause claim|/free/premenstrual-symptom-tracker;/resources/symptom-guides/cycle-fatigue-tracking;/app-guides/floriva-for-gynecologist-prep|consolidated-2026-07-06
Cognition and period focus practical tools|Can't Focus Before Period Work Sheet|cant-focus-before-period-work-sheet|lead-magnets|tofu|cycle-change-tracker;focus-tracker;work-school-planner|can't focus before period|work sheet|Work and school planning sheet for focus changes before a period, task load, meeting load, deadlines, privacy boundaries, and questions to ask without legal advice or accommodation guarantees|ACOG PMS concentration problems; Office on Women's Health PMDD trouble thinking or focusing; DataForSEO period brain fog cluster; no legal or school accommodation guarantee|/free/premenstrual-symptom-tracker;/free/pmdd-tracking-kit;/resources/privacy-in-practice/who-can-legally-get-your-period-data;/resources/privacy-in-practice/protect-your-symptom-and-condition-data|consolidated-2026-07-06
Cognition and period focus practical tools|Forgetful Before Period Memory Log|forgetful-before-period-memory-log|lead-magnets|tofu|cycle-change-tracker;focus-tracker;doctor-prep|forgetful before period|memory log|Memory-slip log for late tasks, missed items, word-finding, appointments, sleep, mood, pain, bleeding timing, and visit questions without diagnosing cognitive decline or giving productivity protocols|ACOG PMS concentration problems; NIMH ADHD inattention context if ADHD is mentioned; no cognitive diagnosis|/free/premenstrual-symptom-tracker;/free/reproductive-visit-prep-kit;/resources/symptom-guides/luteal-phase-symptoms;/resources/privacy-in-practice/protect-your-symptom-and-condition-data|consolidated-2026-07-06
Cognition and period focus practical tools|ADHD Worse Before Period Notes|adhd-worse-before-period-notes|lead-magnets|tofu|cycle-change-tracker;focus-tracker;doctor-prep|adhd worse before period|notes worksheet|Cycle-timing notes for people who already have or suspect ADHD and notice harder focus before a period, including inattention, task switching, sleep, mood, medicine questions for a clinician, and baseline days without medication dosing advice|NIMH ADHD inattention symptoms; ACOG PMS concentration problems; DataForSEO ADHD and period 210 US searches; no medication or diagnosis advice|/resources/guides/pmdd-period-tracking-guide;/resources/symptom-guides/pmdd-symptoms-vs-pms;/free/premenstrual-symptom-tracker;/free/reproductive-visit-prep-kit;/app-guides/floriva-for-pmdd-tracking|consolidated-2026-07-06
Cognition and period focus practical tools|Work School Before Period Impact Log|work-school-before-period-impact-log|lead-magnets|tofu|work-school-planner;cycle-change-tracker;privacy-conscious-user|before period work school impact|impact log|Impact log for work or school changes before a period, focus, attendance, deadlines, communication load, care tasks, and privacy-safe summaries without legal advice, employer claims, or school policy claims|ACOG PMS daily-life impact; Office on Women's Health PMDD daily impact; no accommodation guarantee|/free/premenstrual-symptom-tracker;/free/pmdd-tracking-kit;/resources/privacy-in-practice/who-can-legally-get-your-period-data;/free/reproductive-visit-prep-kit;/resources/privacy-in-practice/protect-your-symptom-and-condition-data|consolidated-2026-07-06
Cognition and period focus practical tools|Cycle Focus Visit Summary|cycle-focus-visit-summary|lead-magnets|mofu|doctor-prep;focus-tracker;cycle-change-tracker|cycle focus visit summary|visit summary|One-page visit summary for two to three cycles of focus, memory, sleep, mood, pain, bleeding timing, daily impact, and questions without diagnosing PMS, PMDD, ADHD, anemia, thyroid disease, long COVID, or perimenopause|ACOG PMS concentration problems; Office on Women's Health PMDD trouble thinking or focusing; NIMH ADHD basics if referenced; no diagnosis|/free/premenstrual-symptom-tracker;/free/period-sleep-log;/app-guides/floriva-for-gynecologist-prep|consolidated-2026-07-06
Cognition and period focus practical tools|Focus Mood Cycle Data Privacy Checklist|focus-mood-cycle-data-privacy-checklist|privacy-in-practice|mofu|privacy-conscious-user;focus-tracker;cycle-change-tracker|focus mood cycle data privacy|privacy checklist|Checklist for deciding where to store focus, memory, mood, ADHD, work or school impact, wearable, calendar, portal, screenshot, export, backup, and shared-device data tied to cycles|FTC health apps tool; FTC app privacy guidance; HHS HIPAA consumer app context; no privacy or legal guarantees|/resources/guides/period-tracker-data-minimization-guide;/free/premenstrual-symptom-tracker;/app-guides/floriva-for-gynecologist-prep|consolidated-2026-07-31
Period pain location practical tools|Period Back Pain Tracker|period-back-pain-tracker|lead-magnets|tofu|period-pain-tracker;doctor-prep;cycle-change-tracker|period back pain|tracker worksheet|No-diagnosis tracker for back pain before or during a period, pain location, timing, bleeding day, cramps, bowel or bladder context, daily impact, and visit questions without relief or treatment advice|ACOG dysmenorrhea; MedlinePlus period pain; DataForSEO period back pain 5400 US searches; no treatment protocol|/resources/symptom-guides/cramps-but-no-period;/resources/condition-guides/uterine-pain-guide;/free/period-pain-cramp-diary;/resources/privacy-in-practice/protect-your-symptom-and-condition-data|consolidated-2026-07-06
Period pain location practical tools|Lower Back Pain During Period Log|lower-back-pain-during-period-log|lead-magnets|tofu|period-pain-tracker;doctor-prep;cycle-change-tracker|lower back pain during period|pain log|Location and timing log for lower back pain during a period, cramps, flow, leg or hip spread, bowel or bladder notes if present, and care questions without diagnosis or heat/medicine advice|MedlinePlus period pain; Mayo Clinic menstrual cramps appointment prep; DataForSEO lower back pain period 5400 US searches; no treatment advice|/free/period-pain-cramp-diary;/app-guides/floriva-for-gynecologist-prep;/resources/privacy-in-practice/protect-your-symptom-and-condition-data|consolidated-2026-07-06
Period pain location practical tools|Leg Pain During Period Notes|leg-pain-during-period-notes|lead-magnets|mofu|period-pain-tracker;doctor-prep;cycle-change-tracker|leg pain during period|notes worksheet|No-diagnosis notes for leg pain during a period, side, location, spread from back or pelvis, cramps, flow, numbness or weakness if present, and clinician questions without sciatica or endometriosis diagnosis|ACOG dysmenorrhea; MedlinePlus period pain; DataForSEO leg pain during period 4400 US searches; no diagnosis|/free/period-pain-cramp-diary;/resources/guides/period-tracking-endometriosis;/app-guides/floriva-for-endometriosis-tracking|consolidated-2026-07-06
Period pain location practical tools|Hip Pain During Period Log|hip-pain-during-period-log|lead-magnets|mofu|period-pain-tracker;doctor-prep;cycle-change-tracker|hip pain during period|pain log|Plain log for hip pain during a period, side, front/back/outer hip location, back or leg spread, cramps, bleeding day, movement context, and visit questions without musculoskeletal diagnosis or exercises|MedlinePlus period pain; ACOG dysmenorrhea; DataForSEO hip pain during period 1900 US searches; no exercise or treatment advice|/free/period-pain-cramp-diary;/resources/privacy-in-practice/protect-your-symptom-and-condition-data;/resources/privacy-in-practice/lock-down-period-data-on-your-phone|consolidated-2026-07-06
Period pain location practical tools|Rectal Pain During Period Notes|rectal-pain-during-period-notes|lead-magnets|mofu|period-pain-tracker;endometriosis-tracker;doctor-prep|rectal pain during period|notes worksheet|No-diagnosis notes for rectal pain during a period, bowel movement timing, bleeding day, pelvic pain, sex pain if shared, bladder symptoms if present, and visit questions without diagnosing bowel endometriosis or giving bowel advice|ACOG endometriosis bowel pain; Office on Women's Health endometriosis bowel symptoms; DataForSEO rectal pain with period 1300 US searches; no diagnosis or treatment advice|/resources/condition-guides/vaginal-pain-during-period;/free/period-pain-cramp-diary;/free/endometriosis-tracking-kit;/resources/privacy-in-practice/protect-your-symptom-and-condition-data|consolidated-2026-07-06
Period pain location practical tools|Pain Down Leg During Period Map|pain-down-leg-during-period-map|lead-magnets|mofu|period-pain-tracker;doctor-prep;cycle-change-tracker|pain down leg during period|pain map|Body-map worksheet for pain that spreads from pelvis, back, hip, buttock, or thigh during a period, with side, path, timing, weakness or numbness if present, and care questions without nerve diagnosis|MedlinePlus period pain; ACOG dysmenorrhea; DataForSEO leg pain period cluster; no sciatica diagnosis or treatment advice|/free/period-pain-cramp-diary;/app-guides/floriva-for-gynecologist-prep;/resources/privacy-in-practice/protect-your-symptom-and-condition-data|consolidated-2026-07-06
Period pain location practical tools|Period Pain Location Visit Summary|period-pain-location-visit-summary|lead-magnets|mofu|doctor-prep;period-pain-tracker;privacy-conscious-user|period pain location visit summary|visit summary|One-page visit summary for period pain by location, back, leg, hip, rectal, bowel, bladder, flow, timing, daily impact, and questions without diagnosing dysmenorrhea, endometriosis, fibroids, adenomyosis, UTI, ovarian cyst, or pregnancy|ACOG dysmenorrhea; ACOG endometriosis; MedlinePlus period pain; no diagnosis or treatment advice|/free/period-pain-cramp-diary;/app-guides/floriva-for-gynecologist-prep;/resources/privacy-in-practice/protect-your-symptom-and-condition-data|consolidated-2026-07-06
Period pain location practical tools|Period Pain Location Data Privacy Checklist|period-pain-location-data-privacy-checklist|privacy-in-practice|mofu|privacy-conscious-user;period-pain-tracker;doctor-prep|period pain location data privacy|privacy checklist|Checklist for deciding where to store period pain maps, back/leg/hip/rectal pain notes, bowel or bladder context, sex pain if shared, photos/screenshots, exports, portal messages, backups, and shared-device access|FTC Health Breach Notification Rule; HHS HIPAA consumer app context; ACOG dysmenorrhea; no legal or privacy guarantees|/resources/guides/period-tracker-data-minimization-guide;/free/period-pain-cramp-diary;/app-guides/floriva-for-gynecologist-prep|consolidated-2026-07-31
Period flow timing practical tools|Period Starts and Stops Log|period-starts-and-stops-log|lead-magnets|tofu|cycle-change-tracker;doctor-prep;privacy-conscious-user|period starts and stops|log worksheet|Plain log for stop-start bleeding, spotting days, full-flow days, flow changes, pain, pregnancy-test context if relevant, and visit questions without diagnosing pregnancy, miscarriage, PCOS, fibroids, or perimenopause|ACOG abnormal uterine bleeding; Office on Women's Health period problems; Mayo Clinic normal cycle range; DataForSEO period starts/stops cluster; no diagnosis or treatment advice|/resources/symptom-guides/spotting-vs-period;/resources/symptom-guides/bleeding-between-periods;/resources/condition-guides/irregular-periods-when-to-see-doctor;/free/abnormal-bleeding-log;/app-guides/floriva-for-gynecologist-prep|consolidated-2026-07-06
Period flow timing practical tools|One-Day Period Notes|one-day-period-notes|lead-magnets|tofu|cycle-change-tracker;doctor-prep;pregnancy-question|one day period|notes worksheet|Notes sheet for bleeding that lasts one day, spotting versus full flow, usual period length, pregnancy-test context if relevant, stress or birth-control changes, and questions for care without reassurance or cause claims|Mayo Clinic menstrual cycle normal range; Office on Women's Health period problems; MedlinePlus abnormal uterine bleeding; no pregnancy diagnosis|/resources/symptom-guides/spotting-vs-period;/resources/symptom-guides/implantation-bleeding-vs-period;/resources/symptom-guides/late-period-vs-pregnancy-symptoms;/free/abnormal-bleeding-log|consolidated-2026-07-06
Period flow timing practical tools|Light Period Tracker|light-period-tracker|lead-magnets|tofu|cycle-change-tracker;doctor-prep;pregnancy-question|light period|tracker worksheet|Cycle tracker for lighter-than-usual periods, spotting versus flow, start and stop days, pregnancy-test context if relevant, birth-control or life changes, and visit questions without diagnosis or false reassurance|Mayo Clinic menstrual cycle normal range; Office on Women's Health period problems; MedlinePlus abnormal uterine bleeding; DataForSEO light period 2900 US searches; no cause claim|/resources/symptom-guides/spotting-vs-period;/resources/symptom-guides/implantation-bleeding-symptoms;/resources/life-stage-guides/birth-control-period-changes;/free/abnormal-bleeding-log;/app-guides/floriva-for-gynecologist-prep|consolidated-2026-07-06
Period flow timing practical tools|Spotting Instead of Period Notes|spotting-instead-of-period-notes|lead-magnets|tofu|cycle-change-tracker;doctor-prep;pregnancy-question|spotting instead of period|notes worksheet|Notes worksheet for spotting near an expected period, negative or pending pregnancy-test context if relevant, timing, color, flow, pain, sex, birth-control changes, and when to ask care without diagnosing implantation bleeding or pregnancy|ACOG abnormal uterine bleeding; MedlinePlus vaginal bleeding between periods; DataForSEO spotting instead of period negative pregnancy test 1600 US searches; no pregnancy diagnosis|/resources/symptom-guides/spotting-vs-period;/resources/symptom-guides/spotting-before-period;/resources/symptom-guides/late-period-vs-pregnancy-symptoms;/free/abnormal-bleeding-log|consolidated-2026-07-06
Period flow timing practical tools|Long Period Bleeding Log|long-period-bleeding-log|lead-magnets|tofu|heavy-bleeding-tracker;cycle-change-tracker;doctor-prep|long period|bleeding log|Bleeding-duration log for periods that last longer than usual, full-flow days, spotting tail, clot notes, pain, fatigue, daily impact, and care questions without diagnosing fibroids, adenomyosis, perimenopause, or anemia|ACOG abnormal uterine bleeding; ACOG heavy menstrual bleeding; MedlinePlus abnormal uterine bleeding; DataForSEO long periods cluster; no diagnosis or treatment advice|/resources/symptom-guides/heavy-period-bleeding-causes;/resources/condition-guides/menorrhagia-heavy-periods-guide;/free/heavy-period-clot-tracker;/free/reproductive-visit-prep-kit;/resources/privacy-in-practice/protect-your-symptom-and-condition-data|consolidated-2026-07-06
Period flow timing practical tools|Period Won't Stop Visit Prep|period-wont-stop-visit-prep|lead-magnets|tofu|doctor-prep;heavy-bleeding-tracker;cycle-change-tracker|period won't stop|visit prep checklist|Visit-prep checklist for bleeding that keeps going or has a long light tail, with day count, flow level, clots, pain, dizziness or fatigue if present, medicines to mention, and questions for care without emergency triage scripts or treatment advice|ACOG abnormal uterine bleeding; MedlinePlus abnormal uterine bleeding; Office on Women's Health period problems; DataForSEO period won't stop but light 6600 US searches; no medical directive|/free/heavy-period-clot-tracker;/resources/condition-guides/irregular-periods-when-to-see-doctor;/resources/symptom-guides/heavy-period-bleeding-causes;/app-guides/floriva-for-gynecologist-prep|consolidated-2026-07-06
Period flow timing practical tools|Early Late Period Timing Log|early-late-period-timing-log|lead-magnets|tofu|cycle-change-tracker;doctor-prep;privacy-conscious-user|early period late period|timing log|Timing log for cycles that come early, late, or swing between both, with cycle length, bleeding duration, stress or illness context, ovulation notes if used, and visit questions without diagnosis or prediction guarantees|Office on Women's Health menstrual cycle range; Mayo Clinic menstrual cycle normal variation; existing late-period and irregular-period pages; no prediction guarantee|/resources/condition-guides/why-is-my-period-late;/resources/symptom-guides/period-twice-a-month;/resources/condition-guides/irregular-periods-causes;/resources/symptom-guides/maximum-days-period-can-be-late;/free/abnormal-bleeding-log|consolidated-2026-07-06
Period flow timing practical tools|Period Flow Change Data Privacy Checklist|period-flow-change-data-privacy-checklist|privacy-in-practice|mofu|privacy-conscious-user;cycle-change-tracker;doctor-prep|period flow change data privacy|privacy checklist|Checklist for storing and sharing period-flow change notes, spotting photos if any, pregnancy questions, birth-control context, full exports, portal messages, screenshots, backups, and shared-device access with data minimization|FTC Health Breach Notification Rule; HHS HIPAA consumer app context; ACOG abnormal uterine bleeding; no legal or privacy guarantees|/resources/guides/period-tracker-data-minimization-guide;/free/abnormal-bleeding-log;/free/heavy-period-clot-tracker;/free/reproductive-visit-prep-kit;/app-guides/floriva-for-gynecologist-prep|consolidated-2026-07-31
Travel work school period readiness practical tools|Period Emergency Kit Checklist|period-emergency-kit-checklist|lead-magnets|tofu|privacy-conscious-user;cycle-change-tracker;preparedness|period emergency kit|checklist|Printable checklist for building a small period kit for bag, car, desk, locker, or travel, with products, spare clothes, pain notes, disposal, refill dates, privacy-safe labels, and what not to overstore|DataForSEO period emergency kit 480 US searches; ACOG dysmenorrhea; TSA liquids if travel items are mentioned; no medical treatment advice|/free/period-leak-and-product-kit;/free/period-away-from-home-kit;/resources/privacy-in-practice/who-can-legally-get-your-period-data;/app-guides/floriva-for-gynecologist-prep|consolidated-2026-07-06
Travel work school period readiness practical tools|Period Travel Checklist|period-travel-checklist|lead-magnets|tofu|privacy-conscious-user;cycle-change-tracker;travel-planner|period travel checklist|travel checklist|Travel packing and timing worksheet for expected or possible bleeding while away from home, including period products, meds to ask a clinician about, TSA liquid reminders, bathroom access, laundry, backup plans, and privacy-light cycle notes|DataForSEO period on vacation 110 US searches; TSA medically necessary liquids; CDC Travelers Health; no delay-period or medication advice|/free/period-leak-and-product-kit;/free/period-away-from-home-kit;/resources/privacy-in-practice/who-can-legally-get-your-period-data;/resources/guides/period-tracker-data-minimization-guide|consolidated-2026-07-06
Travel work school period readiness practical tools|Period On Vacation Notes|period-on-vacation-notes|lead-magnets|tofu|cycle-change-tracker;travel-planner;privacy-conscious-user|period on vacation|notes worksheet|Vacation notes sheet for period timing, product access, bathroom access, swim or activity plans, cramps, bleeding changes, and what to keep out of shared photos, itineraries, calendars, and exports|DataForSEO period on vacation 110 US searches; CDC Travelers Health; ACOG dysmenorrhea if cramps are mentioned; no period delay or treatment advice|/free/period-away-from-home-kit;/free/period-leak-and-product-kit;/resources/privacy-in-practice/who-can-legally-get-your-period-data;/free/cycle-length-calculator-kit|consolidated-2026-07-06
Travel work school period readiness practical tools|Period On A Plane Notes|period-on-a-plane-notes|lead-magnets|tofu|cycle-change-tracker;travel-planner;privacy-conscious-user|period on a plane|flight notes|Flight-day notes and packing worksheet for period products, seat timing, bathroom planning, carry-on placement, TSA liquid rules, cramps, leaks, and privacy-safe travel notes without medical directives|DataForSEO period on a plane 50 US searches; TSA medically necessary liquids; CDC Travelers Health; no treatment or airline policy guarantee|/free/period-away-from-home-kit;/free/period-leak-and-product-kit;/resources/privacy-in-practice/who-can-legally-get-your-period-data;/free/period-pain-cramp-diary|consolidated-2026-07-06
Travel work school period readiness practical tools|Period Cramps At Work Log|period-cramps-at-work-log|lead-magnets|tofu|period-pain-tracker;work-school-planner;doctor-prep|period cramps at work|work log|Workday log for cramps during shifts, meetings, commute, bathroom access, heat or product needs, task impact, and care questions without treatment advice, legal advice, or accommodation guarantees|DataForSEO period cramps at work 90 US searches; ACOG dysmenorrhea; MedlinePlus period pain; no work-law or treatment advice|/free/premenstrual-symptom-tracker;/free/period-pain-cramp-diary;/free/period-leak-and-product-kit;/resources/privacy-in-practice/who-can-legally-get-your-period-data;/app-guides/floriva-for-gynecologist-prep|consolidated-2026-07-06
Travel work school period readiness practical tools|Period Kit For School Checklist|period-kit-for-school-checklist|lead-magnets|tofu|teen-period-tracker;school-planner;privacy-conscious-user|period kit for school|school checklist|School period kit checklist for locker, backpack, nurse-office questions, bathroom access, spare clothes, disposal, parent or trusted-adult notes, and privacy-safe labels without school-policy promises|DataForSEO period kit for school clickstream signal; ACOG dysmenorrhea; existing teen doctor visit sheet; no school legal guarantee|/free/reproductive-visit-prep-kit;/free/period-leak-and-product-kit;/resources/privacy-in-practice/period-tracking-privacy-for-teens-and-students;/resources/privacy-in-practice/who-can-legally-get-your-period-data|consolidated-2026-07-06
Travel work school period readiness practical tools|Period Product Refill Plan|period-product-refill-plan|lead-magnets|tofu|privacy-conscious-user;cycle-change-tracker;preparedness|period product refill plan|refill worksheet|Refill worksheet for pads, tampons, liners, cups, discs, pain-day supplies, spare underwear, bag or desk kits, and calendar reminders that avoid sharing sensitive cycle details|DataForSEO period emergency kit list 40 US searches; TSA liquids if travel-size items are mentioned; no product endorsement or medical advice|/free/period-leak-and-product-kit;/free/period-away-from-home-kit;/resources/privacy-in-practice/who-can-legally-get-your-period-data;/resources/guides/period-tracker-data-minimization-guide|consolidated-2026-07-06
Travel work school period readiness practical tools|Travel Period Data Privacy Checklist|travel-period-data-privacy-checklist|privacy-in-practice|mofu|privacy-conscious-user;travel-planner;cycle-change-tracker|period tracker travel privacy|privacy checklist|Checklist for reducing sensitive period, location, itinerary, calendar, photo, receipt, export, backup, and shared-device clues when tracking periods during travel, work, or school|FTC mobile health app best practices; HHS health apps HIPAA context; TSA travel source if packing data is referenced; no legal or privacy guarantee|/resources/guides/period-tracker-data-minimization-guide;/resources/privacy-in-practice/lock-down-period-data-on-your-phone;/free/period-away-from-home-kit;/app-guides/floriva-for-gynecologist-prep|consolidated-2026-07-31
Special event period readiness practical tools|Period On Wedding Day Plan|period-on-wedding-day-plan|lead-magnets|tofu|event-planner;cycle-change-tracker;privacy-conscious-user|period on wedding day|event plan|Wedding-day period plan for timing, outfit backup, bathroom access, product packing, cramps, photo privacy, helper notes, and what to keep out of shared planning tools without period-delay medication advice|DataForSEO period on wedding day 260 US searches; ACOG dysmenorrhea; FTC data minimization; no period-delay or product advice|/free/period-leak-and-product-kit;/free/period-away-from-home-kit;/resources/privacy-in-practice/protect-your-symptom-and-condition-data;/app-guides/floriva-for-gynecologist-prep|consolidated-2026-07-06
Special event period readiness practical tools|Period At Beach Checklist|period-at-beach-checklist|lead-magnets|tofu|event-planner;travel-planner;privacy-conscious-user|period at the beach|beach checklist|Beach-day checklist for period timing, bathroom access, product plan questions, dry clothes, trash, swim or no-swim choice, cramps, and private photo/location notes without product or swimming medical advice|DataForSEO period at the beach 140 US searches; CDC healthy swimming; ACOG dysmenorrhea; no product instructions|/free/period-away-from-home-kit;/resources/privacy-in-practice/protect-your-symptom-and-condition-data;/resources/privacy-in-practice/who-can-legally-get-your-period-data|consolidated-2026-07-06
Special event period readiness practical tools|Period At Water Park Notes|period-at-water-park-notes|lead-magnets|tofu|event-planner;travel-planner;teen-period-tracker|period at water park|water park notes|Water-park notes for bathroom distance, locker access, product plan questions, dry clothes, cramps, ride timing, group plan, and private location/photo notes without promising product fit or park rules|DataForSEO period at water park 20 US searches; CDC healthy swimming; CDC heat health if outdoor; no product or park policy guarantee|/free/period-away-from-home-kit;/free/period-leak-and-product-kit;/resources/privacy-in-practice/protect-your-symptom-and-condition-data|consolidated-2026-07-06
Special event period readiness practical tools|Period At Camp Checklist|period-at-camp-checklist|lead-magnets|tofu|teen-period-tracker;event-planner;privacy-conscious-user|period at camp|camp checklist|Camp period checklist for packing, cabin privacy, bathroom or shower distance, trusted adult, laundry, activity changes, cramps, product refills, and parent/teen sharing boundaries without camp policy promises|DataForSEO period at camp 70 US searches; CDC heat health for outdoor camp context; ACOG dysmenorrhea; no camp policy guarantee|/free/period-leak-and-product-kit;/resources/privacy-in-practice/period-tracking-privacy-for-teens-and-students;/resources/privacy-in-practice/protect-your-symptom-and-condition-data|consolidated-2026-07-06
Special event period readiness practical tools|Period At Music Festival Notes|period-at-music-festival-notes|lead-magnets|tofu|event-planner;travel-planner;privacy-conscious-user|period at music festival|festival notes|Festival notes for long lines, portable bathrooms, heat, product count, bag rules, cramps, group plans, screenshots, tickets, wristbands, and location/photo privacy without venue-policy or medical advice|DataForSEO period at music festival 10 US searches and period at festival 40; CDC heat health; ACOG dysmenorrhea; no venue policy guarantee|/free/period-leak-and-product-kit;/free/period-away-from-home-kit;/resources/privacy-in-practice/protect-your-symptom-and-condition-data;/resources/privacy-in-practice/who-can-legally-get-your-period-data|consolidated-2026-07-06
Special event period readiness practical tools|Period On Date Night Notes|period-on-date-night-notes|lead-magnets|tofu|event-planner;privacy-conscious-user;cycle-change-tracker|period on date night|date notes|Date-night notes for timing, outfit backup, product packing, cramps, bathroom access, what to share or not share, and private message/calendar wording without sex advice, consent advice, or pregnancy diagnosis|DataForSEO period on date night 10 US searches; ACOG dysmenorrhea; FTC data minimization; no sex or treatment advice|/free/period-leak-and-product-kit;/resources/guides/period-tracking-for-partners;/resources/privacy-in-practice/protect-your-symptom-and-condition-data;/resources/guides/period-tracker-data-minimization-guide|consolidated-2026-07-06
Special event period readiness practical tools|Period At School Dance Checklist|period-at-school-dance-checklist|lead-magnets|tofu|teen-period-tracker;school-planner;privacy-conscious-user|period at school dance|dance checklist|School dance checklist for outfit backup, bathroom access, supplies, trusted adult, photos, group chats, cramps, and ride-home plan without school-policy promises or product instructions|DataForSEO school dance/prom variants checked; ACOG dysmenorrhea; existing teen privacy content; no school policy guarantee|/free/period-leak-and-product-kit;/free/reproductive-visit-prep-kit;/resources/privacy-in-practice/period-tracking-privacy-for-teens-and-students;/resources/privacy-in-practice/protect-your-symptom-and-condition-data|consolidated-2026-07-06
Special event period readiness practical tools|Special Event Period Data Privacy Checklist|special-event-period-data-privacy-checklist|privacy-in-practice|mofu|privacy-conscious-user;event-planner;cycle-change-tracker|event period data privacy|privacy checklist|Checklist for reducing period, symptom, outfit, photo, ticket, calendar, group chat, location, export, backup, and shared-device clues around weddings, dances, dates, beaches, camps, festivals, and water parks|FTC mobile health app best practices; HHS health apps HIPAA context; CDC heat or swimming context if referenced; no legal or privacy guarantee|/resources/guides/period-tracker-data-minimization-guide;/resources/privacy-in-practice/who-can-legally-get-your-period-data;/free/period-away-from-home-kit|consolidated-2026-07-31
Period leaks stains and cleanup practical tools|Period Leak Cleanup Plan|period-leak-cleanup-plan|lead-magnets|tofu|privacy-conscious-user;preparedness;cycle-change-tracker|period leak|cleanup plan|Plain period leak cleanup plan for clothes, seats, sheets, bags, public bathrooms, what to pack, and what to write down without shame or product promises|DataForSEO period leak 320 US searches; ACI blood stain cold-water guidance; CDC heavy menstrual bleeding for repeated soak-through context; no product endorsement or medical advice|/free/period-leak-and-product-kit;/free/period-blood-stain-removal-guide;/resources/privacy-in-practice/lock-down-period-data-on-your-phone|consolidated-2026-07-06
Period leaks stains and cleanup practical tools|Period Blood Stain Removal Checklist|period-blood-stain-removal-checklist|lead-magnets|tofu|preparedness;privacy-conscious-user;laundry-planner|period stain removal|stain checklist|Checklist for handling fresh and dried period blood stains on washable fabric with cold water, label checks, enzyme pretreat, fabric-safe bleach choices, and what not to mix|DataForSEO period stain removal 480 US searches and stain remover for period blood 1600; American Cleaning Institute stain guide; CDC bleach safety; no guaranteed stain removal|/free/period-leak-and-product-kit;/free/period-blood-stain-removal-guide;/resources/privacy-in-practice/lock-down-period-data-on-your-phone|consolidated-2026-07-06
Period leaks stains and cleanup practical tools|Period Blood On Sheets Laundry Guide|period-blood-on-sheets-laundry-guide|lead-magnets|tofu|laundry-planner;preparedness;privacy-conscious-user|how to get period blood out of sheets|laundry guide|Laundry guide for period blood on sheets with fresh stain steps, dried stain steps, shared-laundry privacy notes, fabric-label checks, and a reset plan for next cycle|DataForSEO how to get period blood out of sheets 2400 US searches; ACI blood stain guidance; ACI cold water guidance; no fabric outcome guarantee|/free/period-blood-stain-removal-guide;/free/period-leak-and-product-kit;/resources/privacy-in-practice/lock-down-period-data-on-your-phone|consolidated-2026-07-06
Period leaks stains and cleanup practical tools|Period Blood On Mattress Notes|period-blood-on-mattress-notes|lead-magnets|tofu|laundry-planner;preparedness;privacy-conscious-user|period blood on mattress|cleanup notes|Notes for handling period blood on a mattress with blotting, label checks, cleaner safety, drying notes, cover reset, and when repeated overnight leaks may need tracking|DataForSEO period blood on mattress 90 US searches and remove period blood from mattress 110; ACI blood stain guidance; CDC bleach safety; no mattress-cleaning guarantee|/free/period-blood-stain-removal-guide;/free/period-leak-and-product-kit;/app-guides/floriva-for-gynecologist-prep|consolidated-2026-07-06
Period leaks stains and cleanup practical tools|Period Leak At School Plan|period-leak-at-school-plan|lead-magnets|tofu|teen-period-tracker;school-planner;privacy-conscious-user|period leak at school|school plan|School leak plan for bathroom access, spare clothes, trusted adult, locker or backpack kit, stain handling, ride-home notes, and private wording without school-policy promises|DataForSEO period leak at school and period accident at school informational intent; ACI blood stain guidance; existing teen privacy sources; no school policy guarantee|/free/period-leak-and-product-kit;/free/period-blood-stain-removal-guide;/free/period-away-from-home-kit;/resources/privacy-in-practice/period-tracking-privacy-for-teens-and-students|consolidated-2026-07-06
Period leaks stains and cleanup practical tools|Period Leak At Work Plan|period-leak-at-work-plan|lead-magnets|tofu|work-school-planner;privacy-conscious-user;preparedness|period leak at work|work plan|Workday leak plan for bathroom access, spare layer, desk kit, commute, cleanup wording, meeting coverage, and private notes without employment-law or accommodation guarantees|DataForSEO period leak at work 10 US searches; ACI blood stain guidance; existing workplace privacy page; no work-law guarantee|/free/period-pain-cramp-diary;/free/premenstrual-symptom-tracker;/free/period-leak-and-product-kit;/free/period-blood-stain-removal-guide;/resources/privacy-in-practice/who-can-legally-get-your-period-data|consolidated-2026-07-06
Period leaks stains and cleanup practical tools|Overnight Period Leak Log|overnight-period-leak-log|lead-magnets|mofu|heavy-bleeding;cycle-change-tracker;doctor-prep|period leak overnight|overnight log|Overnight leak log for bedtime product timing, wake-ups, sheet or mattress stains, flow notes, pain, clots, fatigue, and clinician questions without diagnosing heavy bleeding|DataForSEO period leak overnight informational intent; CDC heavy menstrual bleeding signs; ACOG heavy menstrual bleeding if used; no diagnosis or treatment advice|/free/heavy-period-clot-tracker;/free/period-blood-stain-removal-guide;/app-guides/floriva-for-gynecologist-prep|consolidated-2026-07-06
Period leaks stains and cleanup practical tools|Period Leak Photo Location Privacy Checklist|period-leak-photo-location-privacy-checklist|privacy-in-practice|mofu|privacy-conscious-user;preparedness;teen-period-tracker|period leak privacy|privacy checklist|Privacy checklist for period leak cleanup photos, shared albums, school or work messages, location tags, receipts, laundry apps, backups, and short local notes without privacy or legal guarantees|FTC mobile health app best practices; HHS health apps HIPAA context; CDC or ACI cleanup context if referenced; no legal or privacy guarantee|/resources/guides/period-tracker-data-minimization-guide;/resources/privacy-in-practice/protect-your-symptom-and-condition-data;/resources/privacy-in-practice/who-can-legally-get-your-period-data;/free/period-leak-and-product-kit;/free/period-blood-stain-removal-guide|consolidated-2026-07-31
Product-specific period leak troubleshooting tools|Menstrual Disc Leak Notes|menstrual-disc-leak-notes|lead-magnets|tofu|period-product-planner;cycle-change-tracker;privacy-conscious-user|menstrual disc leaking|notes worksheet|Notes sheet for menstrual disc leaks with timing, activity, bathroom access, backup layer, product label questions, pain or discomfort notes, and what to ask without insertion instructions or product advice|DataForSEO menstrual disc leaking 390 US searches and why does my menstrual disc leak 70; FDA menstrual products guidance; no insertion instructions or product recommendation|/free/period-leak-and-product-kit;/resources/privacy-in-practice/protect-your-symptom-and-condition-data;/resources/privacy-in-practice/lock-down-period-data-on-your-phone|consolidated-2026-07-06
Product-specific period leak troubleshooting tools|Tampon Leak Log|tampon-leak-log|lead-magnets|tofu|period-product-planner;cycle-change-tracker;doctor-prep|tampon leaking|leak log|No-advice tampon leak log for timing, flow, change interval, backup layer, activity, discomfort, product label questions, and care discussion notes without absorbency recommendations or TSS instructions|DataForSEO tampon leaking 260 US searches and why does my tampon leak 170; FDA tampon safety; CDC heavy menstrual bleeding context; no product or medical advice|/free/period-leak-and-product-kit;/free/heavy-period-clot-tracker;/app-guides/floriva-for-gynecologist-prep|consolidated-2026-07-06
Product-specific period leak troubleshooting tools|Pad Leak And Shift Log|pad-leak-and-shift-log|lead-magnets|tofu|period-product-planner;teen-period-tracker;preparedness|pad leaks|shift log|Pad leak and shift log for timing, movement, underwear fit notes, backup layer, school or work context, stain cleanup, and label questions without product ranking or body-shaming copy|DataForSEO pad leaks and why does my pad leak checked; FDA menstrual products guidance; ACI stain cleanup if referenced; no product recommendation|/free/period-leak-and-product-kit;/free/period-blood-stain-removal-guide;/resources/privacy-in-practice/protect-your-symptom-and-condition-data|consolidated-2026-07-06
Product-specific period leak troubleshooting tools|Period Underwear Leak Notes|period-underwear-leak-notes|lead-magnets|tofu|period-product-planner;laundry-planner;privacy-conscious-user|period underwear leaking|notes worksheet|Period underwear leak notes for timing, flow, laundry timing, backup layer, fit comfort, care-label questions, and repeat patterns without brand claims, absorbency promises, or product advice|DataForSEO period underwear leaking 10 US searches with high commercial competition; ACI stain guidance; CDC heavy bleeding context; no brand or product recommendation|/free/period-leak-and-product-kit;/free/period-blood-stain-removal-guide;/resources/privacy-in-practice/protect-your-symptom-and-condition-data|consolidated-2026-07-06
Product-specific period leak troubleshooting tools|Period Product Leak Comparison Sheet|period-product-leak-comparison-sheet|lead-magnets|tofu|period-product-planner;cycle-change-tracker;doctor-prep|period product leaks|comparison worksheet|Comparison sheet for pads, tampons, cups, discs, and period underwear leak patterns with timing, backup layers, discomfort, flow context, and questions for product labels or care without choosing a product for the reader|DataForSEO tampon leaks and menstrual disc leaking; FDA menstrual products guidance; CDC heavy bleeding context; no product recommendation or medical advice|/free/period-leak-and-product-kit;/resources/privacy-in-practice/protect-your-symptom-and-condition-data;/resources/privacy-in-practice/lock-down-period-data-on-your-phone|consolidated-2026-07-06
Product-specific period leak troubleshooting tools|Public Bathroom Period Product Change Plan|public-bathroom-period-product-change-plan|lead-magnets|tofu|period-product-planner;travel-planner;privacy-conscious-user|change period product in public bathroom|planning sheet|Public-bathroom product-change plan for supplies, disposal, handwashing, bag privacy, backup layer, timing, travel/work/school context, and private notes without product-use instructions or venue promises|CDC handwashing; FDA menstrual product context; existing travel/work/school pages; no product-use instructions or venue guarantee|/free/period-away-from-home-kit;/free/period-leak-and-product-kit;/resources/privacy-in-practice/protect-your-symptom-and-condition-data|consolidated-2026-07-06
Product-specific period leak troubleshooting tools|Period Product Backup Layer Planner|period-product-backup-layer-planner|lead-magnets|tofu|preparedness;period-product-planner;privacy-conscious-user|period backup layer|planner|Planner for choosing and restocking backup layers like liners, period underwear, spare underwear, dark layer, towel, or pouch by context without promising leak prevention or recommending products|DataForSEO product leak cluster; CDC heavy bleeding context if repeated soak-through is mentioned; no product endorsement or leak-prevention guarantee|/free/period-leak-and-product-kit;/resources/privacy-in-practice/protect-your-symptom-and-condition-data;/resources/privacy-in-practice/lock-down-period-data-on-your-phone|consolidated-2026-07-06
Product-specific period leak troubleshooting tools|Reusable Period Product Data Privacy Checklist|reusable-period-product-data-privacy-checklist|privacy-in-practice|mofu|privacy-conscious-user;period-product-planner;data-sensitive|reusable period product privacy|privacy checklist|Privacy checklist for reusable product notes, wash logs, product photos, receipts, subscription accounts, stain photos, bathroom notes, exports, backups, and local notes without legal or privacy guarantees|FTC mobile health app best practices; HHS health apps HIPAA context; ACI cleanup context if laundry is mentioned; no legal or privacy guarantee|/resources/guides/period-tracker-data-minimization-guide;/resources/privacy-in-practice/protect-your-symptom-and-condition-data;/resources/privacy-in-practice/lock-down-period-data-on-your-phone;/free/period-leak-and-product-kit|consolidated-2026-07-31
Period movement and workout planning tools|Period Workout Intensity Planner|period-workout-intensity-planner|lead-magnets|tofu|active-cycle-tracker;athlete;cycle-change-tracker|period workouts|planner|Plain workout intensity planner for period days with energy, cramps, flow, sleep, planned movement, lower-effort options, and rest notes without fitness promises or medical advice|DataForSEO period workouts and period workout about 2,900 US searches; CDC adult physical activity guidance; ACOG painful periods notes exercise as a self-care option; no prescribed workout or outcome promise|/resources/wellness-guides/exercise-during-period;/resources/wellness-guides/exercise-by-cycle-phase;/free/cycle-syncing-food-workout-planner;/free/period-leak-and-product-kit;/resources/privacy-in-practice/lock-down-period-data-on-your-phone|consolidated-2026-07-06
Period movement and workout planning tools|Exercise During Period Symptom Log|exercise-during-period-symptom-log|lead-magnets|tofu|active-cycle-tracker;doctor-prep;cycle-change-tracker|during period exercise|symptom log|Symptom log for exercise during period days with cramps, flow, fatigue, dizziness, leaks, product comfort, workout type, and what to ask without prescribing activity or diagnosing symptoms|DataForSEO during period exercise about 1,000 US searches; ACOG painful periods; CDC heavy menstrual bleeding context if repeated soak-through or dizziness is mentioned; no diagnosis or fitness advice|/free/cycle-syncing-food-workout-planner;/free/period-pain-cramp-diary;/free/period-leak-and-product-kit;/free/heavy-period-clot-tracker;/app-guides/floriva-for-gynecologist-prep|consolidated-2026-07-06
Period movement and workout planning tools|Running On Period Notes|running-on-period-notes|lead-magnets|tofu|active-cycle-tracker;runner;privacy-conscious-user|running on period|notes worksheet|Running-on-period notes for route length, cramps, flow, leaks, bathroom access, product comfort, heat, pace feel, and low-detail tracking without training advice or performance claims|DataForSEO period workout cluster and running-related clickstream signal; CDC physical activity basics; CDC heat health for outdoor heat context; no training prescription or performance promise|/free/cycle-syncing-food-workout-planner;/free/period-leak-and-product-kit;/resources/privacy-in-practice/lock-down-period-data-on-your-phone|consolidated-2026-07-06
Period movement and workout planning tools|Gym Period Kit Checklist|gym-period-kit-checklist|lead-magnets|tofu|active-cycle-tracker;period-product-planner;preparedness|period gym|checklist|Gym period kit checklist for lockers, bags, spare clothes, products, leak cleanup, shower privacy, low-detail reminders, and restock notes without product recommendations or venue promises|DataForSEO period gym and period workout cluster; CDC handwashing; existing leak/product refill pages; no product-use instructions or gym policy claims|/free/period-leak-and-product-kit;/free/period-blood-stain-removal-guide;/resources/privacy-in-practice/lock-down-period-data-on-your-phone|consolidated-2026-07-06
Period movement and workout planning tools|Sports Practice Period Plan|sports-practice-period-plan|lead-magnets|tofu|teen-period-tracker;athlete;preparedness|period sports|practice plan|Sports-practice period plan for school teams, club sports, uniforms, bathroom timing, backup layers, coach wording, leaks, pain notes, and privacy without promising participation, safety, or accommodations|DataForSEO period sports cluster; CDC physical activity basics; ACOG painful periods; no school/team policy guarantee or medical advice|/free/period-away-from-home-kit;/free/period-leak-and-product-kit;/free/cycle-syncing-food-workout-planner;/resources/privacy-in-practice/period-tracking-privacy-for-teens-and-students|consolidated-2026-07-06
Period movement and workout planning tools|Swimming On Period Plan|swimming-on-period-plan|lead-magnets|tofu|active-cycle-tracker;traveler;period-product-planner|on your period and swimming|planning sheet|Swimming-on-period planning sheet for pool or open-water days, products the reader already uses, backup clothes, bathroom access, wet bag, swimwear notes, and privacy without product ranking or leak-free claims|DataForSEO on your period and swimming about 1,000 US searches and period cup swimming about 9,900; CDC healthy swimming and public bathroom/handwashing context; no swimwear endorsement or leak-proof claim|/free/period-away-from-home-kit;/free/period-leak-and-product-kit;/resources/privacy-in-practice/lock-down-period-data-on-your-phone|consolidated-2026-07-06
Period movement and workout planning tools|Period Cramps After Workout Log|period-cramps-after-workout-log|lead-magnets|tofu|active-cycle-tracker;doctor-prep;cycle-change-tracker|period like cramps after workout|symptom log|Post-workout cramp log for timing, period day, movement type, intensity feel, hydration, heat, pain location, bleeding, and care questions without diagnosing cramps or prescribing exercise|DataForSEO period like cramps after workout clickstream signal; ACOG painful periods and dysmenorrhea context; CDC heat health if heat is referenced; no diagnosis or treatment advice|/free/cycle-syncing-food-workout-planner;/free/period-pain-cramp-diary;/free/heavy-period-clot-tracker;/app-guides/floriva-for-gynecologist-prep|consolidated-2026-07-06
Period movement and workout planning tools|Fitness App Period Data Privacy Checklist|fitness-app-period-data-privacy-checklist|privacy-in-practice|mofu|privacy-conscious-user;active-cycle-tracker;wearable-user|fitness app period data privacy|privacy checklist|Privacy checklist for fitness apps, wearables, workout logs, cycle tags, location routes, heart-rate data, screenshots, shared accounts, exports, and low-detail period notes without legal or privacy guarantees|FTC mobile health app best practices; HHS health apps/HIPAA context; Health Connect/Apple Health existing source context; no legal or privacy guarantee|/resources/privacy-in-practice/lock-down-period-data-on-your-phone;/resources/privacy-in-practice/protect-your-symptom-and-condition-data;/resources/guides/period-tracker-data-minimization-guide;/free/period-away-from-home-kit|consolidated-2026-07-31
College and dorm period planning tools|College Period Packing List|college-period-packing-list|lead-magnets|tofu|college-student;period-product-planner;privacy-conscious-user|college packing list|packing checklist|College packing list add-on for period supplies, bathroom access, laundry, backup clothes, product refills, campus health notes, and private app/calendar labels without product rankings|CDC clean hands; FTC mobile health app best practices; HHS health-app context; no campus policy or privacy guarantees|/free/period-leak-and-product-kit;/resources/privacy-in-practice/period-tracking-privacy-for-teens-and-students;/resources/privacy-in-practice/protect-your-symptom-and-condition-data|consolidated-2026-07-06
College and dorm period planning tools|Dorm Period Kit Checklist|dorm-period-kit-checklist|lead-magnets|tofu|college-student;shared-bathroom-user;period-product-planner|dorm room essentials|dorm kit checklist|Dorm-room period kit checklist for products already used, bathroom caddy, laundry bag, backup layers, night setup, refill points, and low-detail reminders without telling users what to buy|CDC clean hands; CDC hand sanitizer facts; FTC mobile health app best practices; no product endorsements|/free/period-at-college-dorm-kit;/free/period-leak-and-product-kit;/resources/privacy-in-practice/period-tracking-privacy-for-teens-and-students|consolidated-2026-07-06
College and dorm period planning tools|Shared Bathroom Period Plan|shared-bathroom-period-plan|lead-magnets|tofu|college-student;shared-bathroom-user;privacy-conscious-user|dorm shower caddy|shared bathroom plan|Shared bathroom period plan for caddy setup, stall supplies, wrapper or bag notes, handwashing, timing, privacy, and cleanup without promising bathroom privacy|CDC clean hands; CDC hand sanitizer facts; FTC mobile health app best practices; no dorm rule claims|/free/period-leak-and-product-kit;/free/period-at-college-dorm-kit;/resources/privacy-in-practice/period-tracking-privacy-for-teens-and-students|consolidated-2026-07-06
College and dorm period planning tools|Dorm Laundry Period Stain Plan|dorm-laundry-period-stain-plan|lead-magnets|tofu|college-student;shared-laundry-user;period-product-planner|dorm laundry bag|laundry plan worksheet|Dorm laundry stain plan for sheets, underwear, period clothes, laundry timing, care labels, transport bag, and low-detail notes without guaranteeing stain removal|American Cleaning Institute stain guide; CDC facility cleaning and laundry hygiene; no product endorsements or stain guarantees|/free/period-leak-and-product-kit;/free/period-blood-stain-removal-guide;/resources/privacy-in-practice/period-tracking-privacy-for-teens-and-students|consolidated-2026-07-06
College and dorm period planning tools|Roommate Period Boundary Script|roommate-period-boundary-script|lead-magnets|tofu|college-student;roommate;privacy-conscious-user|roommate boundaries|script worksheet|Plain roommate scripts for supplies, bathroom time, shared trash, shared laundry, pain days, low-detail help, and private notes without legal or housing-policy promises|FTC mobile health app best practices; HHS health-app context; no housing policy guarantees|/free/period-at-college-dorm-kit;/resources/privacy-in-practice/lock-down-period-data-on-your-phone;/resources/privacy-in-practice/period-tracking-privacy-for-teens-and-students;/resources/guides/period-tracker-data-minimization-guide|consolidated-2026-07-06
College and dorm period planning tools|College Move-In Period Health Checklist|college-move-in-period-health-checklist|lead-magnets|tofu|college-student;doctor-prep;teen-period-tracker|college move in checklist|health checklist|Move-in health checklist for period history, heavy bleeding notes, cramps, products, prescriptions or care contacts if relevant, campus health questions, and private exports without medical advice|ACOG menstruation as vital sign; CDC heavy menstrual bleeding; CDC clean hands; no diagnosis or care-access guarantee|/free/first-period-starter-kit;/free/reproductive-visit-prep-kit;/free/heavy-period-clot-tracker;/free/abnormal-bleeding-log;/app-guides/floriva-for-gynecologist-prep|consolidated-2026-07-06
College and dorm period planning tools|Campus Period Product Refill Plan|campus-period-product-refill-plan|lead-magnets|tofu|college-student;period-product-planner;preparedness|period product refill plan|refill planner|Campus refill map for products already used, dorm stash, backpack stash, campus store or pharmacy notes, laundry timing, emergency kit, and private labels without purchase recommendations|CDC clean hands; FTC mobile health app best practices; no product ranking or availability promises|/free/period-leak-and-product-kit;/free/period-at-college-dorm-kit;/resources/privacy-in-practice/protect-your-symptom-and-condition-data|consolidated-2026-07-06
College and dorm period planning tools|Campus Period Data Privacy Checklist|campus-period-data-privacy-checklist|privacy-in-practice|mofu|college-student;privacy-conscious-user;shared-device-user|period app privacy college|privacy checklist|Campus privacy checklist for period notes across phones, shared devices, calendars, school systems if used, photos, receipts, backups, roommate messages, and exports without legal guarantees|FTC mobile health app best practices; HHS health-app context; existing data minimization guide; no legal or privacy guarantees|/resources/guides/period-tracker-data-minimization-guide;/resources/privacy-in-practice/lock-down-period-data-on-your-phone;/free/period-at-college-dorm-kit|consolidated-2026-07-31
Care record and portal privacy tools|Patient Portal Period Data Privacy Checklist|patient-portal-period-data-privacy-checklist|privacy-in-practice|mofu|privacy-conscious-user;doctor-prep;post-roe-tracker|patient portal privacy|privacy checklist|Checklist for period details in patient portals including symptoms, messages, attachments, downloads, proxy access, notifications, screenshots, and backups without legal or privacy guarantees|DataForSEO MyChart proxy access 390 US searches and patient portal/privacy cluster; HHS HIPAA rights and privacy-rule summaries; HHS notice of privacy practices; FTC mobile health app best practices; no legal or privacy guarantee|/resources/privacy-in-practice/your-medical-records-and-period-data;/resources/guides/period-tracker-data-minimization-guide;/app-guides/floriva-for-gynecologist-prep|consolidated-2026-07-31
Care record and portal privacy tools|After-Visit Summary Period Data Checklist|after-visit-summary-period-data-checklist|privacy-in-practice|mofu|privacy-conscious-user;doctor-prep;post-roe-tracker|after visit summary privacy|privacy checklist|Post-visit checklist for period details in after-visit summaries, visit notes, care plans, attachments, downloads, proxy access, screenshots, and backups without record-change promises|HHS HIPAA rights and privacy-rule summaries; HHS notice of privacy practices; FTC mobile health app best practices; patient portal sibling page; no legal advice or privacy guarantee|/resources/privacy-in-practice/your-medical-records-and-period-data;/resources/guides/period-tracker-data-minimization-guide;/resources/guides/period-tracker-hipaa|consolidated-2026-07-31
Care record and portal privacy tools|MyChart Proxy Access Period Privacy Checklist|mychart-proxy-access-period-privacy-checklist|privacy-in-practice|mofu|privacy-conscious-user;teen-period-tracker;parent-helper;doctor-prep|mychart proxy access|privacy checklist|Proxy-access checklist for MyChart or other patient portals covering family access, parent access, messages, visit notes, test results, attachments, alerts, and low-detail questions without product-specific portal claims|DataForSEO MyChart proxy access 390 US searches; HHS family access and personal-representative guidance; FTC mobile health app best practices; state and clinic rules vary|/resources/privacy-in-practice/your-medical-records-and-period-data;/resources/privacy-in-practice/lock-down-period-data-on-your-phone;/resources/privacy-in-practice/period-tracking-privacy-for-teens-and-students;/app-guides/floriva-for-teens|consolidated-2026-07-31
Care record and portal privacy tools|Teen Patient Portal Period Privacy Checklist|teen-patient-portal-period-privacy-checklist|privacy-in-practice|mofu|teen-period-tracker;parent-helper;privacy-conscious-user;doctor-prep|teen patient portal privacy|privacy checklist|Teen and parent checklist for patient portal period privacy, proxy access, family accounts, messages, alerts, visit notes, shared devices, and private contact questions without legal or medical advice|HHS family access and personal-representative guidance; FTC mobile health app best practices; state, age, care-type, and clinic rules vary; no privacy guarantee|/resources/privacy-in-practice/your-medical-records-and-period-data;/resources/privacy-in-practice/period-tracking-privacy-for-teens-and-students;/resources/privacy-in-practice/lock-down-period-data-on-your-phone;/app-guides/floriva-for-teens|consolidated-2026-07-31
Care record and portal privacy tools|Insurance EOB Reproductive Health Privacy Checklist|insurance-eob-reproductive-health-privacy-checklist|privacy-in-practice|mofu|privacy-conscious-user;insurance-user;doctor-prep|explanation of benefits privacy|privacy checklist|Checklist for reproductive health paper trails in EOBs, insurance portals, clinic portals, lab claims, pharmacy records, mail, email, downloads, screenshots, and app notes without state-specific confidentiality claims|DataForSEO explanation of benefits privacy informational intent; HHS HIPAA consumer rights, privacy rule, and treatment/payment/operations guidance; FTC mobile health app best practices; no legal advice|/resources/guides/insurance-reproductive-data;/free/reproductive-visit-prep-kit;/resources/privacy-in-practice/your-medical-records-and-period-data;/resources/guides/period-tracker-data-minimization-guide|consolidated-2026-07-31
Care record and portal privacy tools|Reproductive Health Insurance Paper Trail Map|reproductive-health-insurance-paper-trail-map|lead-magnets|mofu|privacy-conscious-user;insurance-user;data-sensitive|reproductive health insurance privacy|worksheet|Worksheet for mapping insurance claims, EOBs, clinic portals, lab records, pharmacy records, mail, email, files, screenshots, and app notes after reproductive health care without promising private delivery or claim suppression|HHS HIPAA consumer rights, privacy rule, and treatment/payment/operations guidance; FTC mobile health app best practices; sibling EOB checklist; no legal advice|/resources/privacy-in-practice/your-medical-records-and-period-data;/resources/guides/insurance-reproductive-data;/resources/guides/period-tracker-data-minimization-guide|consolidated-2026-07-06
Care record and portal privacy tools|Lab Results Period Data Privacy Checklist|lab-results-period-data-privacy-checklist|privacy-in-practice|mofu|privacy-conscious-user;doctor-prep;portal-user|lab results privacy|privacy checklist|Checklist for lab-result privacy around test names, portal labels, PDFs, visit notes, billing, insurance, emails, texts, family accounts, and app notes without interpreting results or giving care advice|DataForSEO lab results privacy cluster; HHS right-of-access lab-result guidance; HHS HIPAA consumer rights and privacy-rule summary; FTC mobile health app best practices; no medical advice|/free/period-app-privacy-audit-kit;/resources/privacy-in-practice/your-medical-records-and-period-data;/resources/guides/period-tracker-data-minimization-guide;/app-guides/floriva-for-gynecologist-prep|consolidated-2026-07-31
Care record and portal privacy tools|Pharmacy Reproductive Health Privacy Checklist|pharmacy-reproductive-health-privacy-checklist|lead-magnets|mofu|privacy-conscious-user;pharmacy-user;doctor-prep|pharmacy records privacy|privacy checklist|Checklist for pharmacy apps, prescription names, refill reminders, receipts, texts, emails, family accounts, insurance records, and low-detail app notes without medication advice|DataForSEO prescription privacy and pharmacy record privacy informational intent; HHS HIPAA consumer rights, privacy-rule, and electronic medication-data context; FTC mobile health app best practices; no medication advice|/resources/privacy-in-practice/your-medical-records-and-period-data;/resources/guides/period-tracker-data-minimization-guide;/app-guides/floriva-for-gynecologist-prep|consolidated-2026-07-06
Personal health record and printable tracker templates|Personal Cycle Health Record Template|personal-cycle-health-record-template|lead-magnets|tofu|cycle-change-tracker;privacy-conscious-user;doctor-prep|health history form template|printable worksheet|Printable personal cycle health record for period dates, symptoms, flow, medicines, allergies, tests, care contacts, privacy notes, and one-page visit summaries without replacing medical records|DataForSEO health history form template 480 US searches and health journal template 90; MedlinePlus personal health records and doctor prep; HHS HIPAA rights; FTC mobile health app best practices; no medical or privacy guarantee|/free/personal-cycle-health-record;/free/first-period-starter-kit;/free/period-app-privacy-audit-kit;/resources/guides/period-tracker-data-minimization-guide;/app-guides/floriva-for-gynecologist-prep|consolidated-2026-07-06
Personal health record and printable tracker templates|Period Symptom Tracker Printable|period-symptom-tracker-printable|lead-magnets|tofu|cycle-change-tracker;privacy-conscious-user;doctor-prep|period tracker printable|printable worksheet|Printable period symptom tracker for cycle dates, flow, pain, symptoms, medicine notes, private-note choices, and one-page visit summaries without diagnosis claims|DataForSEO period tracker printable 260 US searches and symptom tracker template 210; MedlinePlus personal health records and doctor prep; HHS HIPAA rights; FTC mobile health app best practices; no diagnosis|/free/personal-cycle-health-record;/free/first-period-starter-kit;/free/period-app-privacy-audit-kit;/free/abnormal-bleeding-log;/app-guides/floriva-for-gynecologist-prep|consolidated-2026-07-06
Personal health record and printable tracker templates|Doctor Appointment Notes Template for Periods|doctor-appointment-notes-template-periods|lead-magnets|tofu|doctor-prep;privacy-conscious-user;cycle-change-tracker|doctor appointment notes template|notes template|Before-during-after appointment notes template for period visits, medicine lists, questions, private-note boundaries, and after-visit follow-up without medical advice|DataForSEO doctor appointment notes template clickstream historical demand; MedlinePlus doctor prep and personal health records; HHS HIPAA rights; no medical advice|/free/personal-cycle-health-record;/free/reproductive-visit-prep-kit;/resources/privacy-in-practice/your-medical-records-and-period-data;/app-guides/floriva-for-gynecologist-prep|consolidated-2026-07-06
Personal health record and printable tracker templates|Medication and Cycle Notes List|medication-and-cycle-notes-list|lead-magnets|tofu|doctor-prep;pharmacy-user;privacy-conscious-user|medication tracker printable|medication list worksheet|Medication and cycle notes list for medicines, vitamins, supplements, refill questions, side effects, timing, and privacy notes without medication or dosing advice|DataForSEO medication tracker printable 320 US searches; CDC medication safety; MedlinePlus doctor prep and personal health records; HHS HIPAA rights; no medication advice|/free/personal-cycle-health-record;/free/reproductive-visit-prep-kit;/free/period-app-privacy-audit-kit;/resources/guides/period-tracker-data-minimization-guide|consolidated-2026-07-06
Personal health record and printable tracker templates|Sleep Diary Period Template|sleep-diary-period-template|lead-magnets|tofu|sleep-tracker;cycle-change-tracker;doctor-prep;privacy-conscious-user|sleep diary template|diary template|Sleep diary that puts bedtime, wake time, wake-ups, sleepiness, period day, cramps, bleeding, night sweats, context notes, and clinician questions in one printable template without diagnosing sleep problems|DataForSEO sleep diary template 720 US searches; NHLBI sleep diary and sleep-apnea diagnosis context; MedlinePlus doctor prep; no diagnosis or treatment advice|/free/period-sleep-log;/resources/privacy-in-practice/protect-your-symptom-and-condition-data;/free/cycle-syncing-food-workout-planner;/app-guides/floriva-for-gynecologist-prep|consolidated-2026-07-06
Personal health record and printable tracker templates|Food and Cycle Symptom Diary|food-and-cycle-symptom-diary|lead-magnets|tofu|digestive-symptom-tracker;cycle-change-tracker;doctor-prep;privacy-conscious-user|food symptom diary template|diary template|Food and cycle symptom diary for broad meal notes, bowel changes, cramps, bloating, timing, private details, and care questions without diet advice or cause claims|DataForSEO food symptom diary template low-competition informational demand; NIDDK IBS facts and food diary context; MedlinePlus doctor prep; no diet advice or causation claims|/free/premenstrual-symptom-tracker;/resources/privacy-in-practice/protect-your-symptom-and-condition-data;/free/period-sleep-log;/app-guides/floriva-for-gynecologist-prep|consolidated-2026-07-06
Personal health record and printable tracker templates|Period Pain Diary Template|period-pain-diary-template|lead-magnets|mofu|period-pain-tracker;doctor-prep;privacy-conscious-user|pain diary template|diary template|Period pain diary for pain location, timing, score, bleeding, bowel or bladder notes, medicine notes, visit questions, and privacy checks without diagnosis or care advice|DataForSEO symptom tracker template and printable tracker cluster; MedlinePlus doctor prep and personal health records; HHS HIPAA rights; FTC mobile health app best practices; no diagnosis or medical advice|/resources/privacy-in-practice/lock-down-period-data-on-your-phone;/free/period-pain-cramp-diary;/resources/privacy-in-practice/protect-your-symptom-and-condition-data;/resources/guides/period-tracker-data-minimization-guide|consolidated-2026-07-06
Personal health record and printable tracker templates|Printable Health Template Privacy Checklist|printable-health-template-privacy-checklist|privacy-in-practice|mofu|privacy-conscious-user;doctor-prep;period-pain-tracker|printable health template privacy|privacy checklist|Privacy checklist for printable health templates, PDFs, downloads, screenshots, printer history, shared folders, bags, desks, file names, and smallest-useful-copy choices without legal or privacy guarantees|MedlinePlus doctor prep and personal health records; HHS HIPAA rights; FTC mobile health app best practices; no legal, privacy, or medical promises|/free/period-pain-cramp-diary;/resources/privacy-in-practice/protect-your-symptom-and-condition-data;/resources/guides/period-tracker-data-minimization-guide|consolidated-2026-07-31
Late and missed period context tools|Late Period Context Log|late-period-context-log|lead-magnets|tofu|cycle-change-tracker;doctor-prep;privacy-conscious-user|late period tracker|tracking worksheet|Worksheet for expected period date, bleeding, spotting, pregnancy-test context if relevant, stress, illness, travel, medicine changes, exercise, weight or appetite changes, sleep, and care questions without naming the cause or pregnancy status|DataForSEO late period tracker 210 US searches; can stress delay your period 5400; OWH period problems and pregnancy tests; MedlinePlus absent periods and doctor prep; NHS missed or late periods; no diagnosis or reassurance|/resources/condition-guides/why-is-my-period-late;/resources/symptom-guides/late-period-vs-pregnancy-symptoms;/free/cycle-length-calculator-kit;/free/late-missed-period-log;/resources/guides/period-tracker-data-minimization-guide|consolidated-2026-07-06
Late and missed period context tools|Stress and Missed Period Notes|stress-missed-period-notes|lead-magnets|tofu|cycle-change-tracker;stress-tracker;doctor-prep;privacy-conscious-user|can stress delay your period|notes worksheet|Notes worksheet for stress timing, sleep, meals, illness, cycle dates, late or missed period timing, pregnancy-test context if relevant, and care questions without treating stress as proof of cause|DataForSEO can stress delay your period 5400 US searches and missed period stress 2900; OWH period problems; NHS missed or late periods; MedlinePlus absent periods and doctor prep; no pregnancy diagnosis|/free/late-missed-period-log;/resources/condition-guides/why-is-my-period-late;/resources/symptom-guides/late-period-vs-pregnancy-symptoms;/free/cycle-length-calculator-kit;/app-guides/floriva-for-gynecologist-prep|consolidated-2026-07-06
Late and missed period context tools|Negative Pregnancy Test Late Period Questions|negative-pregnancy-test-late-period-questions|lead-magnets|tofu|pregnancy-question;cycle-change-tracker;doctor-prep;privacy-conscious-user|late period but negative pregnancy test|question list|Question list for a late period with a negative pregnancy test, dates, test timing, symptoms, optional sex or birth-control context, and care questions without interpreting the result or ruling pregnancy in or out|DataForSEO late period but negative pregnancy test clickstream demand; OWH pregnancy tests and knowing if pregnant; MedlinePlus pregnancy test and absent periods; NHS missed or late periods; no testing instruction beyond label/care guidance|/resources/symptom-guides/late-period-vs-pregnancy-symptoms;/resources/condition-guides/why-is-my-period-late;/free/cycle-length-calculator-kit;/free/late-missed-period-log;/resources/guides/period-tracker-data-minimization-guide|consolidated-2026-07-06
Late and missed period context tools|Travel and Late Period Timeline|travel-late-period-timeline|lead-magnets|tofu|travel-planner;cycle-change-tracker;privacy-conscious-user;doctor-prep|can travel delay your period|timeline worksheet|Timeline worksheet for travel dates, time zones, sleep, illness, stress, medicine changes, expected period date, spotting, bleeding, and privacy-light travel notes without claiming travel caused the late period|DataForSEO can travel delay your period 480 US searches; OWH period problems; MedlinePlus absent periods and doctor prep; NHS missed or late periods; no travel-causation claim|/free/period-away-from-home-kit;/resources/privacy-in-practice/who-can-legally-get-your-period-data;/free/cycle-length-calculator-kit;/free/late-missed-period-log;/app-guides/floriva-for-gynecologist-prep|consolidated-2026-07-06
Late and missed period context tools|Illness and Late Period Notes|illness-late-period-notes|lead-magnets|tofu|cycle-change-tracker;doctor-prep;privacy-conscious-user|can sickness delay your period|notes worksheet|Notes worksheet for illness timing, fever if tracked, rest, sleep, appetite, medicine already used, expected period date, late timing, symptoms, and care questions without saying illness caused the late period|DataForSEO can sickness delay your period 140 US searches; OWH period problems and pregnancy tests; MedlinePlus absent periods and doctor prep; NHS missed or late periods; no medical advice|/free/reproductive-visit-prep-kit;/free/cycle-length-calculator-kit;/resources/condition-guides/why-is-my-period-late;/resources/guides/period-tracker-data-minimization-guide|consolidated-2026-07-06
Late and missed period context tools|Antibiotics and Cycle Notes List|antibiotics-cycle-notes-list|lead-magnets|mofu|medication-notes;cycle-change-tracker;doctor-prep;privacy-conscious-user|can antibiotics delay your period|medication notes worksheet|Medication and cycle timeline for antibiotic name if known, start and stop dates, illness context, other medicines, expected period date, bleeding or spotting, symptoms, and clinician or pharmacist questions without medication advice|DataForSEO can antibiotics delay your period 1000 US searches; CDC medication safety; OWH period problems and pregnancy tests; MedlinePlus doctor prep; NHS missed or late periods; no medication or dosing advice|/free/late-missed-period-log;/free/reproductive-visit-prep-kit;/free/period-app-privacy-audit-kit;/resources/condition-guides/why-is-my-period-late;/app-guides/floriva-for-gynecologist-prep|consolidated-2026-07-06
Late and missed period context tools|Exercise and Weight Change Period Log|exercise-weight-change-period-log|lead-magnets|tofu|active-cycle-tracker;cycle-change-tracker;doctor-prep;privacy-conscious-user|can exercise make your period late|tracking worksheet|Careful log for exercise changes, training load in plain words, appetite, food access, optional weight notes, sleep, stress, expected period date, late timing, and care questions without workout or weight-loss advice|DataForSEO can exercise make your period late 260 US searches and can weight loss make your period late 70; OWH physical activity and menstrual cycle, period problems, and weight loss and women; MedlinePlus absent periods; no exercise or diet advice|/resources/wellness-guides/exercise-during-period;/free/cycle-syncing-food-workout-planner;/resources/condition-guides/why-is-my-period-late;/resources/privacy-in-practice/lock-down-period-data-on-your-phone|consolidated-2026-07-06
Late and missed period context tools|Late Period Data Privacy Checklist|late-period-data-privacy-checklist|privacy-in-practice|mofu|privacy-conscious-user;cycle-change-tracker;pregnancy-question;doctor-prep|late period data privacy|privacy checklist|Privacy checklist for late or missed-period notes, pregnancy-test notes if relevant, searches, screenshots, portal messages, travel or location clues, calendar labels, shared devices, backups, and app exports without legal or privacy guarantees|FTC mobile health app best practices; HHS HIPAA consumer rights; OWH pregnancy tests and period problems; no legal advice, privacy promise, or pregnancy answer|/resources/condition-guides/why-is-my-period-late;/free/cycle-length-calculator-kit;/resources/guides/period-tracker-data-minimization-guide;/resources/privacy-in-practice/lock-down-period-data-on-your-phone;/free/cycle-syncing-food-workout-planner|consolidated-2026-07-31
Emergency contraception cycle follow-up tools|Emergency Contraception Cycle Follow-Up Log|emergency-contraception-cycle-follow-up-log|lead-magnets|tofu|pregnancy-question;cycle-change-tracker;doctor-prep;privacy-conscious-user|period after plan b|follow-up log|Plain cycle follow-up log for emergency contraception already taken, expected period date, spotting or bleeding, test context if relevant, symptoms, and clinician or pharmacist questions without medication instructions or pregnancy reassurance|DataForSEO period after plan b 1600 US searches and KD 16; ACOG emergency contraception; FDA Plan B information; MedlinePlus levonorgestrel and emergency contraception; OWH pregnancy tests; no medication advice or pregnancy diagnosis|/resources/life-stage-guides/plan-b-period-timing;/free/late-missed-period-log;/free/reproductive-visit-prep-kit;/resources/guides/period-tracker-data-minimization-guide;/app-guides/floriva-for-gynecologist-prep|consolidated-2026-07-06
Emergency contraception cycle follow-up tools|Bleeding After Plan B Notes|bleeding-after-plan-b-notes|lead-magnets|tofu|pregnancy-question;cycle-change-tracker;doctor-prep;privacy-conscious-user|bleeding a week after plan b is that my period|notes worksheet|Notes worksheet for bleeding or spotting after Plan B, timing, color, flow, expected period date, test context if relevant, and care questions without saying whether the bleeding is a period, pregnancy, or proof emergency contraception worked|DataForSEO bleeding a week after plan b is that my period 1600 US searches; ACOG emergency contraception; FDA Plan B information; MedlinePlus levonorgestrel; OWH pregnancy tests; no reassurance or pregnancy diagnosis|/free/emergency-contraception-log;/resources/life-stage-guides/plan-b-period-timing;/free/late-missed-period-log;/free/abnormal-bleeding-log;/app-guides/floriva-for-gynecologist-prep|consolidated-2026-07-06
Emergency contraception cycle follow-up tools|Late Period After Plan B Test Questions|late-period-after-plan-b-test-questions|lead-magnets|tofu|pregnancy-question;cycle-change-tracker;doctor-prep;privacy-conscious-user|late period after plan b|question list|Question list for late period timing after Plan B, expected date, test timing, bleeding, symptoms, and what to ask care without interpreting a test result or ruling pregnancy in or out|DataForSEO late period after plan b 390 US searches; ACOG emergency contraception; FDA Plan B information; OWH and MedlinePlus pregnancy-test guidance; no test interpretation|/resources/life-stage-guides/plan-b-period-timing;/free/late-missed-period-log;/resources/condition-guides/why-is-my-period-late;/free/emergency-contraception-log;/resources/guides/period-tracker-data-minimization-guide|consolidated-2026-07-06
Emergency contraception cycle follow-up tools|Plan B Cycle Timeline Two Months|plan-b-cycle-timeline-two-months|lead-magnets|tofu|cycle-change-tracker;pregnancy-question;doctor-prep;privacy-conscious-user|plan b messed up my cycle for months|timeline worksheet|Two-cycle timeline worksheet for recording dates, bleeding, spotting, test context if relevant, stress, illness, medicine notes, and questions after Plan B without claiming Plan B caused months of changes|DataForSEO plan b messed up my cycle for months 1000 US searches; ACOG emergency contraception; FDA Plan B information; MedlinePlus doctor prep; no causation claim or medication advice|/resources/life-stage-guides/plan-b-period-timing;/free/cycle-length-calculator-kit;/free/late-missed-period-log;/free/emergency-contraception-log;/resources/condition-guides/why-is-my-period-late;/app-guides/floriva-for-gynecologist-prep|consolidated-2026-07-06
Emergency contraception cycle follow-up tools|Ella Period Timing Notes|ella-period-timing-notes|lead-magnets|tofu|pregnancy-question;cycle-change-tracker;doctor-prep;privacy-conscious-user|ella period late|notes worksheet|Notes worksheet for period timing after ella or ulipristal if already taken, expected period date, spotting or bleeding, test context if relevant, and clinician or pharmacist questions without prescribing or access instructions|DataForSEO ella period late checked with no reliable Google volume; ACOG emergency contraception; FDA ella label; MedlinePlus ulipristal and emergency contraception; OWH pregnancy tests; no medication advice|/free/emergency-contraception-log;/resources/life-stage-guides/plan-b-period-timing;/free/late-missed-period-log;/free/reproductive-visit-prep-kit;/app-guides/floriva-for-gynecologist-prep|consolidated-2026-07-06
Emergency contraception cycle follow-up tools|Morning-After Pill Side Effect Notes|morning-after-pill-side-effect-notes|lead-magnets|tofu|pregnancy-question;cycle-change-tracker;doctor-prep;privacy-conscious-user|morning after pill side effects menstrual cycle|symptom notes worksheet|Symptom and cycle notes after emergency contraception, including date, product name if known, bleeding, nausea, headache, cramps, expected period date, test context if relevant, and care questions without ranking danger or giving treatment advice|DataForSEO morning after pill side effects menstrual cycle appeared in a low-competition side-effect cluster; DataForSEO signs that plan b didn't work 4400 US searches with low competition; ACOG emergency contraception; MedlinePlus emergency contraception, levonorgestrel, and ulipristal; no diagnosis or treatment advice|/free/emergency-contraception-log;/resources/life-stage-guides/plan-b-period-timing;/free/reproductive-visit-prep-kit;/resources/guides/period-tracker-data-minimization-guide;/app-guides/floriva-for-gynecologist-prep|consolidated-2026-07-06
Emergency contraception cycle follow-up tools|Emergency Contraception Data Privacy Checklist|emergency-contraception-data-privacy-checklist|privacy-in-practice|mofu|privacy-conscious-user;pregnancy-question;pharmacy-user;doctor-prep|emergency contraception privacy|privacy checklist|Checklist for emergency contraception notes, searches, receipts, pharmacy records, screenshots, portal messages, backups, shared devices, exports, and low-detail app labels without legal or privacy guarantees|DataForSEO emergency contraception privacy checked as support intent; FTC mobile health app best practices; HHS HIPAA consumer rights; ACOG emergency contraception; MedlinePlus emergency contraception; no legal or privacy promise|/resources/guides/period-tracker-data-minimization-guide;/resources/privacy-in-practice/protect-your-symptom-and-condition-data;/resources/privacy-in-practice/lock-down-period-data-on-your-phone;/free/period-app-privacy-audit-kit;/free/emergency-contraception-log;/app-guides/floriva-for-gynecologist-prep|consolidated-2026-07-31
Emergency contraception cycle follow-up tools|Emergency Contraception Pharmacist Question List|emergency-contraception-pharmacist-question-list|lead-magnets|tofu|pharmacy-user;pregnancy-question;doctor-prep;privacy-conscious-user|emergency contraception pharmacist questions|question list|Low-detail pharmacist question list for label questions, interaction questions, timing questions, period or test questions, receipt/privacy questions, and what details to bring without giving medicine instructions|DataForSEO emergency contraception pharmacist questions checked as support intent; ACOG emergency contraception; MedlinePlus emergency contraception, levonorgestrel, ulipristal, and doctor-visit prep; no medication or legal advice|/free/period-app-privacy-audit-kit;/free/reproductive-visit-prep-kit;/resources/privacy-in-practice/protect-your-symptom-and-condition-data;/free/emergency-contraception-log;/resources/life-stage-guides/plan-b-period-timing;/app-guides/floriva-for-gynecologist-prep|consolidated-2026-07-06
Period blood clot documentation tools|Period Blood Clot Log|period-blood-clot-log|lead-magnets|tofu|heavy-period-tracker;doctor-prep;privacy-conscious-user|period blood clots|tracking worksheet|Plain log for period blood clots, flow, timing, product changes, leaks, pain, fatigue, dizziness, and care questions without diagnosis or treatment advice|DataForSEO period blood clots 49500 US searches, low competition, KD 11; CDC heavy menstrual bleeding; ACOG heavy menstrual bleeding; MedlinePlus doctor prep; no diagnosis, treatment, or triage claim|/resources/condition-guides/menorrhagia-heavy-periods-guide;/free/heavy-period-clot-tracker;/resources/privacy-in-practice/protect-your-symptom-and-condition-data;/app-guides/floriva-for-gynecologist-prep|consolidated-2026-07-06
Period blood clot documentation tools|Jelly-Like Period Clot Notes|jelly-like-period-clot-notes|lead-magnets|tofu|heavy-period-tracker;doctor-prep;privacy-conscious-user|jelly-like blood clots during period is it normal|notes worksheet|No-diagnosis note sheet for jelly-like period clots, timing, size, flow, pain, pregnancy-test context if relevant, and care questions without saying what the clot means|DataForSEO jelly-like blood clots during period is it normal 8100 US searches; CDC heavy menstrual bleeding; ACOG heavy menstrual bleeding; OWH period problems; no normal/abnormal diagnosis|/free/heavy-period-clot-tracker;/resources/condition-guides/menorrhagia-heavy-periods-guide;/resources/guides/period-tracker-data-minimization-guide|consolidated-2026-07-06
Period blood clot documentation tools|Large Period Clot Visit Summary|large-period-clot-visit-summary|lead-magnets|mofu|heavy-period-tracker;doctor-prep;privacy-conscious-user|what do large blood clots during period mean|visit summary|One-page visit summary for large period clots, heavy flow, leaks, pain, fatigue, dizziness, and care questions without interpreting cause|DataForSEO what do large blood clots during period mean 1600 US searches; period blood clots when to worry 210; CDC heavy menstrual bleeding; ACOG abnormal uterine bleeding; MedlinePlus doctor prep; no diagnosis or urgent-care ranking|/free/heavy-period-clot-tracker;/resources/condition-guides/menorrhagia-heavy-periods-guide;/app-guides/floriva-for-gynecologist-prep|consolidated-2026-07-06
Period blood clot documentation tools|Tissue-Like Period Clot Notes|tissue-like-period-clot-notes|lead-magnets|tofu|heavy-period-tracker;doctor-prep;pregnancy-question;privacy-conscious-user|tissue like blood clots during period|notes worksheet|No-diagnosis note sheet for tissue-like period clots, flow, timing, pain, test context if relevant, and questions without naming cause or pregnancy status|DataForSEO tissue like blood clots during period 480 US searches, KD 1; OWH period problems; CDC heavy menstrual bleeding; MedlinePlus pregnancy test and doctor prep; no diagnosis or pregnancy interpretation|/free/heavy-period-clot-tracker;/resources/symptom-guides/late-period-vs-pregnancy-symptoms;/resources/guides/period-tracker-data-minimization-guide|consolidated-2026-07-06
Period blood clot documentation tools|Period Clot vs Miscarriage Question List|period-clot-vs-miscarriage-question-list|lead-magnets|mofu|pregnancy-question;doctor-prep;privacy-conscious-user|period blood clots vs miscarriage|question list|Careful question list for period clots, possible pregnancy context, test timing, bleeding, pain, and what to ask care without interpreting pregnancy status|DataForSEO period blood clots vs miscarriage 260 US searches; OWH pregnancy tests; MedlinePlus pregnancy test; ACOG abnormal uterine bleeding; no diagnosis, miscarriage confirmation, or test interpretation|/free/heavy-period-clot-tracker;/free/late-missed-period-log;/resources/symptom-guides/late-period-vs-pregnancy-symptoms;/resources/privacy-in-practice/protect-your-symptom-and-condition-data;/app-guides/floriva-for-gynecologist-prep|consolidated-2026-07-06
Period blood clot documentation tools|Period Clot Photo Privacy Checklist|period-clot-photo-privacy-checklist|lead-magnets|mofu|privacy-conscious-user;heavy-period-tracker;doctor-prep|period blood clots pictures|privacy checklist|Privacy checklist for period clot photos, screenshots, shared albums, cloud backups, messages, portals, and low-detail notes without legal or privacy promises|DataForSEO period blood clots pictures 2900 US searches, low competition, KD 2; FTC mobile health app best practices; HHS HIPAA consumer rights; MedlinePlus doctor prep; no legal or privacy guarantee|/resources/privacy-in-practice/protect-your-symptom-and-condition-data;/resources/privacy-in-practice/lock-down-period-data-on-your-phone;/free/heavy-period-clot-tracker;/resources/guides/period-tracker-data-minimization-guide|consolidated-2026-07-06
Period blood clot documentation tools|Heavy Flow Product Change and Clot Tracker|heavy-flow-product-change-clot-tracker|lead-magnets|mofu|heavy-period-tracker;period-product-user;doctor-prep;privacy-conscious-user|heavy period clots soaking pad|tracking worksheet|Product-change and clot tracker for heavy flow days, leaks, night changes, pain, fatigue, and visit questions without product or medical advice|DataForSEO heavy period and clot cluster checked; CDC heavy menstrual bleeding; ACOG heavy menstrual bleeding; MedlinePlus doctor prep; no product, treatment, or diagnosis advice|/free/heavy-period-clot-tracker;/free/reproductive-visit-prep-kit;/free/period-leak-and-product-kit;/resources/privacy-in-practice/protect-your-symptom-and-condition-data|consolidated-2026-07-06
Period blood clot documentation tools|Period Clot and Anemia Question List|period-clot-and-anemia-question-list|lead-magnets|mofu|heavy-period-tracker;doctor-prep;privacy-conscious-user|heavy periods blood clots anemia|question list|Question list for heavy periods with clots, fatigue, dizziness, shortness of breath, weakness, and blood work questions without diagnosing anemia|DataForSEO heavy-period clot and anemia support intent checked; CDC heavy menstrual bleeding; ACOG heavy menstrual bleeding; MedlinePlus anemia and doctor prep; no diagnosis or supplement advice|/resources/condition-guides/anemia-heavy-periods;/free/heavy-period-clot-tracker;/app-guides/floriva-for-gynecologist-prep|consolidated-2026-07-06
Period blood clot documentation tools|Period Clot Data Privacy Checklist|period-clot-data-privacy-checklist|privacy-in-practice|mofu|privacy-conscious-user;heavy-period-tracker;doctor-prep;pregnancy-question|period clot data privacy|privacy checklist|Privacy checklist for period clot notes, photos, product changes, pregnancy questions, exports, portals, backups, and shared devices without legal or privacy guarantees|FTC mobile health app best practices; HHS HIPAA consumer rights; CDC heavy menstrual bleeding; MedlinePlus doctor prep; no legal, privacy, diagnosis, or pregnancy-status promise|/free/heavy-period-clot-tracker;/resources/privacy-in-practice/protect-your-symptom-and-condition-data;/resources/guides/period-tracker-data-minimization-guide;/app-guides/floriva-for-gynecologist-prep|consolidated-2026-07-31
Period cramp relief documentation tools|Period Cramp Relief Evidence Checklist|period-cramp-relief-evidence-checklist|lead-magnets|tofu|period-pain;doctor-prep;privacy-conscious-user|what helps with period cramps|evidence checklist|Source-backed checklist for period cramp notes, what was already tried, pain timing, daily impact, medicine questions, and privacy choices without ranking care or giving treatment advice|DataForSEO what helps with period cramps 22200 US searches and how to get rid of period cramps 12100; ACOG dysmenorrhea; MedlinePlus period pain; FDA women and pain medicines; OWH menstrual cycle; no treatment protocol or dosing advice|/resources/wellness-guides/period-cramp-relief-guide;/resources/wellness-guides/heat-therapy-period-cramps;/free/period-pain-cramp-diary;/resources/privacy-in-practice/protect-your-symptom-and-condition-data;/app-guides/floriva-for-gynecologist-prep|consolidated-2026-07-06
Period cramp relief documentation tools|Heating Pad Period Cramp Notes|heating-pad-period-cramp-notes|lead-magnets|tofu|period-pain;doctor-prep;privacy-conscious-user|heating pad for period cramps|notes worksheet|Worksheet for heating pad notes during period cramps including timing, body area, pain score, skin check, daily impact, and clinician questions without product recommendations or heat instructions|DataForSEO heating pad for period cramps 90500 US searches and how long can i use a heating pad for cramps 320; ACOG dysmenorrhea; MedlinePlus period pain; FDA pain tracking guidance; OWH menstrual cycle; no product recommendation or heat protocol|/resources/wellness-guides/heat-therapy-period-cramps;/resources/wellness-guides/period-cramp-relief-guide;/free/period-pain-cramp-diary;/resources/privacy-in-practice/protect-your-symptom-and-condition-data;/app-guides/floriva-for-gynecologist-prep|consolidated-2026-07-06
Period cramp relief documentation tools|Period Cramp Night Log|period-cramp-night-log|lead-magnets|tofu|period-pain-tracker;sleep-tracker;doctor-prep;privacy-conscious-user|period cramps at night|night log|Night log for period cramps, wake-ups, pain place, bleeding, other symptoms, sleep impact, next-day impact, and visit questions without diagnosing night pain|DataForSEO period cramps at night 110 US searches, menstrual cramps wake me up at night 260, sleeping positions to relieve cramps 480; ACOG dysmenorrhea; MedlinePlus period pain; OWH menstrual cycle; no diagnosis or sleep-position advice|/resources/wellness-guides/period-cramp-relief-guide;/resources/symptom-guides/period-sleep-disruption;/free/period-sleep-log;/free/period-pain-cramp-diary;/resources/privacy-in-practice/protect-your-symptom-and-condition-data|consolidated-2026-07-06
Period cramp relief documentation tools|Period Pain Position Notes|period-pain-position-notes|lead-magnets|tofu|period-pain-tracker;sleep-tracker;doctor-prep;privacy-conscious-user|period pain relief position|notes sheet|Observation sheet for period pain and rest or sleep position notes, pain location, pain score, sleep impact, and clinician questions without prescribing or ranking positions|DataForSEO period pain relief position 720 US searches and sleeping positions to relieve cramps 480; ACOG dysmenorrhea; MedlinePlus period pain; OWH menstrual cycle; no position prescription or relief promise|/resources/wellness-guides/period-cramp-relief-guide;/free/period-pain-cramp-diary;/free/period-sleep-log;/resources/symptom-guides/period-sleep-disruption;/resources/privacy-in-practice/protect-your-symptom-and-condition-data|consolidated-2026-07-06
Period cramp relief documentation tools|Severe Period Cramp Visit Summary|severe-period-cramp-visit-summary|lead-magnets|mofu|period-pain;doctor-prep;privacy-conscious-user|unbearable period pain|visit summary|One-page visit summary for severe period cramps, timing, location, daily impact, medicine already used, privacy choices, and clinician questions without diagnosis or medicine advice|DataForSEO unbearable period pain 1300 US searches; ACOG dysmenorrhea; MedlinePlus painful menstrual periods; OWH menstrual cycle; no diagnosis, treatment protocol, or urgent-danger ranking|/resources/condition-guides/intense-period-pain-vs-endometriosis;/free/period-pain-cramp-diary;/free/reproductive-visit-prep-kit;/resources/privacy-in-practice/protect-your-symptom-and-condition-data;/app-guides/floriva-for-gynecologist-prep|consolidated-2026-07-06
Period cramp relief documentation tools|Cramps but No Period Visit Notes|cramps-but-no-period-visit-notes|lead-magnets|mofu|period-pain;doctor-prep;pregnancy-question;privacy-conscious-user|severe period cramps but no period|visit notes|No-diagnosis visit sheet for cramps without bleeding, cycle dates, pain timing, spotting, symptoms, pregnancy questions if chosen, and clinician questions without pregnancy or miscarriage interpretation|DataForSEO severe period cramps but no period 1000 US searches; ACOG dysmenorrhea; MedlinePlus painful menstrual periods; OWH menstrual cycle; no pregnancy, miscarriage, diagnosis, or wait-for-period advice|/resources/symptom-guides/cramps-but-no-period;/resources/condition-guides/intense-period-pain-vs-endometriosis;/free/period-pain-cramp-diary;/resources/privacy-in-practice/protect-your-symptom-and-condition-data;/app-guides/floriva-for-gynecologist-prep|consolidated-2026-07-06
Period cramp relief documentation tools|Period Pain Medicine Question List|period-pain-medicine-question-list|lead-magnets|mofu|period-pain;doctor-prep;medicine-safety|period pain relief tablets|question list|Question list for period pain medicine labels, active ingredients, what was already used, pregnancy warning questions if relevant, pharmacist questions, and visit follow-up without recommending a drug or dose|DataForSEO period pain relief tablets 720 US searches; FDA women and pain medicines; FDA NSAID pregnancy warning; ACOG dysmenorrhea; no medication recommendation, dose, or timing advice|/free/period-pain-cramp-diary;/resources/condition-guides/intense-period-pain-vs-endometriosis;/resources/privacy-in-practice/protect-your-symptom-and-condition-data;/app-guides/floriva-for-gynecologist-prep|consolidated-2026-07-06
Period cramp relief documentation tools|Teen Period Cramp School Plan|teen-period-cramp-school-plan|lead-magnets|mofu|teen-user;parent-helper;period-pain|teenage period pain relief|school plan|Teen school plan for period cramp notes, class impact, trusted adults, low-detail scripts, medicine label questions, privacy checks, and clinician questions without legal accommodation or medicine advice|DataForSEO teenage period pain relief 140 US searches; ACOG dysmenorrhea in adolescents; MedlinePlus painful menstrual periods; OWH menstrual cycle; no school legal advice or medicine advice|/free/reproductive-visit-prep-kit;/app-guides/floriva-for-teens;/resources/life-stage-guides/teen-first-period-tracking;/free/period-pain-cramp-diary;/resources/privacy-in-practice/protect-your-symptom-and-condition-data|consolidated-2026-07-06
Period cramp relief documentation tools|Period Cramp Data Privacy Checklist|period-cramp-data-privacy-checklist|privacy-in-practice|mofu|privacy-conscious-user;period-pain;doctor-prep|period pain tracker privacy|privacy checklist|Privacy checklist for period cramp notes, medicine notes, visit summaries, screenshots, exports, backups, portals, messages, shared devices, and small summaries without legal or privacy guarantees|DataForSEO period pain tracker privacy checked as support intent; FTC mobile health app best practices; FTC mobile health apps interactive tool; HHS health app and HIPAA context; no legal advice or privacy guarantee|/free/period-pain-cramp-diary;/resources/privacy-in-practice/protect-your-symptom-and-condition-data;/resources/guides/period-tracker-data-minimization-guide;/app-guides/floriva-for-teens|consolidated-2026-07-31
Cycle calculator and calendar planning tools|Period Calculator Planning Sheet|period-calculator-planning-sheet|lead-magnets|tofu|cycle-tracking;calendar-planning;privacy-conscious-user|period calculator|planning sheet|Period calculator planning sheet for past start dates, cycle length ranges, next-period estimate windows, supplies planning, and privacy choices without exact prediction promises|DataForSEO period calculator 60500 US searches, low competition, KD 23; OWH menstrual cycle; MedlinePlus menstruation; ACOG menstrual cycle; no diagnosis, pregnancy, fertility, contraception, or exact-prediction claim|/free/cycle-length-calculator-kit;/free/first-period-starter-kit;/free/personal-cycle-health-record;/resources/guides/on-device-storage-period-tracker|consolidated-2026-07-06
Cycle calculator and calendar planning tools|Next Period Date Estimate Worksheet|next-period-date-estimate-worksheet|lead-magnets|tofu|cycle-tracking;calendar-planning;privacy-conscious-user|next period calculator|estimate worksheet|Worksheet for turning recent period start dates into a planning range, one-week prep list, changed-date notes, and lower-detail calendar labels without explaining why a period is late or early|DataForSEO next period calculator 1600 US searches, low competition, KD 20; DataForSEO how to calculate next period date 2400 US searches; OWH menstrual cycle; MedlinePlus menstruation; ACOG first period; no late-period diagnosis or pregnancy interpretation|/free/cycle-length-calculator-kit;/free/late-missed-period-log;/free/period-leak-and-product-kit;/resources/guides/on-device-storage-period-tracker|consolidated-2026-07-06
Cycle calculator and calendar planning tools|Cycle Length Calculator Worksheet|cycle-length-calculator-worksheet|lead-magnets|tofu|cycle-tracking;calendar-planning;privacy-conscious-user|cycle length calculator|worksheet|Cycle length worksheet for counting days from one period start to the next, finding shortest, longest, and average lengths, and using those numbers for planning without normal/abnormal judgments|DataForSEO cycle length calculator 880 US searches, low competition, KD 23; OWH menstrual cycle; MedlinePlus menstruation; ACOG menstrual cycle; no diagnosis or normal-cycle determination|/free/cycle-length-calculator-kit;/free/first-period-starter-kit;/free/personal-cycle-health-record;/resources/guides/on-device-storage-period-tracker|consolidated-2026-07-06
Cycle calculator and calendar planning tools|Menstrual Cycle Calendar Template|menstrual-cycle-calendar-template|lead-magnets|tofu|cycle-tracking;privacy-conscious-user;doctor-prep|period calendar|calendar template|Reusable calendar template for cycle day counts, bleeding, pain, mood, sleep, life notes, three-cycle summaries, symbols, privacy checks, and visit questions without exact forecasts or care advice|DataForSEO period calendar 4400 US searches, low competition, KD 30; DataForSEO menstrual cycle calculator 2900 US searches, low competition, KD 23; OWH menstrual cycle; MedlinePlus menstruation; ACOG menstrual cycle; FTC data minimization; no diagnosis or exact prediction|/free/first-period-starter-kit;/free/personal-cycle-health-record;/free/cycle-length-calculator-kit;/resources/life-stage-guides/menstrual-cycle-phases-symptoms;/resources/life-stage-guides/luteal-phase-length-guide;/resources/guides/how-to-track-irregular-menstrual-cycle|consolidated-2026-07-06
Cycle calculator and calendar planning tools|Cycle Day Counting Chart|cycle-day-counting-chart|lead-magnets|tofu|cycle-tracking;doctor-prep;privacy-conscious-user|cycle day calculator|counting chart|Hand-counting chart for cycle day 1, day-by-day notes, fast date math, comparisons, clinic questions, and privacy checks without spotting rules, medical tests, or prediction claims|DataForSEO cycle day calculator 70 US searches, low competition, KD 31; OWH menstrual cycle; MedlinePlus menstruation; ACOG menstrual cycle and first-period guidance; no diagnosis, exact prediction, or spotting interpretation|/free/cycle-length-calculator-kit;/free/first-period-starter-kit;/free/personal-cycle-health-record;/resources/life-stage-guides/menstrual-cycle-phases-symptoms;/resources/life-stage-guides/luteal-phase-length-guide;/resources/guides/how-to-track-irregular-menstrual-cycle|consolidated-2026-07-06
Cycle calculator and calendar planning tools|Luteal Phase Date Notes|luteal-phase-date-notes|lead-magnets|tofu|cycle-tracking;symptom-tracking;privacy-conscious-user|luteal phase calculator|date notes|Late-cycle date notes worksheet for cycle day ranges, symptoms, mood, sleep, privacy choices, and visit questions without confirming ovulation, planning pregnancy, preventing pregnancy, or naming health issues|DataForSEO luteal phase calculator 390 US searches, low competition; OWH menstrual cycle; MedlinePlus menstruation; ACOG menstrual cycle; FTC data minimization; no fertility, contraception, ovulation-confirmation, diagnosis, or treatment advice|/resources/life-stage-guides/luteal-phase-length-guide;/resources/life-stage-guides/menstrual-cycle-phases-symptoms;/resources/guides/how-to-track-irregular-menstrual-cycle;/free/cycle-length-calculator-kit;/free/first-period-starter-kit;/free/personal-cycle-health-record|consolidated-2026-07-06
Cycle calculator and calendar planning tools|Period Calendar Privacy Checklist|period-calendar-privacy-checklist|lead-magnets|tofu|privacy-conscious-user;period-app-user;doctor-prep|period calendar privacy|privacy checklist|Privacy checklist for period calendar labels, widgets, shared calendars, shared devices, screenshots, exports, backups, reminders, and portal copies without legal or privacy guarantees|DataForSEO period calendar and period calendar app support intent checked; OWH menstrual cycle; MedlinePlus menstruation; FTC mobile health app best practices; HHS health-app/HIPAA context; no legal advice or privacy guarantee|/resources/privacy-in-practice/protect-your-symptom-and-condition-data;/free/reproductive-visit-prep-kit;/resources/privacy-in-practice/lock-down-period-data-on-your-phone;/resources/guides/period-tracker-data-minimization-guide;/free/period-app-privacy-audit-kit;/app-guides/floriva-anonymous-tracking-setup|consolidated-2026-07-06
Cycle calculator and calendar planning tools|Cycle Prediction Data Privacy Checklist|cycle-prediction-data-privacy-checklist|privacy-in-practice|mofu|privacy-conscious-user;period-app-user;doctor-prep|period calculator privacy|privacy checklist|Privacy checklist for period calculator and cycle prediction data, including inputs, estimate labels, widgets, shared accounts, exports, backups, reminders, screenshots, and portals without legal or privacy guarantees|DataForSEO period calculator and cycle prediction privacy support intent checked; OWH menstrual cycle; ACOG menstrual cycle; FTC mobile health app best practices and interactive tool; HHS health-app/HIPAA context; no legal advice, privacy guarantee, or health-choice advice|/free/period-app-privacy-audit-kit;/free/reproductive-visit-prep-kit;/resources/guides/ovulation-tracking-how-apps-work;/resources/privacy-in-practice/lock-down-period-data-on-your-phone;/resources/guides/period-tracker-data-minimization-guide;/app-guides/floriva-data-export-guide|consolidated-2026-07-31
Cycle calculator and calendar planning tools|Ovulation Calculator Question List|ovulation-calculator-question-list|lead-magnets|tofu|cycle-curious;privacy-conscious-user;doctor-prep|ovulation calculator|question list|Question list for checking ovulation calculator inputs, estimate limits, clinician questions, privacy copies, and lower-detail labels without fertility, birth control, pregnancy, diagnosis, or treatment advice|DataForSEO ovulation calculator 246000 US searches, low competition, KD 41; DataForSEO 100 percent accurate ovulation calculator 1000 US searches shows accuracy concern; OWH menstrual cycle; MedlinePlus menstruation; ACOG menstrual cycle; FTC mobile health app best practices; no fertile-window, TTC, contraception, pregnancy, diagnosis, or guarantee claim|/resources/privacy-in-practice/protect-your-symptom-and-condition-data;/free/period-app-privacy-audit-kit;/resources/guides/ovulation-tracking-how-apps-work;/resources/guides/how-to-track-irregular-menstrual-cycle;/resources/privacy-in-practice/lock-down-period-data-on-your-phone;/resources/guides/period-tracker-data-minimization-guide;/app-guides/floriva-for-gynecologist-prep;/app-guides/floriva-anonymous-tracking-setup|consolidated-2026-07-06
First period readiness tools|First Period Calculator Reality Check|first-period-calculator-reality-check|lead-magnets|tofu|teen-user;parent-helper|first period calculator|reality check|Reality check for first-period calculators with body-sign notes, supply planning, calculator privacy checks, low-detail fields, and after-first-period tracking prompts without exact date prediction|DataForSEO first period calculator 720 US searches, low competition; DataForSEO when will i get my first period 880 US searches, KD 23; ACOG first period; ACOG menstruation in girls and adolescents; MedlinePlus menstruation and puberty; FTC mobile health apps interactive tool; no exact date prediction, diagnosis, fertility, or treatment advice|/free/first-period-starter-kit;/resources/life-stage-guides/teen-first-period-tracking;/resources/privacy-in-practice/protect-your-symptom-and-condition-data|consolidated-2026-07-06
First period readiness tools|First Period Signs Notes|first-period-signs-notes|lead-magnets|tofu|teen-user;parent-helper|when will i get my first period|notes worksheet|Notes worksheet for body signs before a first period, question bank, supply starter list, privacy choices, and first-period handoff without using signs as a date rule or diagnosis|DataForSEO when will i get my first period 880 US searches and related first-period sign intent; ACOG first period; ACOG adolescent menstruation; MedlinePlus menstruation and puberty; no exact date, diagnosis, or age panic claim|/free/cycle-length-calculator-kit;/free/first-period-starter-kit;/resources/life-stage-guides/teen-first-period-tracking|consolidated-2026-07-06
First period readiness tools|Tween Period Quiz Reality Check|tween-period-quiz-reality-check|lead-magnets|tofu|teen-user;parent-helper|exact first period quiz|quiz reality check|Safer quiz reality check for exact first-period quiz searches, with promise checks, planning notes, supply checklist, private-data checks, and first-period tracking prompts without scoring bodies or promising dates|DataForSEO exact first period quiz 260 US searches, low competition; DataForSEO first period test 100 percent accurate and related queries show accuracy demand; ACOG first period; MedlinePlus menstruation and puberty; FTC mobile health apps interactive tool; no exact prediction, diagnosis, fertility, or treatment advice|/free/cycle-length-calculator-kit;/free/first-period-starter-kit;/resources/life-stage-guides/teen-first-period-tracking|consolidated-2026-07-06
First period readiness tools|First Period School Kit Checklist|first-period-school-kit-checklist|lead-magnets|tofu|teen-user;parent-helper|first period school kit|checklist|School kit checklist for first-period supplies, backpack and locker plans, bathroom scripts, leak plan, trusted adult card, and first-period note without predicting timing or giving school legal advice|DataForSEO first period school kit support intent checked; ACOG first period; ACOG adolescent menstruation; MedlinePlus menstruation and puberty; no product mandate, legal advice, medicine advice, or exact prediction|/free/first-period-starter-kit;/resources/life-stage-guides/teen-first-period-tracking;/free/period-pain-cramp-diary|consolidated-2026-07-06
First period readiness tools|First Period Parent Conversation Script|first-period-parent-conversation-script|lead-magnets|tofu|parent-helper;teen-user|signs your daughter is about to start her period|conversation script|Parent and teen conversation script for first-period signs, supplies, school planning, tracking boundaries, privacy, and help questions without prediction, pressure, or care instructions|DataForSEO signs your daughter is about to start her period appears in related first-period searches; ACOG first period and puberty guidance; ACOG adolescent menstruation; MedlinePlus menstruation and puberty; no exact prediction, diagnosis, treatment, or coercive sharing|/free/first-period-starter-kit;/resources/life-stage-guides/teen-first-period-tracking;/free/period-pain-cramp-diary|consolidated-2026-07-06
First period readiness tools|First Period Emergency Bag Plan|first-period-emergency-bag-plan|lead-magnets|tofu|teen-user;parent-helper|first period emergency kit|bag plan|Emergency bag plan for first-period pouch supplies, backup locations, private labels, bleeding-start steps, leak cleanup, refill card, and first-period notes without product pressure or medicine advice|DataForSEO first period emergency kit support intent checked; ACOG first period; ACOG adolescent menstruation; MedlinePlus menstruation and puberty; no product mandate, exact prediction, medicine advice, or school legal advice|/free/first-period-starter-kit;/resources/life-stage-guides/teen-first-period-tracking;/free/period-pain-cramp-diary|consolidated-2026-07-06
First period readiness tools|First Period Doctor Question List|first-period-doctor-question-list|lead-magnets|tofu|teen-user;parent-helper;doctor-prep|first period doctor questions|question list|Question list for first-period visits, school nurse conversations, bleeding, pain, supplies, privacy, app notes, and one-page summaries without diagnosing or telling a teen what care to use|DataForSEO first period doctor questions support intent checked; ACOG first period; ACOG adolescent menstruation; MedlinePlus menstruation and puberty; no diagnosis, treatment, legal advice, or privacy promise|/free/first-period-starter-kit;/resources/life-stage-guides/teen-first-period-tracking;/resources/privacy-in-practice/period-tracking-privacy-for-teens-and-students;/resources/privacy-in-practice/lock-down-period-data-on-your-phone|consolidated-2026-07-06
First period readiness tools|First Period Data Privacy Checklist|first-period-data-privacy-checklist|privacy-in-practice|mofu|teen-user;parent-helper;privacy-conscious-user|teen period tracker privacy|privacy checklist|Privacy checklist for first-period data on shared phones, shared accounts, family devices, notifications, screenshots, backups, school devices, exports, portals, and low-detail notes without legal or privacy guarantees|DataForSEO teen period tracker privacy support intent checked; FTC mobile health app best practices; HHS cell phone and health app privacy context; MedlinePlus menstruation; ACOG adolescent menstruation; no legal advice or privacy guarantee|/free/first-period-starter-kit;/free/reproductive-visit-prep-kit;/resources/life-stage-guides/teen-first-period-tracking;/resources/privacy-in-practice/period-tracking-privacy-for-teens-and-students;/resources/privacy-in-practice/lock-down-period-data-on-your-phone|consolidated-2026-07-31
First period readiness tools|First Period App Setup Privacy Card|first-period-app-setup-privacy-card|lead-magnets|tofu|teen-user;parent-helper;privacy-conscious-user|first period app setup privacy|setup card|Setup card for low-detail first-period app tracking, account checks, alert and backup settings, shared-phone checks, export questions, and first app notes without privacy promises or prediction claims|DataForSEO first period app setup and teen tracker privacy support intent checked; FTC mobile health app best practices; HHS cell phone health-app privacy context; MedlinePlus menstruation; ACOG first period and adolescent menstruation; no privacy guarantee, diagnosis, treatment, or exact prediction|/free/first-period-starter-kit;/free/reproductive-visit-prep-kit;/resources/life-stage-guides/teen-first-period-tracking;/resources/privacy-in-practice/period-tracking-privacy-for-teens-and-students;/resources/privacy-in-practice/lock-down-period-data-on-your-phone|consolidated-2026-07-06
Birth control ring bleeding tools|Birth Control Ring Bleeding Log|birth-control-ring-bleeding-log|lead-magnets|tofu|birth-control-user;doctor-prep;privacy-conscious-user|birth control ring bleeding|bleeding log|Bleeding log for birth control ring users with dates, flow, pain, ring context notes, privacy choices, and clinician questions without ring-use instructions or method advice|DataForSEO birth control ring bleeding support intent checked; nuvaring bleeding 480 US searches low competition KD 6; broader spotting on birth control 3600 US searches low competition KD 13; CDC U.S. SPR 2024; CDC CHC appendix; MedlinePlus birth control; FTC privacy context; no ring-use instructions, pregnancy interpretation, protection claim, method recommendation, or privacy guarantee|/free/abnormal-bleeding-log;/free/birth-control-tracking-kit;/resources/life-stage-guides/birth-control-period-changes;/resources/privacy-in-practice/protect-your-symptom-and-condition-data;/resources/guides/period-tracker-data-minimization-guide;/app-guides/floriva-for-gynecologist-prep|consolidated-2026-07-06
Birth control ring bleeding tools|NuvaRing Bleeding Question List|nuvaring-bleeding-question-list|lead-magnets|mofu|birth-control-user;doctor-prep;privacy-conscious-user|nuvaring bleeding|question list|Question list for NuvaRing bleeding concerns, symptom notes, pharmacist prompts, clinician questions, and privacy choices without brand efficacy claims, ring-use rules, or pregnancy advice|DataForSEO nuvaring bleeding 480 US searches low competition KD 6; broader spotting on birth control 3600 US searches low competition KD 13; CDC U.S. SPR 2024; CDC CHC appendix; MedlinePlus birth control; HHS HIPAA context; no ring-use instructions, missed-ring rules, pregnancy interpretation, protection claim, or method recommendation|/free/abnormal-bleeding-log;/free/birth-control-tracking-kit;/resources/life-stage-guides/birth-control-period-changes;/resources/privacy-in-practice/protect-your-symptom-and-condition-data;/resources/guides/period-tracker-data-minimization-guide;/app-guides/floriva-for-gynecologist-prep|consolidated-2026-07-06
Birth control ring bleeding tools|Withdrawal Bleeding Birth Control Notes|withdrawal-bleeding-birth-control-notes|lead-magnets|tofu|birth-control-user;doctor-prep;privacy-conscious-user|withdrawal bleeding birth control|notes worksheet|Plain notes for withdrawal bleeding on birth control with dates, flow, symptoms, method context, low-detail summaries, and privacy choices without pregnancy interpretation or method-use advice|DataForSEO withdrawal bleeding birth control 590 US searches low competition KD 8; broader spotting on birth control 3600 US searches low competition KD 13; CDC U.S. SPR 2024; CDC CHC guidance and appendix; HHS HIPAA context; no pregnancy interpretation, method recommendation, protection claim, ring-use rules, or privacy guarantee|/free/abnormal-bleeding-log;/free/birth-control-tracking-kit;/resources/life-stage-guides/birth-control-period-changes;/resources/privacy-in-practice/protect-your-symptom-and-condition-data;/resources/guides/period-tracker-data-minimization-guide;/app-guides/floriva-for-gynecologist-prep|consolidated-2026-07-06
Birth control patch support tools|Birth Control Patch Bleeding Log|birth-control-patch-bleeding-log|lead-magnets|tofu|birth-control-user;health-tracker;doctor-prep;privacy-conscious|birth control patch bleeding|bleeding log|Patch-specific bleeding log for spotting, flow, pain, patch-site notes, medicines, symptoms, weekly pattern review, care questions, and one-page visit summary without patch-use rules or pregnancy interpretation|DataForSEO birth control patch bleeding 70 US monthly searches LOW competition KD 34; broader birth control spotting cluster 1900-3600 US monthly searches low KD; CDC U.S. Selected Practice Recommendations 2024; CDC combined hormonal contraceptives appendix; MedlinePlus estrogen and progestin transdermal contraceptive patch; no patch timing rules, missed-patch advice, pregnancy interpretation, method recommendation, or privacy guarantee|/free/abnormal-bleeding-log;/free/birth-control-tracking-kit;/resources/life-stage-guides/birth-control-period-changes;/app-guides/floriva-for-gynecologist-prep;/resources/privacy-in-practice/protect-your-symptom-and-condition-data;/resources/guides/period-tracker-data-minimization-guide|consolidated-2026-07-06
Birth control patch support tools|Birth Control Patch Change Notes|birth-control-patch-change-notes|lead-magnets|tofu|birth-control-user;health-tracker;doctor-prep;privacy-conscious|birth control patch change notes|notes sheet|Patch change notes sheet for patch-site skin checks, bleeding, symptoms, medicine context, pharmacist questions, scripts, privacy checks, and visit summary without patch timing, replacement, late-patch, or emergency contraception advice|DataForSEO birth control patch side effects support intent checked and adjacent patch-use support cluster; CDC U.S. Selected Practice Recommendations 2024; CDC combined hormonal contraceptives appendix; MedlinePlus estrogen and progestin transdermal contraceptive patch; FTC mobile health app best practices for privacy framing; no patch-use instructions, replacement timing, missed-patch rules, emergency contraception advice, method recommendation, or privacy guarantee|/free/birth-control-tracking-kit;/resources/life-stage-guides/birth-control-period-changes;/app-guides/floriva-for-gynecologist-prep;/resources/privacy-in-practice/protect-your-symptom-and-condition-data;/resources/guides/period-tracker-data-minimization-guide|consolidated-2026-07-06
Birth control patch support tools|Birth Control Patch Side Effect Question List|birth-control-patch-side-effect-question-list|lead-magnets|tofu|birth-control-user;health-tracker;doctor-prep;privacy-conscious|birth control patch side effects|question list|Question list for birth control patch side effects covering symptom timing, bleeding, skin notes, safety questions, clinician scripts, privacy notes, and one-page summary without diagnosis, risk ranking, triage protocol, stop-switch advice, or privacy guarantee|DataForSEO birth control patch side effects KD 30 support intent checked; birth control patch bleeding 70 US monthly searches LOW competition KD 34; CDC U.S. Selected Practice Recommendations 2024; CDC combined hormonal contraceptives appendix; MedlinePlus estrogen and progestin transdermal contraceptive patch; no method recommendation, clot-risk triage protocol, patch-use instructions, legal advice, or protection claims|/free/birth-control-tracking-kit;/resources/life-stage-guides/birth-control-period-changes;/app-guides/floriva-for-gynecologist-prep;/resources/privacy-in-practice/protect-your-symptom-and-condition-data;/resources/guides/period-tracker-data-minimization-guide|consolidated-2026-07-06
Birth control pill support tools|Missed Birth Control Pill Question List|missed-birth-control-pill-question-list|lead-magnets|tofu|birth-control-user;doctor-prep;privacy-conscious-user|missed birth control pill|question list|Question list for gathering missed-pill facts, package instructions, pharmacist questions, clinician scripts, and private notes without dosing instructions, emergency contraception advice, pregnancy interpretation, or exact protection claims|DataForSEO missed birth control pill 1900 US monthly searches, low competition, KD 14; missed pill birth control same volume; CDC US SPR 2024; CDC combined hormonal contraceptives appendix; MedlinePlus combination birth control pills; no missed-pill instructions or pregnancy interpretation|/free/birth-control-tracking-kit;/free/abnormal-bleeding-log;/resources/life-stage-guides/birth-control-period-changes;/resources/privacy-in-practice/protect-your-symptom-and-condition-data;/resources/guides/period-tracker-data-minimization-guide;/app-guides/floriva-for-gynecologist-prep|consolidated-2026-07-06
Birth control pill support tools|Birth Control Pill Reminder Privacy Card|birth-control-pill-reminder-privacy-card|lead-magnets|tofu|birth-control-user;privacy-conscious-user;health-tracker|birth control pill tracker|privacy card|Privacy card for birth control pill reminder labels, lock screens, watches, widgets, shared phones, backups, and cleanup without privacy guarantees, dosing advice, or reminder efficacy claims|DataForSEO birth control pill tracker KD 53 and pill reminder support intent checked; FTC mobile health app best practices; FTC mobile health apps interactive tool; HHS health app/HIPAA context; no privacy guarantee or pill-taking advice|/resources/privacy-in-practice/protect-your-symptom-and-condition-data;/resources/guides/period-tracker-data-minimization-guide;/free/birth-control-tracking-kit;/free/abnormal-bleeding-log;/resources/life-stage-guides/birth-control-period-changes|consolidated-2026-07-06
Birth control pill support tools|Birth Control Pill Pack Notes|birth-control-pill-pack-notes|lead-magnets|tofu|birth-control-user;health-tracker;doctor-prep;privacy-conscious-user|birth control pill tracker|worksheet|Pill pack notes worksheet for pack start date, pack week, bleeding, symptoms, missed or late facts, refill questions, pharmacy questions, and visit summaries without dosing advice, method recommendations, pregnancy interpretation, or protection claims|DataForSEO birth control pill tracker KD 53 and pill reminder support intent checked; MedlinePlus combination birth control pills; MedlinePlus progestin-only oral contraceptives; CDC US SPR 2024; no missed-pill instructions or exact protection claims|/free/birth-control-tracking-kit;/free/abnormal-bleeding-log;/resources/life-stage-guides/birth-control-period-changes;/resources/privacy-in-practice/protect-your-symptom-and-condition-data;/app-guides/floriva-for-gynecologist-prep|consolidated-2026-07-06
Birth control pill travel tools|Birth Control Time Zone Travel Question List|birth-control-time-zone-travel-question-list|lead-magnets|tofu|birth-control-user;traveler;doctor-prep;privacy-conscious-user|birth control pill time zone|question list|Travel question list for birth control pill time-zone changes, package facts, pharmacy questions, clinician scripts, low-detail reminders, and one-page travel summaries without time-zone conversion, dosing instructions, missed-pill instructions, backup advice, or protection claims|DataForSEO birth control pill time zone 20 US monthly searches LOW competition KD 15; birth control and travel time zone support intent checked; CDC U.S. Selected Practice Recommendations 2024; CDC combined hormonal contraceptives appendix; MedlinePlus combination birth control pills; MedlinePlus progestin-only oral contraceptives; FTC mobile health app best practices; no pill timing conversion, dosing advice, missed-pill steps, emergency contraception advice, pregnancy interpretation, or privacy guarantee|/free/birth-control-tracking-kit;/free/period-app-privacy-audit-kit;/resources/privacy-in-practice/protect-your-symptom-and-condition-data;/resources/privacy-in-practice/who-can-legally-get-your-period-data;/resources/guides/period-tracker-data-minimization-guide;/app-guides/floriva-for-gynecologist-prep|consolidated-2026-07-06
Birth control refill support tools|Birth Control Refill Gap Planner|birth-control-refill-gap-planner|lead-magnets|tofu|birth-control-user;pharmacy-user;doctor-prep;privacy-conscious-user|birth control refill online|planner|Refill gap planner for birth control pack facts, pharmacy status, appointment questions, low-detail reminders, call scripts, and one-page summaries without refill legal advice, telehealth claims, dosing instructions, backup contraception advice, or protection claims|DataForSEO birth control refill online 110 US monthly searches MEDIUM competition KD 3; birth control prescription refill 30 US monthly searches HIGH competition; birth control refill appointment and pharmacy refill support intents checked; CDC U.S. Selected Practice Recommendations 2024; MedlinePlus combination birth control pills; MedlinePlus progestin-only oral contraceptives; HHS health app/HIPAA context; FTC mobile health app best practices; no refill legal claims, telehealth service claims, dosing advice, missed-pill advice, or privacy guarantee|/free/birth-control-tracking-kit;/free/period-app-privacy-audit-kit;/resources/privacy-in-practice/protect-your-symptom-and-condition-data;/resources/privacy-in-practice/who-can-legally-get-your-period-data;/resources/guides/period-tracker-data-minimization-guide;/app-guides/floriva-for-gynecologist-prep|consolidated-2026-07-06
Birth control refill support tools|Birth Control Pharmacy Refill Privacy Card|birth-control-pharmacy-refill-privacy-card|lead-magnets|tofu|birth-control-user;pharmacy-user;privacy-conscious-user;doctor-prep|birth control pharmacy refill|privacy card|Privacy card for birth control pharmacy refill alerts, texts, emails, receipts, delivery labels, family access, insurance questions, low-detail labels, scripts, and one-page summaries without refill legal advice, telehealth claims, medical advice, or privacy guarantees|DataForSEO birth control refill online 110 US monthly searches MEDIUM competition KD 3; birth control prescription refill 30 US monthly searches HIGH competition; pharmacy refill support intent checked; HHS HIPAA rights and privacy rule context; HHS health app/HIPAA context; FTC mobile health app best practices; MedlinePlus birth control pill patient information; no refill legal claims, telehealth service claims, method recommendation, medical advice, or privacy guarantee|/free/birth-control-tracking-kit;/free/period-app-privacy-audit-kit;/resources/privacy-in-practice/protect-your-symptom-and-condition-data;/resources/privacy-in-practice/who-can-legally-get-your-period-data;/resources/guides/period-tracker-data-minimization-guide;/app-guides/floriva-for-gynecologist-prep|consolidated-2026-07-06
Birth control pill support tools|St. John's Wort Birth Control Question Card|st-johns-wort-birth-control-question-card|lead-magnets|tofu|birth-control-user;doctor-prep;privacy-conscious-user|st john's wort birth control|question card|Question card for St. John's wort and birth control with supplement label facts, pill facts, pharmacist questions, clinician script, symptom notes, and privacy note without dosing, stopping, switching, pregnancy, or protection advice|DataForSEO st john's wort birth control 140 US monthly searches LOW competition KD 11; NCCIH St. John's wort interactions; FDA dietary supplement Q&A; MedlinePlus birth control pills; no supplement efficacy claim, dosing instruction, method recommendation, pregnancy interpretation, or privacy guarantee|/free/birth-control-tracking-kit;/resources/life-stage-guides/birth-control-period-changes;/resources/privacy-in-practice/protect-your-symptom-and-condition-data;/free/period-app-privacy-audit-kit;/app-guides/floriva-for-gynecologist-prep|consolidated-2026-07-06
Birth control pill support tools|Birth Control Vomiting Diarrhea Question List|birth-control-vomiting-diarrhea-question-list|lead-magnets|tofu|birth-control-user;doctor-prep;privacy-conscious-user|birth control and diarrhea|question list|Question list for vomiting, diarrhea, and birth control pills with illness facts, pill notes, pharmacist questions, clinician script, and one-page summary without timing rules, dosing advice, backup advice, emergency contraception advice, or pregnancy interpretation|DataForSEO birth control and diarrhea 480 US monthly searches LOW competition KD 2; diarrhea and birth control pill 110 US monthly searches LOW competition; vomiting after birth control pill 40 US monthly searches LOW competition KD 19; throwing up after birth control pill 40 US monthly searches LOW competition; CDC US SPR 2024; CDC CHC appendix; MedlinePlus progestin-only oral contraceptives; no vomiting/diarrhea timing rules or backup contraception advice|/free/birth-control-tracking-kit;/resources/life-stage-guides/birth-control-period-changes;/resources/privacy-in-practice/protect-your-symptom-and-condition-data;/free/period-app-privacy-audit-kit;/app-guides/floriva-for-gynecologist-prep|consolidated-2026-07-06
Birth control pill support tools|Birth Control Illness Dose Note Sheet|birth-control-illness-dose-note-sheet|lead-magnets|tofu|birth-control-user;health-tracker;doctor-prep;privacy-conscious-user|birth control dose question|note sheet|Note sheet for birth control illness and dose questions with pill facts, illness facts, medicine and supplement list, portal message draft, and visit summary without dose instructions, late-pill rules, backup advice, emergency contraception advice, or pregnancy interpretation|DataForSEO birth control and diarrhea 480 US monthly searches LOW competition KD 2 plus vomiting/throwing-up pill cluster; CDC US SPR 2024; MedlinePlus birth control pills; NCCIH St. John's wort interactions; FDA dietary supplement Q&A; no dosing instruction, missed-pill instruction, method recommendation, pregnancy interpretation, or privacy guarantee|/free/birth-control-tracking-kit;/resources/life-stage-guides/birth-control-period-changes;/resources/privacy-in-practice/protect-your-symptom-and-condition-data;/free/period-app-privacy-audit-kit;/app-guides/floriva-for-gynecologist-prep|consolidated-2026-07-06
Birth control medicine review tools|Antibiotics and Birth Control Question List|antibiotics-birth-control-question-list|lead-magnets|tofu|birth-control-user;pharmacy-user;doctor-prep;privacy-conscious-user|do antibiotics affect birth control|question list|Question list for gathering antibiotic name, birth control name, labels, package instructions, pharmacist questions, clinician questions, and privacy-light notes without interaction rules, backup advice, emergency contraception advice, missed-pill instructions, pregnancy interpretation, dosing advice, or protection claims|DataForSEO do antibiotics affect birth control 2900 US monthly searches LOW competition KD 2; antibiotics and birth control 2400 US monthly searches LOW competition KD 6; birth control and antibiotics 2400 US monthly searches LOW competition KD 21; CDC U.S. SPR 2024; CDC combined hormonal contraceptives guidance and appendix; MedlinePlus birth control pills; MedlinePlus antibiotics overview; FTC mobile health app guidance; no antibiotic interaction rules or privacy guarantees|/free/birth-control-tracking-kit;/resources/life-stage-guides/birth-control-period-changes;/resources/privacy-in-practice/protect-your-symptom-and-condition-data;/free/period-app-privacy-audit-kit;/resources/guides/period-tracker-data-minimization-guide;/app-guides/floriva-for-gynecologist-prep|consolidated-2026-07-06
Birth control medicine review tools|Birth Control Medicine Interaction Checklist|birth-control-medicine-interaction-checklist|lead-magnets|tofu|birth-control-user;pharmacy-user;doctor-prep;privacy-conscious-user|birth control drug interactions|checklist|Checklist for birth control medicine review covering method details, medicine labels, supplements, recent changes, pharmacist questions, clinician message script, one-page summary, and privacy-light notes without interaction rules, backup advice, emergency contraception advice, pregnancy interpretation, dosing advice, or method recommendations|DataForSEO birth control drug interactions 30 US monthly searches LOW competition; birth control and antibiotics 2400 US monthly searches LOW competition KD 21; CDC U.S. SPR 2024; CDC combined hormonal contraceptives guidance and appendix; MedlinePlus doctor-visit medicine list guidance; FDA dietary supplements Q&A; HHS health app/HIPAA context; no interaction rules, dosing, or privacy guarantees|/free/birth-control-tracking-kit;/resources/life-stage-guides/birth-control-period-changes;/resources/privacy-in-practice/protect-your-symptom-and-condition-data;/free/period-app-privacy-audit-kit;/resources/guides/period-tracker-data-minimization-guide;/app-guides/floriva-for-gynecologist-prep|consolidated-2026-07-06
Birth control medicine review tools|Birth Control Supplement Disclosure Card|birth-control-supplement-disclosure-card|lead-magnets|tofu|birth-control-user;supplement-user;doctor-prep;privacy-conscious-user|birth control and supplements|disclosure card|Disclosure card for listing vitamins, herbs, gummies, teas, powders, birth control method, supplement labels, pharmacy script, clinician questions, visit notes, and privacy-light disclosure without supplement efficacy claims, interaction rules, dosing advice, backup advice, emergency contraception advice, pregnancy interpretation, method advice, legal advice, or privacy guarantees|DataForSEO birth control and supplements 10 US monthly searches LOW competition; birth control drug interactions 30 US monthly searches LOW competition; FDA dietary supplements Q&A; CDC U.S. SPR 2024; CDC combined hormonal contraceptives guidance and appendix; MedlinePlus doctor-visit preparation; HHS health app/HIPAA context; no supplement efficacy claims, interaction rules, legal advice, or privacy guarantees|/free/birth-control-tracking-kit;/resources/life-stage-guides/birth-control-period-changes;/resources/privacy-in-practice/protect-your-symptom-and-condition-data;/free/period-app-privacy-audit-kit;/resources/guides/period-tracker-data-minimization-guide;/app-guides/floriva-for-gynecologist-prep|consolidated-2026-07-06
Cervical screening result support tools|Abnormal Pap Result Question List|abnormal-pap-result-question-list|lead-magnets|tofu|doctor-prep;privacy-conscious-user;lab-result-organizer|abnormal pap smear results|question list|Question list for abnormal Pap result wording, HPV status if shown, prior screening date, clinician questions, and low-detail summary without result interpretation or follow-up instructions|DataForSEO abnormal Pap results cluster 2400 US monthly searches LOW competition KD 24-29; NCI abnormal HPV and Pap results; CDC cervical cancer screening; ACOG cervical cancer screening; HHS health record access; no diagnosis, result interpretation, follow-up algorithm, or privacy guarantee|/free/biopsy-result-visit-notes;/resources/privacy-in-practice/your-medical-records-and-period-data;/free/reproductive-visit-prep-kit;/app-guides/floriva-for-gynecologist-prep;/resources/guides/period-tracker-data-minimization-guide|consolidated-2026-07-06
Cervical screening result support tools|HPV Positive Pap Follow-Up Notes|hpv-positive-pap-follow-up-notes|lead-magnets|tofu|doctor-prep;privacy-conscious-user;lab-result-organizer|hpv positive pap smear|notes sheet|Note sheet for HPV-positive Pap context, exact result wording, Pap line, HPV line, clinician questions, and privacy-light notes without STI blame, treatment advice, cancer-risk prediction, or follow-up instructions|DataForSEO HPV positive Pap smear cluster KD 51 and colposcopy for positive HPV 1000 US monthly searches LOW competition KD 4; NCI abnormal HPV and Pap results; CDC cervical cancer screening; ACOG abnormal cervical screening; FTC health app best practices; no transmission advice, result interpretation, or privacy guarantee|/free/reproductive-visit-prep-kit;/free/biopsy-result-visit-notes;/resources/privacy-in-practice/your-medical-records-and-period-data;/app-guides/floriva-for-gynecologist-prep;/resources/guides/period-tracker-data-minimization-guide|consolidated-2026-07-06
Cervical screening result support tools|Pap Smear Result Terms Card|pap-smear-result-terms-card|lead-magnets|tofu|doctor-prep;privacy-conscious-user;lab-result-organizer|pap smear results|terms card|Plain terms card for Pap smear result words such as NILM, ASC-US, LSIL, HSIL, HPV, unsatisfactory, and colposcopy as words to ask about rather than self-interpret|DataForSEO Pap smear results KD 47 and Pap result long-tail cluster including abnormal results 2400 US monthly searches LOW competition; NCI abnormal HPV and Pap results; CDC cervical screening; ACOG cervical cancer screening; HHS health record access; no result interpretation or care-plan advice|/free/reproductive-visit-prep-kit;/free/biopsy-result-visit-notes;/resources/privacy-in-practice/your-medical-records-and-period-data;/app-guides/floriva-for-gynecologist-prep;/resources/guides/period-tracker-data-minimization-guide|consolidated-2026-07-06
Cervical screening colposcopy tools|Colposcopy Question Checklist|colposcopy-question-checklist|lead-magnets|tofu|doctor-prep;cervical-screening-follow-up;privacy-conscious-user|colposcopy questions to ask|question checklist|Question checklist for asking why colposcopy was recommended, which result led to it, what records to bring, what words mean, result timing questions, and privacy questions without procedure instructions or medical prep rules|DataForSEO colposcopy biopsy 9900 US monthly searches LOW competition KD 32; colposcopy procedure 8100 LOW KD 27; colposcopy questions support intent; NCI abnormal HPV and Pap results; ACOG abnormal screening; CDC cervical screening; HHS HIPAA rights; no diagnosis, procedure prep, aftercare rules, or privacy guarantee|/free/reproductive-visit-prep-kit;/free/biopsy-result-visit-notes;/free/abnormal-bleeding-log;/resources/privacy-in-practice/your-medical-records-and-period-data;/app-guides/floriva-for-gynecologist-prep;/resources/guides/period-tracker-data-minimization-guide|consolidated-2026-07-06
Cervical screening colposcopy tools|Cervical Biopsy Result Notes|cervical-biopsy-result-notes|lead-magnets|tofu|cervical-screening-follow-up;doctor-prep;privacy-conscious-user|cervical biopsy results|result notes|Note sheet for cervical biopsy result wording, dates, portal messages, clinician questions, and follow-up questions without interpreting CIN, grade, pathology wording, or care needs|DataForSEO cervical biopsy results KD 13; colposcopy biopsy results support intent; NCI abnormal HPV and Pap results; ACOG abnormal cervical screening; CDC cervical screening; HHS HIPAA consumer rights; no biopsy interpretation, treatment advice, or privacy guarantee|/free/biopsy-result-visit-notes;/resources/privacy-in-practice/your-medical-records-and-period-data;/free/reproductive-visit-prep-kit;/free/abnormal-bleeding-log;/app-guides/floriva-for-gynecologist-prep;/resources/guides/period-tracker-data-minimization-guide|consolidated-2026-07-06
Cervical screening colposcopy tools|Colposcopy Recovery Note Sheet|colposcopy-recovery-note-sheet|lead-magnets|tofu|cervical-screening-follow-up;doctor-prep;privacy-conscious-user|colposcopy and biopsy recovery time|note sheet|Note sheet for symptoms, bleeding or discharge notes, questions, and clinic instructions already given after colposcopy or cervical biopsy without recovery timeline, aftercare protocol, sex timing rules, tampon rules, or triage protocol|DataForSEO colposcopy and biopsy recovery time 720 US monthly searches LOW competition KD 4; sex after colposcopy 880 LOW KD 8 handled only as clinic-instruction question context; NCI abnormal HPV and Pap results; ACOG colposcopy; CDC cervical screening; FTC health data guidance; no aftercare instructions or recovery timeline|/free/biopsy-result-visit-notes;/free/reproductive-visit-prep-kit;/resources/privacy-in-practice/your-medical-records-and-period-data;/free/abnormal-bleeding-log;/app-guides/floriva-for-gynecologist-prep;/resources/guides/period-tracker-data-minimization-guide|consolidated-2026-07-06
Cervical screening record privacy tools|Pap Smear Result Privacy Checklist|pap-smear-result-privacy-checklist|privacy-in-practice|mofu|privacy-conscious-user;doctor-prep;lab-result-organizer|pap smear privacy|privacy checklist|Privacy checklist for Pap result names, portal previews, PDFs, insurance, lab records, shared accounts, app notes, and low-detail labels without legal advice, medical advice, or privacy guarantees|DataForSEO Pap smear privacy checked as low-volume support intent; NCI abnormal HPV and Pap results; CDC cervical screening; HHS HIPAA consumer rights and privacy rule summary; no legal advice, medical advice, or privacy promise|/free/reproductive-visit-prep-kit;/free/biopsy-result-visit-notes;/resources/privacy-in-practice/your-medical-records-and-period-data;/free/premenstrual-symptom-tracker;/app-guides/floriva-for-gynecologist-prep;/resources/guides/period-tracker-data-minimization-guide|consolidated-2026-07-31
Cervical screening record privacy tools|HPV Result Data Privacy Checklist|hpv-result-data-privacy-checklist|privacy-in-practice|mofu|privacy-conscious-user;doctor-prep;portal-user|hpv test results privacy|privacy checklist|Privacy checklist for HPV result records, portal alerts, assumptions, shared devices, clinic questions, and data minimization without explaining results, legal advice, medical advice, or privacy guarantees|DataForSEO HPV test results KD 56 and HPV result privacy support intent checked; NCI abnormal HPV and Pap results; CDC cervical screening; HHS HIPAA consumer rights; FTC mobile health app best practices; no result interpretation, STI blame, legal advice, or privacy guarantee|/free/biopsy-result-visit-notes;/free/reproductive-visit-prep-kit;/resources/privacy-in-practice/your-medical-records-and-period-data;/app-guides/floriva-for-gynecologist-prep;/resources/guides/period-tracker-data-minimization-guide|consolidated-2026-07-31
Cervical screening visit support tools|Pap Smear Anxiety Visit Card|pap-smear-anxiety-visit-card|lead-magnets|tofu|doctor-prep;privacy-conscious-user;anxious-visit-prep|pap smear anxiety|visit card|Visit card for naming Pap smear anxiety, consent and comfort questions, support person or contact preferences, privacy-light notes, and after-visit notes without promising clinic response or giving procedure instructions|DataForSEO Pap smear anxiety support intent checked; CDC cervical screening; NCI Pap and HPV result context; HHS HIPAA consumer rights and privacy rule summary; no procedure instructions, trauma-informed-care promise, medical advice, or privacy guarantee|/resources/privacy-in-practice/your-medical-records-and-period-data;/free/reproductive-visit-prep-kit;/free/biopsy-result-visit-notes;/app-guides/floriva-for-gynecologist-prep;/resources/guides/period-tracker-data-minimization-guide|consolidated-2026-07-06
Breast change and imaging support tools|Breast Lump Cycle Note Sheet|breast-lump-cycle-note-sheet|lead-magnets|tofu|breast-change-tracker;cycle-symptom-tracker;doctor-prep|breast lump before period|cycle note sheet|Plain notes for a breast lump or breast change before a period, including wording, side, location, cycle timing, period dates, prior notes, and clinician questions without diagnosis, reassurance, self-exam steps, or treatment advice|DataForSEO breast lump before period 1000 US monthly searches LOW competition; Mayo Clinic breast pain and cysts; Cleveland Clinic clinical breast exam; NCI breast conditions; no diagnosis, reassurance, self-exam protocol, or treatment advice|/free/premenstrual-symptom-tracker;/free/period-pain-cramp-diary;/free/biopsy-result-visit-notes;/free/vaginal-discharge-odor-checklist;/resources/privacy-in-practice/your-medical-records-and-period-data;/free/reproductive-visit-prep-kit;/app-guides/floriva-for-gynecologist-prep;/resources/privacy-in-practice/protect-your-symptom-and-condition-data;/resources/guides/period-tracker-data-minimization-guide|consolidated-2026-07-06
Breast change and imaging support tools|Breast Cyst Symptom Question List|breast-cyst-symptom-question-list|lead-magnets|tofu|breast-change-tracker;doctor-prep;cycle-symptom-tracker|breast cyst symptoms|question list|Clinician discussion list for breast cyst symptom questions, records, side, location, cycle timing, pain, tenderness, nipple fluid, prior imaging, and visit notes without diagnosis, reassurance, cancer-risk prediction, or treatment advice|DataForSEO breast cyst symptoms 4400 US monthly searches LOW competition KD 23; Mayo Clinic breast cysts; Cleveland Clinic clinical breast exam; NCI breast conditions; not a diagnostic checklist|/free/biopsy-result-visit-notes;/free/premenstrual-symptom-tracker;/free/period-pain-cramp-diary;/free/vaginal-discharge-odor-checklist;/resources/privacy-in-practice/your-medical-records-and-period-data;/free/reproductive-visit-prep-kit;/app-guides/floriva-for-gynecologist-prep|consolidated-2026-07-06
Breast change and imaging support tools|Nipple Discharge Cycle Notes|nipple-discharge-cycle-notes|lead-magnets|tofu|breast-change-tracker;cycle-symptom-tracker;doctor-prep|nipple discharge before period|cycle notes|Plain notes for nipple discharge before a period, including side, color wording, timing, cycle day, period dates, medicine context, pregnancy or breastfeeding context if relevant, and clinician questions without interpretation, danger ranking, diagnosis, treatment advice, or triage protocol|DataForSEO nipple discharge before period 140 US monthly searches LOW competition KD 2; Cleveland Clinic nipple discharge and clinical breast exam; NCI breast conditions; FTC mobile health app privacy; no interpretation, danger ranking, or triage protocol|/free/biopsy-result-visit-notes;/free/premenstrual-symptom-tracker;/free/period-pain-cramp-diary;/resources/privacy-in-practice/your-medical-records-and-period-data;/free/reproductive-visit-prep-kit;/app-guides/floriva-for-gynecologist-prep;/resources/privacy-in-practice/protect-your-symptom-and-condition-data;/resources/guides/period-tracker-data-minimization-guide|consolidated-2026-07-06
Breast imaging result support tools|Mammogram Result Question List|mammogram-result-question-list|lead-magnets|tofu|doctor-prep;privacy-conscious-user;lab-result-organizer|mammogram results|question list|Question list for mammogram results with exact report wording, portal notes, breast density wording, clinic questions, record access, and private note choices without image reading, result category explanation, or medical advice|DataForSEO mammogram results KD 17; NCI mammograms and dense breasts; ACR mammography lay report letters; HHS medical record access; no BI-RADS interpretation, result interpretation, follow-up instruction, cancer-risk prediction, or privacy guarantee|/free/biopsy-result-visit-notes;/free/vaginal-discharge-odor-checklist;/resources/privacy-in-practice/your-medical-records-and-period-data;/free/reproductive-visit-prep-kit;/app-guides/floriva-for-gynecologist-prep;/resources/guides/period-tracker-data-minimization-guide|consolidated-2026-07-06
Breast imaging result support tools|Abnormal Mammogram Result Notes|abnormal-mammogram-result-notes|lead-magnets|tofu|doctor-prep;privacy-conscious-user;lab-result-organizer|abnormal mammogram results|result notes|Note sheet for abnormal mammogram result wording, portal messages, prior imaging details, clinic questions, copies, and private record choices without interpreting results, ranking seriousness, or telling readers what care is needed|DataForSEO abnormal mammogram results KD 10; ACS mammogram callback guidance; NCI mammograms; ACR mammography lay report letters; HHS medical record access; no BI-RADS interpretation, follow-up instruction, cancer-risk prediction, or privacy guarantee|/free/biopsy-result-visit-notes;/free/premenstrual-symptom-tracker;/resources/privacy-in-practice/your-medical-records-and-period-data;/free/reproductive-visit-prep-kit;/app-guides/floriva-for-gynecologist-prep;/resources/guides/period-tracker-data-minimization-guide|consolidated-2026-07-06
Breast imaging result support tools|Breast Ultrasound Result Questions|breast-ultrasound-result-questions|lead-magnets|tofu|doctor-prep;privacy-conscious-user;lab-result-organizer|breast ultrasound results|question list|Question list for breast ultrasound results with exact report words, portal notes, linked mammogram details, prior imaging records, clinic questions, and private note choices without reading images or explaining result categories|DataForSEO breast ultrasound results KD 15; ACS mammogram callback and ultrasound context; NCI mammograms; HHS medical record access; no image interpretation, follow-up instruction, cancer-risk prediction, or privacy guarantee|/free/biopsy-result-visit-notes;/resources/privacy-in-practice/your-medical-records-and-period-data;/free/reproductive-visit-prep-kit;/app-guides/floriva-for-gynecologist-prep;/resources/guides/period-tracker-data-minimization-guide|consolidated-2026-07-06
Breast imaging result support tools|Breast Biopsy Result Notes|breast-biopsy-result-notes|lead-magnets|tofu|breast-imaging-follow-up;doctor-prep;privacy-conscious-user|breast biopsy results|result notes|Plain note sheet for breast biopsy result wording, dates, portal messages, records, and clinician questions without interpreting pathology, explaining terms, predicting cancer risk, procedure instructions, or telling readers what care they need|DataForSEO breast biopsy results KD 21; NCI pathology reports and breast diagnosis; ACS breast pathology report language; HHS HIPAA record access; no result interpretation, procedure instructions, treatment advice, or privacy guarantee|/free/biopsy-result-visit-notes;/resources/privacy-in-practice/your-medical-records-and-period-data;/free/premenstrual-symptom-tracker;/free/reproductive-visit-prep-kit;/app-guides/floriva-for-gynecologist-prep;/resources/guides/period-tracker-data-minimization-guide|consolidated-2026-07-06
Breast imaging record privacy tools|Breast Imaging Result Privacy Checklist|breast-imaging-result-privacy-checklist|privacy-in-practice|mofu|privacy-conscious-user;breast-imaging-follow-up;portal-user|mammogram privacy|privacy checklist|Privacy checklist for breast imaging results, including portal previews, result letters, PDFs, claims, shared accounts, downloads, screenshots, app notes, and low-detail labels without legal advice, medical advice, or privacy promises|DataForSEO mammogram privacy support intent checked; ACR mammography lay report letters; CDC mammogram results; HHS HIPAA rights; FTC mobile health app best practices; no legal advice, medical advice, or privacy guarantee|/free/biopsy-result-visit-notes;/free/premenstrual-symptom-tracker;/resources/privacy-in-practice/your-medical-records-and-period-data;/free/reproductive-visit-prep-kit;/app-guides/floriva-for-gynecologist-prep;/resources/guides/period-tracker-data-minimization-guide|consolidated-2026-07-31
Breast imaging visit support tools|Mammogram Anxiety Visit Card|mammogram-anxiety-visit-card|lead-magnets|tofu|breast-imaging-follow-up;doctor-prep;anxious-visit-prep;privacy-conscious-user|mammogram anxiety|visit card|Visit card for naming mammogram anxiety, comfort and consent questions, support person or contact choices, privacy-light notes, and after-visit notes without procedure steps, prep rules, result interpretation, medical advice, or promises about clinic response|DataForSEO mammogram anxiety support intent checked; ACS mammogram callback anxiety context; CDC mammogram results; ACR mammography lay report letters; HHS HIPAA rights; no procedure instructions, trauma-informed-care promise, medical advice, or privacy guarantee|/free/biopsy-result-visit-notes;/resources/privacy-in-practice/your-medical-records-and-period-data;/free/reproductive-visit-prep-kit;/app-guides/floriva-for-gynecologist-prep;/resources/guides/period-tracker-data-minimization-guide|consolidated-2026-07-06
Cycle mood and anxiety support tools|Anxiety Before Period Cycle Log|anxiety-before-period-cycle-log|lead-magnets|mofu|premenstrual-symptoms;mood-tracker;doctor-prep;privacy-conscious-user|anxiety before period|cycle log|Cycle log for anxiety before a period with timing, daily impact, sleep, pain, stress context, safety notes, and clinician questions without diagnosis, treatment advice, therapy plan, coping protocol, medication advice, crisis-plan replacement, or cause claims|DataForSEO anxiety before period 1600 US monthly searches LOW competition KD 12; period anxiety 720 LOW KD 9; ACOG PMS; OWH PMS; Mayo Clinic PMS; 988 Lifeline; no diagnosis or crisis-plan replacement|/free/premenstrual-symptom-tracker;/resources/privacy-in-practice/protect-your-symptom-and-condition-data;/free/pmdd-tracking-kit;/resources/guides/pmdd-period-tracking-guide;/resources/symptom-guides/luteal-phase-symptoms;/app-guides/floriva-for-pmdd-tracking|consolidated-2026-07-06
Cycle mood and anxiety support tools|Period Anxiety Visit Summary|period-anxiety-visit-summary|lead-magnets|mofu|premenstrual-symptoms;mood-tracker;doctor-prep;privacy-conscious-user|period anxiety|visit summary|Low-detail visit summary for period anxiety timing, daily impact, sleep, pain, stress context, safety notes, and clinician questions without diagnosis, treatment advice, therapy plan, coping protocol, medication advice, or crisis-plan replacement|DataForSEO period anxiety 720 US monthly searches LOW competition KD 9; anxiety before period 1600 LOW KD 12; ACOG PMS; OWH PMDD; Mayo Clinic PMS diagnosis context; NIMH anxiety disorders; 988 Lifeline; no diagnosis, treatment plan, or privacy guarantee|/free/premenstrual-symptom-tracker;/resources/privacy-in-practice/protect-your-symptom-and-condition-data;/free/pmdd-tracking-kit;/resources/guides/pmdd-period-tracking-guide;/app-guides/floriva-for-pmdd-tracking|consolidated-2026-07-06
Cycle mood and anxiety support tools|Panic Feelings Before Period Notes|panic-feelings-before-period-notes|lead-magnets|mofu|premenstrual-symptoms;mood-tracker;doctor-prep;privacy-conscious-user|panic before period|note sheet|No-diagnosis note sheet for panic feelings before a period with timing, body sensations, daily impact, safety notes, sleep, pain, stress context, and clinician questions without panic diagnosis, coping protocol, treatment advice, medication advice, or crisis-plan replacement|DataForSEO panic-before-period support intent checked; NIMH panic disorder symptoms; ACOG PMS; OWH PMDD; 988 Lifeline; no diagnosis, breathing or grounding protocol, treatment plan, or instruction to wait|/free/premenstrual-symptom-tracker;/resources/privacy-in-practice/protect-your-symptom-and-condition-data;/free/pmdd-tracking-kit;/resources/guides/pmdd-period-tracking-guide;/app-guides/floriva-for-pmdd-tracking|consolidated-2026-07-06
Cycle mood and anxiety support tools|Depressed Before Period Note Sheet|depressed-before-period-note-sheet|lead-magnets|tofu|premenstrual-symptoms;mood-tracker;doctor-prep|depressed before period|note sheet|Plain note sheet for feeling depressed before a period with timing, daily impact, sleep, pain, stress, safety notes, and clinician questions without depression diagnosis, PMDD diagnosis, treatment advice, therapy plan, medication advice, pregnancy interpretation, or crisis-plan replacement|DataForSEO depressed before period 1600 US monthly searches LOW competition KD 53; period depression 1900 LOW KD 32; sad before period 210 LOW KD 14; ACOG PMS; OWH PMS; Mayo Clinic PMS; NIMH depression; 988 Lifeline; no diagnosis or treatment advice|/free/premenstrual-symptom-tracker;/resources/privacy-in-practice/protect-your-symptom-and-condition-data;/free/pmdd-tracking-kit;/resources/guides/pmdd-period-tracking-guide;/resources/symptom-guides/luteal-phase-symptoms;/app-guides/floriva-for-pmdd-tracking|consolidated-2026-07-06
Cycle mood and anxiety support tools|Crying Before Period Tracker|crying-before-period-tracker|lead-magnets|tofu|premenstrual-symptoms;mood-tracker;doctor-prep|crying before period|tracker|Simple tracker for crying before a period with timing, sleep, stress, pain, cravings, daily impact, safety notes, and care questions without diagnosis, treatment advice, pregnancy interpretation, or crisis-plan replacement|DataForSEO crying before period 260 US monthly searches LOW competition KD 26; crying before period or pregnant 110 LOW KD 23 handled without pregnancy interpretation; ACOG PMS; OWH PMS; Mayo Clinic PMS; 988 Lifeline; no diagnosis or pregnancy interpretation|/free/premenstrual-symptom-tracker;/resources/privacy-in-practice/protect-your-symptom-and-condition-data;/free/pmdd-tracking-kit;/resources/guides/pmdd-period-tracking-guide;/resources/symptom-guides/luteal-phase-symptoms|consolidated-2026-07-06
Cycle mood and anxiety support tools|Mood Swings Before Period Log|mood-swings-before-period-log|lead-magnets|tofu|premenstrual-symptoms;mood-tracker;doctor-prep|mood swings before period|log|Plain log for mood swings before a period with timing, sleep, pain, stress, food, safety notes, daily impact, and care questions without PMS diagnosis, PMDD diagnosis, depression or anxiety diagnosis, treatment advice, or crisis-plan replacement|DataForSEO mood swings before period 590 US monthly searches LOW competition KD 55; mood before period 590 LOW KD 58; emotional before period 320 LOW KD 25; ACOG PMS; OWH PMS; Mayo Clinic PMS; 988 Lifeline; no diagnosis or treatment advice|/free/premenstrual-symptom-tracker;/resources/privacy-in-practice/protect-your-symptom-and-condition-data;/free/pmdd-tracking-kit;/resources/guides/pmdd-period-tracking-guide;/resources/symptom-guides/luteal-phase-symptoms;/app-guides/floriva-for-pmdd-tracking|consolidated-2026-07-06
Cycle mood privacy and communication tools|Period Anxiety Data Privacy Checklist|period-anxiety-data-privacy-checklist|privacy-in-practice|mofu|privacy-conscious-user;premenstrual-symptoms;mood-tracker;doctor-prep|period anxiety privacy|privacy checklist|Privacy checklist for period anxiety and mood notes, including app notes, paper notes, portal messages, screenshots, exports, backups, shared devices, and low-detail summaries without legal advice, medical advice, privacy guarantees, or crisis-plan replacement|DataForSEO period anxiety privacy and anxiety tracker privacy support intent checked; FTC mobile health apps tool; HHS health apps/HIPAA and HIPAA privacy rule; ACOG PMS; OWH PMS; 988 Lifeline; no legal advice or privacy guarantee|/free/premenstrual-symptom-tracker;/resources/privacy-in-practice/protect-your-symptom-and-condition-data;/free/pmdd-tracking-kit;/resources/guides/pmdd-period-tracking-guide;/app-guides/floriva-for-pmdd-tracking|consolidated-2026-07-31
Cycle mood privacy and communication tools|Before Period Mood Doctor Message Script|before-period-mood-doctor-message-script|lead-magnets|mofu|premenstrual-symptoms;mood-tracker;doctor-prep;privacy-conscious-user|mood before period doctor message|doctor message script|Low-detail doctor message script for mood before period questions with timing, impact, safety note wording, what to leave out, and clinician questions without diagnosis, treatment advice, medication advice, therapy plan, legal advice, or crisis-plan replacement|DataForSEO mood before period doctor message and PMS mood questions support intent checked; ACOG PMS; OWH PMS; 988 Lifeline; no diagnosis, treatment advice, or privacy guarantee|/free/premenstrual-symptom-tracker;/free/pmdd-tracking-kit;/resources/guides/pmdd-period-tracking-guide;/resources/privacy-in-practice/protect-your-symptom-and-condition-data;/app-guides/floriva-for-pmdd-tracking|consolidated-2026-07-06
Cycle mood privacy and communication tools|Cycle Mood Support Person Note|cycle-mood-support-person-note|lead-magnets|mofu|premenstrual-symptoms;mood-tracker;privacy-conscious-user;support-person|period mood support|support note|Short support-person note for cycle-linked mood days with timing, support asks, privacy limits, safety words, and boundaries without therapy advice, medical advice, legal advice, privacy guarantees, or crisis-plan replacement|DataForSEO period mood support and PMS support person support intent checked; ACOG PMS; OWH PMS; 988 Lifeline; no therapy plan, medical advice, legal advice, or privacy guarantee|/free/premenstrual-symptom-tracker;/free/pmdd-tracking-kit;/resources/guides/pmdd-period-tracking-guide;/resources/privacy-in-practice/protect-your-symptom-and-condition-data;/app-guides/floriva-for-pmdd-tracking|consolidated-2026-07-06
Thyroid period and lab support tools|Thyroid Period Change Notes|thyroid-period-change-notes|lead-magnets|tofu|cycle-change-tracker;doctor-prep;privacy-conscious-user|thyroid period changes|worksheet|Plain worksheet for period changes that may need a thyroid question, with dates, flow notes, body symptoms, lab-name prompts, and a visit script without diagnosis or lab interpretation|DataForSEO thyroid and periods KD 17; thyroid menstrual cycle KD 14; thyroid period changes 10 US searches LOW; OWH thyroid disease; NIDDK hypothyroidism; MedlinePlus thyroid tests; no diagnosis, lab interpretation, medication advice, fertility promise, or privacy guarantee|/free/thyroid-hormone-lab-organizer;/free/heavy-period-clot-tracker;/free/premenstrual-symptom-tracker;/resources/privacy-in-practice/your-medical-records-and-period-data;/resources/condition-guides/thyroid-period-connection;/free/reproductive-visit-prep-kit;/app-guides/floriva-for-gynecologist-prep|consolidated-2026-07-06
Thyroid period and lab support tools|Thyroid Irregular Period Question List|thyroid-irregular-period-question-list|lead-magnets|tofu|irregular-period-tracker;doctor-prep;privacy-conscious-user|can thyroid cause irregular periods|question list|Question list for irregular periods and thyroid concerns with timing notes, lab-name prompts, visit scripts, and privacy checks without naming the cause|DataForSEO can thyroid cause irregular periods KD 11; missed period thyroid KD 12; OWH thyroid disease; MedlinePlus TSH and T4 tests; no diagnosis, test interpretation, fertility prediction, or privacy guarantee|/free/thyroid-hormone-lab-organizer;/free/heavy-period-clot-tracker;/free/premenstrual-symptom-tracker;/resources/privacy-in-practice/your-medical-records-and-period-data;/resources/condition-guides/thyroid-period-connection;/free/reproductive-visit-prep-kit;/app-guides/floriva-for-gynecologist-prep|consolidated-2026-07-06
Thyroid period and lab support tools|Thyroid Heavy Period Visit Summary|thyroid-heavy-period-visit-summary|lead-magnets|tofu|heavy-period-tracker;doctor-prep;privacy-conscious-user|thyroid and heavy periods|visit summary|One-page visit summary for heavy periods when thyroid questions may fit, with flow notes, symptom prompts, test-name questions, and a visit script without diagnosis or lab interpretation|DataForSEO thyroid and heavy periods KD 9; heavy periods thyroid support intent; OWH thyroid disease; NIDDK hypothyroidism; ACOG heavy menstrual bleeding; MedlinePlus thyroid tests; no diagnosis, treatment advice, lab interpretation, or privacy guarantee|/free/thyroid-hormone-lab-organizer;/free/premenstrual-symptom-tracker;/resources/privacy-in-practice/your-medical-records-and-period-data;/resources/condition-guides/thyroid-period-connection;/free/heavy-period-clot-tracker;/free/reproductive-visit-prep-kit;/app-guides/floriva-for-gynecologist-prep|consolidated-2026-07-06
Iron and CBC heavy-period lab support tools|Heavy Period Iron Test Question List|heavy-period-iron-test-question-list|lead-magnets|mofu|heavy-bleeding-tracker;doctor-prep;privacy-conscious-user|iron deficiency heavy periods|question list|Question list for heavy periods, low energy, CBC, hemoglobin, blood iron, ferritin, and what to ask before a lab visit without reading results or giving supplement advice|DataForSEO anemia from heavy periods KD 11; ferritin levels women 2400 US searches LOW KD 20; NHLBI iron-deficiency anemia; CDC heavy menstrual bleeding; MedlinePlus doctor prep; no diagnosis, lab interpretation, iron dose, diet advice, or treatment advice|/free/thyroid-hormone-lab-organizer;/free/heavy-period-clot-tracker;/free/premenstrual-symptom-tracker;/resources/privacy-in-practice/your-medical-records-and-period-data;/resources/condition-guides/anemia-heavy-periods;/app-guides/floriva-for-gynecologist-prep|consolidated-2026-07-06
Iron and CBC heavy-period lab support tools|Ferritin Result Question Card|ferritin-result-question-card|lead-magnets|mofu|lab-results-tracker;doctor-prep;privacy-conscious-user|ferritin test results|question card|Small card for ferritin result questions, period context, portal notes, and what to ask before sharing lab details without interpreting the number or range|DataForSEO ferritin test results 140 US searches LOW KD 14; ferritin levels women 2400 LOW KD 20; NHLBI iron-deficiency anemia; MedlinePlus doctor prep; no lab interpretation, supplement advice, diet advice, or privacy guarantee|/free/heavy-period-clot-tracker;/free/premenstrual-symptom-tracker;/resources/privacy-in-practice/your-medical-records-and-period-data;/resources/condition-guides/anemia-heavy-periods;/app-guides/floriva-for-gynecologist-prep|consolidated-2026-07-06
Iron and CBC heavy-period lab support tools|CBC Heavy Period Question List|cbc-heavy-period-question-list|lead-magnets|mofu|heavy-bleeding-tracker;lab-results-tracker;doctor-prep|cbc blood test results|question list|CBC question list for heavy periods, hemoglobin, period notes, result follow-up, and what to ask a clinician without reading lab values|DataForSEO CBC blood test results 1300 US searches LOW KD 24; hemoglobin test results KD 21; NHLBI iron-deficiency anemia; CDC heavy menstrual bleeding; MedlinePlus doctor prep; no diagnosis, lab interpretation, supplement advice, or treatment advice|/free/heavy-period-clot-tracker;/free/thyroid-hormone-lab-organizer;/free/premenstrual-symptom-tracker;/resources/privacy-in-practice/your-medical-records-and-period-data;/resources/condition-guides/anemia-heavy-periods;/app-guides/floriva-for-gynecologist-prep|consolidated-2026-07-06
Thyroid and iron lab organization tools|Thyroid Lab Result Organizer|thyroid-lab-result-organizer|lead-magnets|tofu|doctor-prep;cycle-change-tracker;privacy-conscious-user|tsh test results|organizer|Thyroid lab result organizer for TSH, T4, dates, portal notes, cycle timing, fatigue notes, and visit questions without explaining lab values|DataForSEO TSH test results 480 US searches LOW KD 36; thyroid blood test results KD 66; MedlinePlus thyroid tests, TSH, and T4; no diagnosis, lab interpretation, medication advice, or privacy guarantee|/free/thyroid-hormone-lab-organizer;/free/heavy-period-clot-tracker;/free/premenstrual-symptom-tracker;/resources/privacy-in-practice/your-medical-records-and-period-data;/resources/condition-guides/thyroid-period-connection;/app-guides/floriva-for-gynecologist-prep|consolidated-2026-07-06
Thyroid and iron lab organization tools|Period Fatigue Bloodwork Visit Summary|period-fatigue-bloodwork-visit-summary|lead-magnets|mofu|doctor-prep;heavy-bleeding-tracker;privacy-conscious-user|period fatigue bloodwork|visit summary|Visit summary for period fatigue, heavy-flow notes, thyroid labs, iron questions, cycle timing, and bloodwork follow-up without deciding cause or tests|DataForSEO period fatigue and bloodwork support intent; anemia from heavy periods KD 11; hormone blood test results 40 US searches LOW KD 4; NHLBI iron-deficiency anemia; MedlinePlus thyroid tests; no diagnosis, test-order advice, lab interpretation, treatment advice, or privacy guarantee|/free/thyroid-hormone-lab-organizer;/free/heavy-period-clot-tracker;/resources/privacy-in-practice/your-medical-records-and-period-data;/resources/condition-guides/anemia-heavy-periods;/resources/condition-guides/thyroid-period-connection;/free/premenstrual-symptom-tracker;/app-guides/floriva-for-gynecologist-prep|consolidated-2026-07-06
Thyroid and iron lab privacy tools|Thyroid and Iron Lab Privacy Checklist|thyroid-iron-lab-privacy-checklist|privacy-in-practice|mofu|privacy-conscious-user;doctor-prep;portal-user|thyroid lab privacy|privacy checklist|Privacy checklist for thyroid and iron lab results, portal messages, file names, cycle notes, fatigue summaries, insurance records, and app exports without legal, medical, or privacy promises|DataForSEO lab privacy and thyroid/iron support intent; HHS HIPAA access rights; HHS HIPAA consumer rights; HHS privacy rule summary; FTC mobile health app best practices; no legal advice, medical advice, HIPAA overclaim, or privacy guarantee|/free/thyroid-hormone-lab-organizer;/free/premenstrual-symptom-tracker;/free/heavy-period-clot-tracker;/resources/privacy-in-practice/your-medical-records-and-period-data;/resources/condition-guides/thyroid-period-connection;/resources/condition-guides/anemia-heavy-periods;/app-guides/floriva-for-gynecologist-prep|consolidated-2026-07-31
Platform and calendar privacy spillover tools|Hide a Period App on iPhone|iphone-hide-period-app-privacy-checklist|privacy-in-practice|mofu|privacy-conscious;iphone-user|hide period app on iphone|privacy checklist|Checklist for hiding or locking a period app on iPhone while still checking notifications search Siri Apple Health backups files exports and old app accounts|DataForSEO hide app on iPhone 1600 US monthly LOW competition KD 16; Apple Support lock or hide apps; FTC mobile health app best practices; no privacy promise|/resources/privacy-in-practice/lock-down-period-data-on-your-phone;/resources/guides/period-tracker-data-minimization-guide;/free/delete-period-data-guide;/app-guides/floriva-anonymous-tracking-setup|consolidated-2026-07-31
Platform and calendar privacy spillover tools|Use Android Private Space for a Period App|android-private-space-period-app-checklist|privacy-in-practice|mofu|privacy-conscious;android-user|android private space period app|privacy checklist|Checklist for using Android Private Space with a period app while checking alerts Health Connect location files photos accounts backups and exports|DataForSEO Android private space 390 US monthly LOW competition KD 37 and hide apps on Android 9900 LOW KD 3; Google Android Help Private Space; FTC mobile health app best practices; no privacy promise|/resources/privacy-in-practice/lock-down-period-data-on-your-phone;/free/period-app-privacy-audit-kit;/app-guides/floriva-anonymous-tracking-setup|consolidated-2026-07-31
Platform and calendar privacy spillover tools|Use Samsung Secure Folder for a Period App|samsung-secure-folder-period-app-checklist|privacy-in-practice|mofu|privacy-conscious;android-user;samsung-user|samsung secure folder period app|privacy checklist|Checklist for using Samsung Secure Folder with a period app while checking auto-lock alerts Health Connect files photos accounts backups and company-held data|DataForSEO Samsung Secure Folder 8100 US monthly LOW competition KD 12; Samsung US Secure Folder support; FTC mobile health app best practices; no maximum-security claim and no privacy promise|/resources/privacy-in-practice/lock-down-period-data-on-your-phone;/free/delete-period-data-guide;/app-guides/floriva-anonymous-tracking-setup|consolidated-2026-07-31
Platform and calendar privacy spillover tools|Period Photo Hidden Album Privacy Checklist|period-photo-hidden-album-privacy-checklist|privacy-in-practice|mofu|privacy-conscious-user;photo-privacy;period-tracker-user|iphone hidden photos period privacy|privacy checklist|Checklist for period photos in the iPhone Hidden album plus backups shared albums messages old devices low-detail labels and short notes|DataForSEO iPhone hidden photos 6600 US monthly LOW competition KD 7; Apple Support Hidden album; FTC mobile health app best practices; no privacy promise|/resources/privacy-in-practice/lock-down-period-data-on-your-phone;/resources/privacy-in-practice/protect-your-symptom-and-condition-data;/resources/privacy-in-practice/your-medical-records-and-period-data;/resources/guides/period-tracker-data-minimization-guide;/free/period-app-privacy-audit-kit|consolidated-2026-07-31
Platform and calendar privacy spillover tools|Google Photos Locked Folder for Period Screenshots|google-photos-locked-folder-period-screenshots|privacy-in-practice|mofu|privacy-conscious-user;android-user;period-tracker-user|google photos locked folder period screenshots|privacy checklist|Checklist for period screenshots in Google Photos Locked Folder including backup setting messages downloads shared devices safer labels and cleanup choices|DataForSEO Google Photos Locked Folder 2900 US monthly LOW competition KD 9; Google Photos Locked Folder help; FTC mobile health app best practices; no privacy promise|/resources/privacy-in-practice/lock-down-period-data-on-your-phone;/resources/privacy-in-practice/protect-your-symptom-and-condition-data;/resources/privacy-in-practice/your-medical-records-and-period-data;/free/period-app-privacy-audit-kit|consolidated-2026-07-31
Platform and calendar privacy spillover tools|Google Calendar Period Privacy Checklist|google-calendar-period-privacy-checklist|privacy-in-practice|mofu|privacy-conscious-user;calendar-user;period-tracker-user|google calendar period privacy|privacy checklist|Checklist for period notes in Google Calendar including shared calendars event visibility task visibility alerts neutral labels and monthly cleanup|DataForSEO Google Calendar privacy 90 US monthly LOW competition KD 4; Google Calendar sharing and visibility help; FTC mobile health app best practices; no privacy promise|/resources/privacy-in-practice/lock-down-period-data-on-your-phone;/resources/privacy-in-practice/your-medical-records-and-period-data;/resources/guides/period-tracker-data-minimization-guide;/free/period-app-privacy-audit-kit|consolidated-2026-07-31
Workday period support tools|Period at Work Meeting Exit Plan|period-at-work-meeting-exit-plan|lead-magnets|tofu|workplace-period-planner;privacy-conscious-user;preparedness|period cramps during meeting|script planner|Low-detail meeting exit planner for period cramps heavy flow leaks nausea fatigue bathroom needs chat scripts backup steps and after-meeting notes without workplace legal advice or medical advice|DataForSEO period at work support intent; MedlinePlus menstruation symptoms; Mayo Clinic menstrual cramps see-care guidance; no workplace legal advice, medical advice, or privacy promise|/free/period-pain-cramp-diary;/free/period-leak-and-product-kit;/free/premenstrual-symptom-tracker;/resources/privacy-in-practice/lock-down-period-data-on-your-phone;/resources/guides/period-tracker-data-minimization-guide|consolidated-2026-07-06
Workday period support tools|Period Sick Day Message Template|period-sick-day-message-template|lead-magnets|tofu|workplace-period-planner;privacy-conscious-user;preparedness|period sick day message|message templates|Low-detail sick day templates for period pain heavy flow fatigue nausea and mood symptoms with coverage notes return messages privacy checks and pattern tracking without leave-rights claims|DataForSEO period sick day message support intent; MedlinePlus menstruation symptoms; Mayo Clinic menstrual cramps see-care guidance; no workplace legal advice, school legal advice, medical advice, or privacy promise|/free/premenstrual-symptom-tracker;/free/period-pain-cramp-diary;/free/period-away-from-home-kit;/free/pmdd-tracking-kit;/resources/privacy-in-practice/protect-your-symptom-and-condition-data;/app-guides/floriva-for-gynecologist-prep|consolidated-2026-07-06
Workday period support tools|Long Shift Period Break Plan|long-shift-period-break-plan|lead-magnets|tofu|workplace-period-planner;period-product-planner;privacy-conscious-user|period during long shift|planning sheet|Practical long-shift break planner for bathroom windows backup products reset kit low-detail break scripts leak reset notes after-shift tracking and privacy checks without workplace legal advice or product promises|DataForSEO period during long shift support intent; MedlinePlus menstruation symptoms; Mayo Clinic menstrual cramps see-care guidance; no workplace legal advice, product recommendation, medical advice, or privacy promise|/free/period-pain-cramp-diary;/free/period-leak-and-product-kit;/free/period-away-from-home-kit|consolidated-2026-07-06
School and field-trip period support tools|Period Uniform Backup Plan|period-uniform-backup-plan|lead-magnets|tofu|teen-user;athlete;student-cycle-tracker|period leak uniform|backup plan|Uniform and dress-code backup plan for spare layers kit locations plain help words leak notes symptom notes and privacy checks without school policy advice product promises or medical advice|DataForSEO uniform period support intent checked; MedlinePlus menstruation symptoms; Mayo Clinic menstrual cramps see-care guidance; no school policy advice, medical advice, product promise, or privacy promise|/free/period-away-from-home-kit;/free/period-leak-and-product-kit;/free/premenstrual-symptom-tracker;/resources/privacy-in-practice/period-tracking-privacy-for-teens-and-students|consolidated-2026-07-06
School and field-trip period support tools|Period During Exams School Plan|period-during-exams-school-plan|lead-magnets|tofu|teen-user;parent-helper;student-cycle-tracker|period during exam|school exam plan|School exam period plan for supplies bathroom timing plain help words cramps or leaks after-exam notes and privacy checks without school rule promises or medical advice|DataForSEO period during exam 10 US monthly LOW competition; MedlinePlus menstruation symptoms; Mayo Clinic menstrual cramps see-care guidance; CDC school hand hygiene; no school policy advice, medical advice, or privacy promise|/free/period-leak-and-product-kit;/free/period-pain-cramp-diary;/free/premenstrual-symptom-tracker;/free/first-period-starter-kit;/resources/privacy-in-practice/period-tracking-privacy-for-teens-and-students|consolidated-2026-07-06
School and field-trip period support tools|School Nurse Period Visit Card|school-nurse-period-visit-card|lead-magnets|tofu|teen-user;parent-helper;student-cycle-tracker|school nurse period cramps|visit card|School nurse period visit card for supplies cramps leak clothing help call-home needs symptom notes and privacy prompts without diagnosis treatment advice school policy advice or privacy promises|DataForSEO school nurse period support intent checked; MedlinePlus menstruation symptoms; Mayo Clinic menstrual cramps see-care guidance; CDC school hand hygiene; no diagnosis, treatment advice, school policy advice, or privacy promise|/free/period-leak-and-product-kit;/free/period-pain-cramp-diary;/free/premenstrual-symptom-tracker;/free/reproductive-visit-prep-kit;/resources/privacy-in-practice/period-tracking-privacy-for-teens-and-students|consolidated-2026-07-06
School and field-trip period support tools|Field Trip Period Pack Checklist|field-trip-period-pack-checklist|lead-magnets|tofu|teen-user;parent-helper;period-travel|period on field trip|packing checklist|Field trip period pack checklist for supplies bathroom stops bus and bag access plain help words leak plan symptom notes travel privacy and return-home notes without trip-rule promises|DataForSEO field-trip period support intent checked; MedlinePlus menstruation symptoms; Mayo Clinic menstrual cramps see-care guidance; CDC school hand hygiene; no school policy advice, medical advice, product promise, or privacy promise|/free/period-leak-and-product-kit;/free/period-away-from-home-kit;/resources/privacy-in-practice/who-can-legally-get-your-period-data|consolidated-2026-07-06
Travel and event period support tools|Period on Road Trip Planner|period-on-road-trip-planner|lead-magnets|tofu|period-travel;road-trip-planner;privacy-conscious|period on road trip|planner|Road trip period planner for reach-bag supplies bathroom stops car cleanup stop scripts symptom notes shared maps and privacy checks without medical advice or privacy promises|DataForSEO period on road trip 10 US monthly LOW competition; MedlinePlus menstruation symptoms; Mayo Clinic menstrual cramps see-care guidance; no medical advice, legal advice, product promise, or privacy promise|/free/period-away-from-home-kit;/free/period-leak-and-product-kit;/resources/privacy-in-practice/who-can-legally-get-your-period-data|consolidated-2026-07-06
Travel and event period support tools|Hotel Period Cleanup Checklist|hotel-period-cleanup-checklist|lead-magnets|tofu|period-travel;period-leak-cleanup;privacy-conscious|period leak hotel sheets|cleanup checklist|Hotel period cleanup checklist for sheets towels clothes cold water low-detail hotel scripts photo notes and what not to do without hotel policy claims or stain guarantees|DataForSEO hotel period cleanup support intent checked; American Cleaning Institute blood stain guidance; MedlinePlus menstruation symptoms; Mayo Clinic menstrual cramps see-care guidance; no hotel policy claim, stain guarantee, medical advice, or privacy promise|/free/period-leak-and-product-kit;/free/period-blood-stain-removal-guide;/free/period-away-from-home-kit;/resources/privacy-in-practice/who-can-legally-get-your-period-data|consolidated-2026-07-06
Travel and event period support tools|Period at Conference Kit|period-at-conference-kit|lead-magnets|tofu|conference-traveler;workplace-period-planner;privacy-conscious|period at conference|kit checklist|Conference period kit for long sessions bathrooms cramps leaks break scripts calendar labels booth days travel notes and end-of-day reset without workplace policy claims or medical advice|DataForSEO period at work 30 US monthly LOW competition and conference-period support intent checked; MedlinePlus menstruation symptoms; Mayo Clinic menstrual cramps see-care guidance; no workplace legal advice, event policy claim, medical advice, or privacy promise|/free/period-away-from-home-kit;/free/period-leak-and-product-kit;/free/period-pain-cramp-diary;/resources/privacy-in-practice/lock-down-period-data-on-your-phone|consolidated-2026-07-06
Care communication period support tools|Telehealth Period Visit Script|telehealth-period-visit-script|lead-magnets|tofu|telehealth-patient;doctor-prep;privacy-conscious-user|telehealth period appointment|visit script|Telehealth period visit script for short summaries symptom tables privacy questions upload choices closing prompts and after-visit notes without diagnosis medical advice or clinic-response promises|DataForSEO telehealth period appointment support intent checked; MedlinePlus menstruation symptoms; Mayo Clinic menstrual cramps see-care guidance; Telehealth.HHS.gov patient prep and data privacy guidance; no medical advice, legal advice, clinic-response promise, or privacy promise|/resources/privacy-in-practice/your-medical-records-and-period-data;/free/reproductive-visit-prep-kit;/free/personal-cycle-health-record;/free/period-pain-cramp-diary;/app-guides/floriva-for-gynecologist-prep|consolidated-2026-07-06
Care communication period support tools|Support Person Period Pain Note|support-person-period-pain-note|lead-magnets|tofu|period-pain;support-person;privacy-conscious-user|period pain support note|note template|Support-person note for period pain days with support asks privacy limits boundaries visit-prep prompts and shorter text without therapy plan treatment advice or privacy promise|DataForSEO period pain support intent checked; MedlinePlus menstruation symptoms; Mayo Clinic menstrual cramps see-care guidance; no therapy plan, treatment advice, medical advice, legal advice, or privacy promise|/free/period-pain-cramp-diary;/free/premenstrual-symptom-tracker;/free/pmdd-tracking-kit;/free/reproductive-visit-prep-kit;/resources/privacy-in-practice/your-medical-records-and-period-data|consolidated-2026-07-06
Care communication period support tools|Clinic Phone Call Period Script|clinic-phone-call-period-script|lead-magnets|tofu|doctor-prep;period-pain;cycle-change-tracker|call doctor about period symptoms|phone script|Clinic phone-call script for period pain bleeding cycle changes visit prep tracker sharing call notes and closing confirmation without triage decisions or medical advice|DataForSEO call doctor about period symptoms support intent checked; MedlinePlus menstruation symptoms; Mayo Clinic menstrual cramps see-care guidance; no diagnosis, triage decision, treatment advice, medical advice, legal advice, or privacy promise|/free/reproductive-visit-prep-kit;/free/personal-cycle-health-record;/free/period-pain-cramp-diary;/free/abnormal-bleeding-log;/resources/privacy-in-practice/your-medical-records-and-period-data|consolidated-2026-07-06
Free tools, templates, and self-checks|Abnormal and Breakthrough Bleeding Log|abnormal-bleeding-log|lead-magnets|tofu|health-tracker;doctor-prep;privacy-conscious|abnormal uterine bleeding|checklist guide|A complete bleeding diary covering spotting, light periods, bleeding after sex, breakthrough bleeding on birth control, and start-stop patterns, with visit prep and privacy notes.|consolidated survivor; sources retained in MDX frontmatter|/free/period-pain-cramp-diary;/free/heavy-period-clot-tracker;/resources/symptom-guides/spotting-vs-period;/resources/life-stage-guides/birth-control-period-changes;/resources/privacy-in-practice/protect-your-symptom-and-condition-data;/app-guides/floriva-for-gynecologist-prep|drafted-consolidation
Free tools, templates, and self-checks|Adenomyosis Tracking Kit|adenomyosis-tracking-kit|lead-magnets|tofu|suspected-adenomyosis;known-adenomyosis;doctor-prep|adenomyosis|checklist guide|A full adenomyosis tracking kit for belly pressure, bleeding and clots, pain flares, symptom checks, imaging visits, treatment questions, and telling adenomyosis apart from endometriosis or fibroids.|consolidated survivor; sources retained in MDX frontmatter|/free/endometriosis-tracking-kit;/free/fibroid-tracking-kit;/free/ovarian-cyst-tracking-kit;/resources/condition-guides/adenomyosis-period-tracking;/resources/condition-guides/uterine-pain-guide;/app-guides/floriva-for-gynecologist-prep|drafted-consolidation
Free tools, templates, and self-checks|Biopsy, Pap, and Mammogram Result Notes|biopsy-result-visit-notes|lead-magnets|tofu|doctor-prep;privacy-conscious-user;lab-result-organizer|abnormal pap smear results|checklist guide|A plain note kit for cervical and breast result types: abnormal Pap and HPV, colposcopy, cervical biopsy, mammogram, breast ultrasound, breast biopsy, breast lumps, and breast cysts. Copy exact words and bring clear questions.|consolidated survivor; sources retained in MDX frontmatter|/free/reproductive-visit-prep-kit;/free/thyroid-hormone-lab-organizer;/free/vaginal-discharge-odor-checklist;/resources/privacy-in-practice/your-medical-records-and-period-data;/app-guides/floriva-for-gynecologist-prep|drafted-consolidation
Free tools, templates, and self-checks|Birth Control Tracking Kit|birth-control-tracking-kit|lead-magnets|tofu|birth-control-user;pharmacy-user;doctor-prep;privacy-conscious-user|birth control tracker|checklist guide|A plain birth control tracking kit for pill packs, patch, ring, shot, missed doses, illness, medicine interactions, travel, switching, and privacy-light notes.|consolidated survivor; sources retained in MDX frontmatter|/free/emergency-contraception-log;/free/ovulation-fertility-awareness-kit;/free/cycle-length-calculator-kit;/free/late-missed-period-log;/resources/life-stage-guides/birth-control-period-changes;/app-guides/floriva-for-gynecologist-prep|drafted-consolidation
Free tools, templates, and self-checks|Cycle Length and Period Calculator Kit|cycle-length-calculator-kit|lead-magnets|tofu|cycle-tracking;calendar-planning;doctor-prep;privacy-conscious-user|cycle length calculator|checklist guide|A plain kit for counting cycle days, finding your cycle length range, estimating your next period date, and planning supplies without exact-date promises.|consolidated survivor; sources retained in MDX frontmatter|/free/late-missed-period-log;/free/ovulation-fertility-awareness-kit;/free/birth-control-tracking-kit;/resources/life-stage-guides/menstrual-cycle-phases-symptoms;/resources/guides/how-to-track-irregular-menstrual-cycle;/app-guides/floriva-for-gynecologist-prep|drafted-consolidation
Free tools, templates, and self-checks|Cycle Syncing Food and Workout Planner|cycle-syncing-food-workout-planner|lead-magnets|tofu|cycle-syncing-curious;active-cycle-tracker;performance-optimizer;doctor-prep|cycle syncing|checklist guide|A full cycle syncing planner: a four-phase reference for exercise and nutrition, a monthly planning grid, exercise and symptom logs, an exercise and weight change log for late periods, a food and cycle symptom diary, and a workout intensity planner.|consolidated survivor; sources retained in MDX frontmatter|/free/personal-cycle-health-record;/free/period-leak-and-product-kit;/resources/wellness-guides/cycle-syncing-complete-guide;/resources/privacy-in-practice/lock-down-period-data-on-your-phone;/resources/wellness-guides/exercise-by-cycle-phase|drafted-consolidation
Free tools, templates, and self-checks|Delete and Move Your Period Data Guide|delete-period-data-guide|lead-magnets|mofu|privacy-conscious;post-dobbs-worried;data-sensitive;switching-apps|data deletion|checklist guide|A full guide to exporting, deleting, and moving period app data: per-app steps for Flo, Clue, Natural Cycles, and Glow, request templates, a receipt tracker, data broker opt-out, and a digital will.|consolidated survivor; sources retained in MDX frontmatter|/free/period-app-privacy-audit-kit;/free/post-dobbs-digital-safety-kit-hub;/resources/privacy-in-practice/lock-down-period-data-on-your-phone;/resources/guides/delete-flo-account-keep-data;/resources/guides/does-flo-sell-your-data|drafted-consolidation
Free tools, templates, and self-checks|Emergency Contraception and Plan B Log|emergency-contraception-log|lead-magnets|tofu|cycle-change-tracker;pregnancy-question;doctor-prep;privacy-conscious-user|emergency contraception log|checklist guide|A plain log for emergency contraception timing, bleeding, symptoms, test context, pharmacist questions, and care questions after Plan B or ella.|consolidated survivor; sources retained in MDX frontmatter|/free/birth-control-tracking-kit;/free/late-missed-period-log;/free/cycle-length-calculator-kit;/resources/life-stage-guides/plan-b-period-timing;/resources/guides/period-tracker-data-minimization-guide;/app-guides/floriva-for-gynecologist-prep|drafted-consolidation
Free tools, templates, and self-checks|Endometriosis Tracking Kit|endometriosis-tracking-kit|lead-magnets|tofu|endometriosis-suspected;endometriosis-diagnosed;doctor-prep|endometriosis|checklist guide|A full endometriosis tracking kit for pain, bowel and bladder symptoms, diet triggers, laparoscopy recovery, pain relief trials, symptom checks, and ultrasound visits.|consolidated survivor; sources retained in MDX frontmatter|/free/adenomyosis-tracking-kit;/free/fibroid-tracking-kit;/free/ovarian-cyst-tracking-kit;/resources/guides/period-tracking-endometriosis;/resources/condition-guides/intense-period-pain-vs-endometriosis;/app-guides/floriva-for-gynecologist-prep|drafted-consolidation
Free tools, templates, and self-checks|Fibroid Tracking Kit|fibroid-tracking-kit|lead-magnets|tofu|fibroids-suspected;fibroids-diagnosed;specialist-prep|fibroids|checklist guide|A full fibroid tracking kit for bleeding and clots, pelvic pressure, bladder and bowel symptoms, ultrasound visits, treatment questions, and myomectomy recovery.|consolidated survivor; sources retained in MDX frontmatter|/free/adenomyosis-tracking-kit;/free/endometriosis-tracking-kit;/free/ovarian-cyst-tracking-kit;/resources/condition-guides/fibroids-symptoms-tracking;/resources/condition-guides/heavy-bleeding-fibroids-tracking;/app-guides/floriva-for-gynecologist-prep|drafted-consolidation
Free tools, templates, and self-checks|First Period Starter Kit|first-period-starter-kit|lead-magnets|tofu|teen-user;parent-helper;privacy-conscious|first period|checklist guide|A full first period starter kit: body sign notes, a school kit checklist, an emergency bag plan, a parent conversation script, a six-cycle tracking sheet, an app boundary script, and a teen tracker setup card.|consolidated survivor; sources retained in MDX frontmatter|/free/period-app-privacy-audit-kit;/free/period-leak-and-product-kit;/resources/life-stage-guides/teen-first-period-tracking;/resources/privacy-in-practice/period-tracking-privacy-for-teens-and-students;/resources/privacy-in-practice/lock-down-period-data-on-your-phone;/resources/life-stage-guides/menstrual-cycle-phases-symptoms|drafted-consolidation
Free tools, templates, and self-checks|Heavy Period and Clot Tracker|heavy-period-clot-tracker|lead-magnets|tofu|heavy-bleeding-tracker;doctor-prep;privacy-conscious|heavy period|checklist guide|A complete heavy period and clot tracker covering flow, product changes, clot size and texture, anemia symptoms, thyroid context, lab questions, photo privacy, and visit prep.|consolidated survivor; sources retained in MDX frontmatter|/free/period-pain-cramp-diary;/free/abnormal-bleeding-log;/resources/condition-guides/anemia-heavy-periods;/resources/symptom-guides/heavy-period-bleeding-causes;/resources/privacy-in-practice/your-medical-records-and-period-data;/app-guides/floriva-for-gynecologist-prep|drafted-consolidation
Free tools, templates, and self-checks|Late and Missed Period Log|late-missed-period-log|lead-magnets|tofu|cycle-change-tracker;pregnancy-question;doctor-prep;privacy-conscious-user|late period tracker|checklist guide|A plain log for a late or missed period, with illness, stress, and travel context, negative pregnancy test questions, and care prep.|consolidated survivor; sources retained in MDX frontmatter|/free/cycle-length-calculator-kit;/free/emergency-contraception-log;/free/perimenopause-symptom-tracker;/resources/condition-guides/why-is-my-period-late;/resources/guides/period-tracker-data-minimization-guide;/app-guides/floriva-for-gynecologist-prep|drafted-consolidation
Free tools, templates, and self-checks|Menstrual Migraine Log|menstrual-migraine-log|lead-magnets|tofu|menstrual-migraine-tracker;doctor-prep;privacy-conscious|menstrual migraine|checklist guide|A complete menstrual migraine log covering cycle timing, aura, medicine response, triggers, appointment prep, and perimenopause pattern changes.|consolidated survivor; sources retained in MDX frontmatter|/free/period-pain-cramp-diary;/free/heavy-period-clot-tracker;/free/abnormal-bleeding-log;/resources/symptom-guides/menstrual-migraine-tracking;/resources/privacy-in-practice/protect-your-symptom-and-condition-data;/app-guides/floriva-for-perimenopause|drafted-consolidation
Free tools, templates, and self-checks|Ovarian Cyst Tracking Kit|ovarian-cyst-tracking-kit|lead-magnets|tofu|pelvic-pain-tracker;ovarian-cyst-symptom-tracker;doctor-prep|ovarian cysts|checklist guide|A full ovarian cyst tracking kit for pain, period changes, rupture urgent care notes, symptom checks, ultrasound visits, treatment questions, and surgery recovery.|consolidated survivor; sources retained in MDX frontmatter|/free/adenomyosis-tracking-kit;/free/endometriosis-tracking-kit;/free/fibroid-tracking-kit;/resources/symptom-guides/ovulation-pain-vs-appendix;/resources/condition-guides/uterine-pain-guide;/app-guides/floriva-for-gynecologist-prep|drafted-consolidation
Free tools, templates, and self-checks|Ovulation and Fertility Awareness Kit|ovulation-fertility-awareness-kit|lead-magnets|tofu|bbt-tracker;fertility-awareness-learner;fam-practitioner;health-tracker|fertility awareness method|checklist guide|A plain kit for BBT charts, cervical mucus notes, LH test strips, ovulation symptoms, chart review, and moving a paper chart to an app.|consolidated survivor; sources retained in MDX frontmatter|/free/cycle-length-calculator-kit;/free/birth-control-tracking-kit;/free/late-missed-period-log;/app-guides/floriva-fertility-awareness-method-setup;/resources/privacy-in-practice/who-can-legally-get-your-period-data;/app-guides/floriva-for-gynecologist-prep|drafted-consolidation
Free tools, templates, and self-checks|PCOS Tracking Kit|pcos-tracking-kit|lead-magnets|tofu|suspected-pcos;pcos-diagnosed;specialist-prep|pcos|checklist guide|A full PCOS tracking kit for cycle and symptom logs, acne and hair changes, lab results, medicine and supplement changes, doctor visit prep, and meal planning.|consolidated survivor; sources retained in MDX frontmatter|/free/adenomyosis-tracking-kit;/free/endometriosis-tracking-kit;/free/fibroid-tracking-kit;/resources/condition-guides/pcos-period-irregularity-tracking;/resources/wellness-guides/pcos-diet-plan-for-periods;/app-guides/floriva-for-gynecologist-prep|drafted-consolidation
Free tools, templates, and self-checks|Period App Privacy Audit Kit|period-app-privacy-audit-kit|lead-magnets|tofu|privacy-conscious;post-dobbs-worried;data-sensitive|period app privacy|checklist guide|A full audit kit for period app privacy: a plain checklist, a privacy-policy worksheet, a data map, a calendar checklist, an employer wellness audit, a pharmacy checklist, and an app comparison matrix.|consolidated survivor; sources retained in MDX frontmatter|/free/delete-period-data-guide;/free/post-dobbs-digital-safety-kit-hub;/resources/privacy-in-practice/lock-down-period-data-on-your-phone;/resources/guides/does-flo-sell-your-data;/resources/guides/end-to-end-encryption-period-tracker|drafted-consolidation
Free tools, templates, and self-checks|College and Dorm Period Kit|period-at-college-dorm-kit|lead-magnets|tofu|college-student;shared-living;privacy-conscious|college period kit|checklist guide|A plain college and dorm period kit for packing, move-in, shared bathrooms, laundry, refills, roommate scripts, and private cycle notes.|consolidated survivor; sources retained in MDX frontmatter|/free/period-leak-and-product-kit;/resources/privacy-in-practice/who-can-legally-get-your-period-data;/app-guides/floriva-for-gynecologist-prep|drafted-consolidation
Free tools, templates, and self-checks|Period Away From Home: Travel, Events, and Work Kit|period-away-from-home-kit|lead-magnets|tofu|period-travel;prepared-planner;privacy-conscious|period away from home|checklist guide|A plain kit for periods away from home: beach, camp, conference, festival, dance, water park, work meetings, flights, dates, road trips, vacations, weddings, uniforms, running, sports, swimming, gym, hotels, field trips, and long shifts.|consolidated survivor; sources retained in MDX frontmatter|/free/period-leak-and-product-kit;/resources/privacy-in-practice/who-can-legally-get-your-period-data;/app-guides/floriva-for-gynecologist-prep|drafted-consolidation
Free tools, templates, and self-checks|Period Blood Stain Removal Guide|period-blood-stain-removal-guide|lead-magnets|tofu|period-leak-cleanup;privacy-conscious;prepared-planner|period blood stain removal|checklist guide|A complete period blood stain removal guide covering sheets, mattresses, clothes, fresh and dried stains, bleach safety, overnight leak patterns, and photo privacy.|consolidated survivor; sources retained in MDX frontmatter|/free/heavy-period-clot-tracker;/free/abnormal-bleeding-log;/resources/privacy-in-practice/lock-down-period-data-on-your-phone;/resources/privacy-in-practice/protect-your-symptom-and-condition-data;/app-guides/floriva-for-gynecologist-prep|drafted-consolidation
Free tools, templates, and self-checks|Period Leak and Product Kit|period-leak-and-product-kit|lead-magnets|tofu|period-product-notes;privacy-conscious;doctor-prep;student;working-cycle-tracker|period leaks|checklist guide|A full period leak and product kit: a universal leak log, product-specific notes for pads, tampons, cups, discs, and period underwear, school, work, overnight, and public bathroom plans, cleanup steps, a backup and refill planner, and an irritation log.|consolidated survivor; sources retained in MDX frontmatter|/free/period-app-privacy-audit-kit;/free/delete-period-data-guide;/resources/privacy-in-practice/lock-down-period-data-on-your-phone;/resources/guides/does-flo-sell-your-data;/resources/symptom-guides/heavy-period-bleeding-causes|drafted-consolidation
Free tools, templates, and self-checks|Period Pain and Cramp Diary|period-pain-cramp-diary|lead-magnets|tofu|period-pain-tracker;doctor-prep;privacy-conscious|period pain diary|checklist guide|A complete no-diagnosis diary for period pain and cramps, covering location, timing, work and school impact, medicine notes, sleep, position, and specific spots like back, hip, leg, bladder, bowel, and rectal pain.|consolidated survivor; sources retained in MDX frontmatter|/free/menstrual-migraine-log;/free/heavy-period-clot-tracker;/free/abnormal-bleeding-log;/resources/condition-guides/intense-period-pain-vs-endometriosis;/resources/symptom-guides/cramps-before-period;/app-guides/floriva-for-gynecologist-prep|drafted-consolidation
Free tools, templates, and self-checks|Period Sleep and Insomnia Log|period-sleep-log|lead-magnets|tofu|premenstrual-symptoms;sleep-tracker;perimenopause;doctor-prep;privacy-conscious-user|period sleep|checklist guide|A plain sleep and insomnia log for period timing, wake-ups, hot flashes, night sweats, perimenopause context, daytime impact, and visit prep.|consolidated survivor; sources retained in MDX frontmatter|/free/premenstrual-symptom-tracker;/free/pmdd-tracking-kit;/resources/symptom-guides/cycle-fatigue-tracking;/resources/guides/does-flo-sell-your-data;/app-guides/floriva-for-gynecologist-prep;/resources/privacy-in-practice/protect-your-symptom-and-condition-data|drafted-consolidation
Free tools, templates, and self-checks|Personal Cycle Health Record|personal-cycle-health-record|lead-magnets|tofu|cycle-change-tracker;privacy-conscious-user;doctor-prep|personal health record|checklist guide|A full personal cycle health record: a quick record card, cycle date history, a daily symptom tracker, medicines and allergies, tests and care contacts, and one-page visit summaries.|consolidated survivor; sources retained in MDX frontmatter|/free/period-app-privacy-audit-kit;/free/cycle-syncing-food-workout-planner;/resources/privacy-in-practice/your-medical-records-and-period-data;/resources/guides/does-flo-sell-your-data;/resources/privacy-in-practice/lock-down-period-data-on-your-phone;/resources/guides/end-to-end-encryption-period-tracker|drafted-consolidation
Free tools, templates, and self-checks|PMDD Tracking Kit|pmdd-tracking-kit|lead-magnets|bofu|pms-pmdd-tracker;specialist-prep;health-tracker;privacy-conscious-user|pmdd|checklist guide|A complete PMDD tracking kit with a two-cycle daily log, DRSP-style ratings, appointment prep, safety plan, treatment response tracker, and work and relationship scripts.|consolidated survivor; sources retained in MDX frontmatter|/free/premenstrual-symptom-tracker;/free/period-sleep-log;/resources/guides/does-flo-sell-your-data;/resources/symptom-guides/cycle-fatigue-tracking;/app-guides/floriva-for-gynecologist-prep;/resources/privacy-in-practice/protect-your-symptom-and-condition-data|drafted-consolidation
Free tools, templates, and self-checks|Post-Dobbs Digital Safety and State Risk Kit|post-dobbs-digital-safety-kit-hub|lead-magnets|tofu|privacy-conscious;post-dobbs-worried;data-sensitive|post-dobbs privacy|checklist guide|A full post-Dobbs digital safety kit: a browser, messaging, period app, location, and financial checklist, a state-by-state risk framework, Florida, Georgia, Texas, and Louisiana profiles, and a subpoena first-hour checklist.|n/a|/free/period-app-privacy-audit-kit;/free/delete-period-data-guide;/resources/privacy-in-practice/lock-down-period-data-on-your-phone;/resources/guides/can-police-access-period-tracker-data;/resources/guides/does-flo-sell-your-data|drafted-consolidation
Free tools, templates, and self-checks|Premenstrual Symptom Tracker|premenstrual-symptom-tracker|lead-magnets|tofu|premenstrual-symptoms;cycle-symptom-tracker;doctor-prep;privacy-conscious-user|premenstrual symptoms|checklist guide|One plain tracker for premenstrual symptoms: mood, energy and sleep, digestive, and physical. Log timing, daily impact, and visit questions in compact tables.|consolidated survivor; sources retained in MDX frontmatter|/free/pmdd-tracking-kit;/free/period-sleep-log;/resources/symptom-guides/breast-pain-after-period;/resources/guides/does-flo-sell-your-data;/app-guides/floriva-for-gynecologist-prep;/resources/privacy-in-practice/protect-your-symptom-and-condition-data|drafted-consolidation
Free tools, templates, and self-checks|Period Tracker Privacy Guide|privacy-guide|lead-magnets|tofu|privacy-conscious;post-dobbs-worried;data-sensitive|privacy|checklist guide|A practical guide to evaluating period tracker privacy claims, spotting cloud-data risks, and choosing apps that keep reproductive data off company servers.|n/a|/resources/guides/does-flo-sell-your-data;/compare/alternatives/flo-app-alternative;/period-tracker-privacy/reproductive-data-privacy-laws-california;/resources/guides/period-tracking-legal-safety-guide|drafted-consolidation
Free tools, templates, and self-checks|Reproductive Health Visit Prep Kit|reproductive-visit-prep-kit|lead-magnets|tofu|doctor-prep;privacy-conscious-user;cycle-change-tracker|doctor appointment notes|checklist guide|A plain visit prep kit for reproductive health appointments, organized by visit type: general doctor visits, phone and telehealth calls, teen and first period visits, IUD checks, perimenopause, focus and mood, medicine questions, and insurance paper trails.|consolidated survivor; sources retained in MDX frontmatter|/free/biopsy-result-visit-notes;/free/thyroid-hormone-lab-organizer;/free/vaginal-discharge-odor-checklist;/resources/guides/period-tracker-data-minimization-guide;/resources/privacy-in-practice/your-medical-records-and-period-data;/app-guides/floriva-for-gynecologist-prep|drafted-consolidation
Free tools, templates, and self-checks|Thyroid and Hormone Lab Organizer|thyroid-hormone-lab-organizer|lead-magnets|tofu|doctor-prep;cycle-change-tracker;privacy-conscious-user|thyroid labs|checklist guide|A plain lab and symptom organizer for thyroid tests, ferritin, and hormone therapy discussions, plus a monthly log for sleep, energy, and mood by cycle phase.|consolidated survivor; sources retained in MDX frontmatter|/free/reproductive-visit-prep-kit;/free/biopsy-result-visit-notes;/free/vaginal-discharge-odor-checklist;/resources/privacy-in-practice/your-medical-records-and-period-data;/app-guides/floriva-for-gynecologist-prep|drafted-consolidation
Free tools, templates, and self-checks|UTI and Urinary Symptom Tracker|uti-urinary-symptom-tracker|lead-magnets|tofu|symptom-tracker;doctor-prep;privacy-conscious|uti|checklist guide|A no-diagnosis UTI and urinary symptom tracker for burning, urgency, frequency, cycle timing, sex timing, recurrent episodes, and visit prep.|consolidated survivor; sources retained in MDX frontmatter|/free/premenstrual-symptom-tracker;/free/period-sleep-log;/resources/symptom-guides/discharge-after-period;/resources/guides/does-flo-sell-your-data;/app-guides/floriva-for-gynecologist-prep;/resources/privacy-in-practice/protect-your-symptom-and-condition-data|drafted-consolidation
Free tools, templates, and self-checks|Vaginal Discharge and Odor Checklist|vaginal-discharge-odor-checklist|lead-magnets|tofu|health-tracker;privacy-conscious;specialist-prep|vaginal discharge|checklist guide|A no-diagnosis checklist for vaginal discharge and odor by situation: before a period, after a period, brown discharge after sex, BV symptoms, yeast-like symptoms, UTI vs. yeast, cervical mucus tracking, and nipple discharge notes.|consolidated survivor; sources retained in MDX frontmatter|/free/reproductive-visit-prep-kit;/free/biopsy-result-visit-notes;/free/thyroid-hormone-lab-organizer;/resources/privacy-in-practice/protect-your-symptom-and-condition-data;/app-guides/floriva-for-gynecologist-prep|drafted-consolidation
Free tools, templates, and self-checks|Vulvar Symptom Log|vulvar-symptom-log|lead-magnets|tofu|symptom-tracker;doctor-prep;privacy-conscious|vulvar symptoms|checklist guide|A complete no-diagnosis log for vulvar itching, burning, swelling, rash, and skin changes, with product exposure notes, photo privacy tips, and visit questions.|consolidated survivor; sources retained in MDX frontmatter|/free/period-pain-cramp-diary;/free/abnormal-bleeding-log;/resources/condition-guides/vaginal-pain-during-period;/resources/privacy-in-practice/protect-your-symptom-and-condition-data;/resources/guides/period-tracker-data-minimization-guide;/app-guides/floriva-for-gynecologist-prep|drafted-consolidation
Practical privacy and legal safety|Lock Down Period Data on Your Phone|lock-down-period-data-on-your-phone|privacy-in-practice|mofu|privacy-conscious;iphone-user;android-user|lock down period data on your phone|procedure|One checklist for iPhone and Android. Find every copy of your cycle data, cut app permissions, hide alerts, and fix backups and shared accounts.|consolidated survivor; sources retained in MDX frontmatter|/resources/privacy-in-practice/who-can-legally-get-your-period-data;/resources/privacy-in-practice/protect-your-symptom-and-condition-data;/resources/privacy-in-practice/period-tracker-data-portability-export;/resources/privacy-in-practice/reset-ad-id-after-period-apps;/resources/privacy-in-practice/partner-access-period-tracker-data|drafted-consolidation
Practical privacy and legal safety|Who Can Legally Get Your Period Data|who-can-legally-get-your-period-data|privacy-in-practice|mofu|privacy-conscious-user;post-roe-tracker|who can legally get your period data|procedure|Police, courts, ex-partners, employers, insurers, data brokers, and border agents. What each one can actually reach, and what stops them.|consolidated survivor; sources retained in MDX frontmatter|/resources/privacy-in-practice/lock-down-period-data-on-your-phone;/resources/privacy-in-practice/your-medical-records-and-period-data;/resources/privacy-in-practice/period-tracker-immigration-risk;/resources/privacy-in-practice/partner-access-period-tracker-data;/resources/privacy-in-practice/period-tracker-data-portability-export|drafted-consolidation
Practical privacy and legal safety|Your Medical Records and Period Data|your-medical-records-and-period-data|privacy-in-practice|mofu|privacy-conscious-user;doctor-prep|your medical records and period data|procedure|Patient portals, proxy access, EOBs, lab and imaging results, and telehealth. Where your cycle data ends up in a medical record, and who else can see it.|consolidated survivor; sources retained in MDX frontmatter|/resources/privacy-in-practice/who-can-legally-get-your-period-data;/resources/privacy-in-practice/protect-your-symptom-and-condition-data;/resources/privacy-in-practice/period-tracking-privacy-for-teens-and-students;/resources/privacy-in-practice/period-tracker-data-portability-export;/resources/privacy-in-practice/lock-down-period-data-on-your-phone|drafted-consolidation
Practical privacy and legal safety|Period Tracking Privacy for Teens and Students|period-tracking-privacy-for-teens-and-students|privacy-in-practice|mofu|teen;parent;college-student|period tracking privacy for teens and students|procedure|School devices, campus life, family accounts, and first-period tracking. What schools can actually see, what parents can check without snooping, and how to set an app up safely.|consolidated survivor; sources retained in MDX frontmatter|/resources/privacy-in-practice/lock-down-period-data-on-your-phone;/resources/privacy-in-practice/your-medical-records-and-period-data;/resources/privacy-in-practice/protect-your-symptom-and-condition-data;/resources/privacy-in-practice/reset-ad-id-after-period-apps;/resources/privacy-in-practice/partner-access-period-tracker-data|drafted-consolidation
Practical privacy and legal safety|Protect Your Symptom and Condition Data|protect-your-symptom-and-condition-data|privacy-in-practice|mofu|privacy-conscious-user;chronic-condition-tracker;doctor-prep|protect your symptom and condition data|procedure|PCOS, PMDD, endometriosis, fibroids, migraine, UTIs, and more. What each condition adds to your logs, and how to keep the pattern without keeping every detail.|consolidated survivor; sources retained in MDX frontmatter|/resources/privacy-in-practice/your-medical-records-and-period-data;/resources/privacy-in-practice/lock-down-period-data-on-your-phone;/resources/privacy-in-practice/who-can-legally-get-your-period-data;/resources/privacy-in-practice/period-tracker-data-portability-export;/resources/privacy-in-practice/partner-access-period-tracker-data|drafted-consolidation
